valid_time,number,latitude,longitude,expver,tp_mm
2012-06-01 00:00:00,0,14.5,121.0,0001,0.0104904175
2012-06-01 03:00:00,0,14.5,121.0,0001,0.14162064
2012-06-01 06:00:00,0,14.5,121.0,0001,0.5750656
2012-06-01 09:00:00,0,14.5,121.0,0001,0.19741058
2012-06-01 12:00:00,0,14.5,121.0,0001,0.9088516
2012-06-01 15:00:00,0,14.5,121.0,0001,0.33950806
2012-06-01 18:00:00,0,14.5,121.0,0001,0.11730194
2012-06-01 21:00:00,0,14.5,121.0,0001,3.0164719
2012-06-02 00:00:00,0,14.5,121.0,0001,2.2740364
2012-06-02 03:00:00,0,14.5,121.0,0001,0.89359283
2012-06-02 06:00:00,0,14.5,121.0,0001,1.1663437
2012-06-02 09:00:00,0,14.5,121.0,0001,0.47588348
2012-06-02 12:00:00,0,14.5,121.0,0001,0.86307526
2012-06-02 15:00:00,0,14.5,121.0,0001,0.73480606
2012-06-02 18:00:00,0,14.5,121.0,0001,0.26226044
2012-06-02 21:00:00,0,14.5,121.0,0001,0.77581406
2012-06-03 00:00:00,0,14.5,121.0,0001,0.53310394
2012-06-03 03:00:00,0,14.5,121.0,0001,0.2937317
2012-06-03 06:00:00,0,14.5,121.0,0001,1.4514923
2012-06-03 09:00:00,0,14.5,121.0,0001,0.11110306
2012-06-03 12:00:00,0,14.5,121.0,0001,0.060081482
2012-06-03 15:00:00,0,14.5,121.0,0001,0.060081482
2012-06-03 18:00:00,0,14.5,121.0,0001,0.17547607
2012-06-03 21:00:00,0,14.5,121.0,0001,0.096321106
2012-06-04 00:00:00,0,14.5,121.0,0001,0.15926361
2012-06-04 03:00:00,0,14.5,121.0,0001,0.6542206
2012-06-04 06:00:00,0,14.5,121.0,0001,0.20599365
2012-06-04 09:00:00,0,14.5,121.0,0001,0.11301041
2012-06-04 12:00:00,0,14.5,121.0,0001,0.098228455
2012-06-04 15:00:00,0,14.5,121.0,0001,0.044822693
2012-06-04 18:00:00,0,14.5,121.0,0001,0.22888184
2012-06-04 21:00:00,0,14.5,121.0,0001,0.052452087
2012-06-05 00:00:00,0,14.5,121.0,0001,0.07247925
2012-06-05 03:00:00,0,14.5,121.0,0001,0.61655045
2012-06-05 06:00:00,0,14.5,121.0,0001,0.1707077
2012-06-05 09:00:00,0,14.5,121.0,0001,0.02336502
2012-06-05 12:00:00,0,14.5,121.0,0001,0.016212463
2012-06-05 15:00:00,0,14.5,121.0,0001,0.0076293945
2012-06-05 18:00:00,0,14.5,121.0,0001,0.0052452087
2012-06-05 21:00:00,0,14.5,121.0,0001,0.6170273
2012-06-06 00:00:00,0,14.5,121.0,0001,0.124931335
2012-06-06 03:00:00,0,14.5,121.0,0001,0.18119812
2012-06-06 06:00:00,0,14.5,121.0,0001,0.22506714
2012-06-06 09:00:00,0,14.5,121.0,0001,0.044822693
2012-06-06 12:00:00,0,14.5,121.0,0001,0.008583069
2012-06-06 15:00:00,0,14.5,121.0,0001,0.124931335
2012-06-06 18:00:00,0,14.5,121.0,0001,0.29563904
2012-06-06 21:00:00,0,14.5,121.0,0001,0.11873245
2012-06-07 00:00:00,0,14.5,121.0,0001,0.05722046
2012-06-07 03:00:00,0,14.5,121.0,0001,0.27561188
2012-06-07 06:00:00,0,14.5,121.0,0001,0.7429123
2012-06-07 09:00:00,0,14.5,121.0,0001,0.7557869
2012-06-07 12:00:00,0,14.5,121.0,0001,0.1282692
2012-06-07 15:00:00,0,14.5,121.0,0001,0.22315979
2012-06-07 18:00:00,0,14.5,121.0,0001,0.036239624
2012-06-07 21:00:00,0,14.5,121.0,0001,0.41103363
2012-06-08 00:00:00,0,14.5,121.0,0001,1.1072159
2012-06-08 03:00:00,0,14.5,121.0,0001,0.09250641
2012-06-08 06:00:00,0,14.5,121.0,0001,0.18167496
2012-06-08 09:00:00,0,14.5,121.0,0001,0.22506714
2012-06-08 12:00:00,0,14.5,121.0,0001,0.15449524
2012-06-08 15:00:00,0,14.5,121.0,0001,0.0104904175
2012-06-08 18:00:00,0,14.5,121.0,0001,0.022888184
2012-06-08 21:00:00,0,14.5,121.0,0001,0.00667572
2012-06-09 00:00:00,0,14.5,121.0,0001,0.0038146973
2012-06-09 03:00:00,0,14.5,121.0,0001,0.04863739
2012-06-09 06:00:00,0,14.5,121.0,0001,0.002861023
2012-06-09 09:00:00,0,14.5,121.0,0001,0.0009536743
2012-06-09 12:00:00,0,14.5,121.0,0001,0.0
2012-06-09 15:00:00,0,14.5,121.0,0001,0.0009536743
2012-06-09 18:00:00,0,14.5,121.0,0001,0.013828278
2012-06-09 21:00:00,0,14.5,121.0,0001,0.016212463
2012-06-10 00:00:00,0,14.5,121.0,0001,0.05674362
2012-06-10 03:00:00,0,14.5,121.0,0001,0.045776367
2012-06-10 06:00:00,0,14.5,121.0,0001,0.36621094
2012-06-10 09:00:00,0,14.5,121.0,0001,0.6132126
2012-06-10 12:00:00,0,14.5,121.0,0001,0.054836273
2012-06-10 15:00:00,0,14.5,121.0,0001,0.081539154
2012-06-10 18:00:00,0,14.5,121.0,0001,0.047683716
2012-06-10 21:00:00,0,14.5,121.0,0001,0.12636185
2012-06-11 00:00:00,0,14.5,121.0,0001,0.0743866
2012-06-11 03:00:00,0,14.5,121.0,0001,0.09441376
2012-06-11 06:00:00,0,14.5,121.0,0001,0.26798248
2012-06-11 09:00:00,0,14.5,121.0,0001,0.31089783
2012-06-11 12:00:00,0,14.5,121.0,0001,0.13542175
2012-06-11 15:00:00,0,14.5,121.0,0001,0.1502037
2012-06-11 18:00:00,0,14.5,121.0,0001,0.11253357
2012-06-11 21:00:00,0,14.5,121.0,0001,0.13256073
2012-06-12 00:00:00,0,14.5,121.0,0001,0.12874603
2012-06-12 03:00:00,0,14.5,121.0,0001,0.2527237
2012-06-12 06:00:00,0,14.5,121.0,0001,0.118255615
2012-06-12 09:00:00,0,14.5,121.0,0001,0.12874603
2012-06-12 12:00:00,0,14.5,121.0,0001,0.102996826
2012-06-12 15:00:00,0,14.5,121.0,0001,0.37765503
2012-06-12 18:00:00,0,14.5,121.0,0001,0.11348724
2012-06-12 21:00:00,0,14.5,121.0,0001,0.09059906
2012-06-13 00:00:00,0,14.5,121.0,0001,0.17404556
2012-06-13 03:00:00,0,14.5,121.0,0001,0.3619194
2012-06-13 06:00:00,0,14.5,121.0,0001,0.54454803
2012-06-13 09:00:00,0,14.5,121.0,0001,0.08106232
2012-06-13 12:00:00,0,14.5,121.0,0001,0.06532669
2012-06-13 15:00:00,0,14.5,121.0,0001,0.98371506
2012-06-13 18:00:00,0,14.5,121.0,0001,0.076293945
2012-06-13 21:00:00,0,14.5,121.0,0001,0.30899048
2012-06-14 00:00:00,0,14.5,121.0,0001,0.09536743
2012-06-14 03:00:00,0,14.5,121.0,0001,0.3566742
2012-06-14 06:00:00,0,14.5,121.0,0001,1.1744499
2012-06-14 09:00:00,0,14.5,121.0,0001,1.2025833
2012-06-14 12:00:00,0,14.5,121.0,0001,0.16021729
2012-06-14 15:00:00,0,14.5,121.0,0001,0.5636215
2012-06-14 18:00:00,0,14.5,121.0,0001,0.07867813
2012-06-14 21:00:00,0,14.5,121.0,0001,0.058174133
2012-06-15 00:00:00,0,14.5,121.0,0001,0.9021759
2012-06-15 03:00:00,0,14.5,121.0,0001,0.24032593
2012-06-15 06:00:00,0,14.5,121.0,0001,1.3318062
2012-06-15 09:00:00,0,14.5,121.0,0001,0.80251694
2012-06-15 12:00:00,0,14.5,121.0,0001,0.15640259
2012-06-15 15:00:00,0,14.5,121.0,0001,0.28038025
2012-06-15 18:00:00,0,14.5,121.0,0001,0.5273819
2012-06-15 21:00:00,0,14.5,121.0,0001,1.7604828
2012-06-16 00:00:00,0,14.5,121.0,0001,0.18787384
2012-06-16 03:00:00,0,14.5,121.0,0001,0.027179718
2012-06-16 06:00:00,0,14.5,121.0,0001,0.644207
2012-06-16 09:00:00,0,14.5,121.0,0001,0.11253357
2012-06-16 12:00:00,0,14.5,121.0,0001,0.1487732
2012-06-16 15:00:00,0,14.5,121.0,0001,0.17738342
2012-06-16 18:00:00,0,14.5,121.0,0001,1.2512207
2012-06-16 21:00:00,0,14.5,121.0,0001,0.18978119
2012-06-17 00:00:00,0,14.5,121.0,0001,1.3451576
2012-06-17 03:00:00,0,14.5,121.0,0001,1.5845299
2012-06-17 06:00:00,0,14.5,121.0,0001,3.4618378
2012-06-17 09:00:00,0,14.5,121.0,0001,1.865387
2012-06-17 12:00:00,0,14.5,121.0,0001,0.23078918
2012-06-17 15:00:00,0,14.5,121.0,0001,0.15115738
2012-06-17 18:00:00,0,14.5,121.0,0001,0.2837181
2012-06-17 21:00:00,0,14.5,121.0,0001,0.5302429
2012-06-18 00:00:00,0,14.5,121.0,0001,0.2541542
2012-06-18 03:00:00,0,14.5,121.0,0001,0.1335144
2012-06-18 06:00:00,0,14.5,121.0,0001,0.6303787
2012-06-18 09:00:00,0,14.5,121.0,0001,0.02670288
2012-06-18 12:00:00,0,14.5,121.0,0001,0.074863434
2012-06-18 15:00:00,0,14.5,121.0,0001,0.082969666
2012-06-18 18:00:00,0,14.5,121.0,0001,0.027656555
2012-06-18 21:00:00,0,14.5,121.0,0001,0.014305115
2012-06-19 00:00:00,0,14.5,121.0,0001,0.082969666
2012-06-19 03:00:00,0,14.5,121.0,0001,0.054836273
2012-06-19 06:00:00,0,14.5,121.0,0001,0.0014305115
2012-06-19 09:00:00,0,14.5,121.0,0001,0.0052452087
2012-06-19 12:00:00,0,14.5,121.0,0001,0.019073486
2012-06-19 15:00:00,0,14.5,121.0,0001,0.029087067
2012-06-19 18:00:00,0,14.5,121.0,0001,0.074863434
2012-06-19 21:00:00,0,14.5,121.0,0001,0.04720688
2012-06-20 00:00:00,0,14.5,121.0,0001,0.024318695
2012-06-20 03:00:00,0,14.5,121.0,0001,0.15544891
2012-06-20 06:00:00,0,14.5,121.0,0001,1.7490387
2012-06-20 09:00:00,0,14.5,121.0,0001,0.022888184
2012-06-20 12:00:00,0,14.5,121.0,0001,0.009536743
2012-06-20 15:00:00,0,14.5,121.0,0001,0.05722046
2012-06-20 18:00:00,0,14.5,121.0,0001,0.0076293945
2012-06-20 21:00:00,0,14.5,121.0,0001,0.04339218
2012-06-21 00:00:00,0,14.5,121.0,0001,0.29277802
2012-06-21 03:00:00,0,14.5,121.0,0001,0.18262863
2012-06-21 06:00:00,0,14.5,121.0,0001,0.081539154
2012-06-21 09:00:00,0,14.5,121.0,0001,0.002861023
2012-06-21 12:00:00,0,14.5,121.0,0001,0.09536743
2012-06-21 15:00:00,0,14.5,121.0,0001,0.49114227
2012-06-21 18:00:00,0,14.5,121.0,0001,0.012397766
2012-06-21 21:00:00,0,14.5,121.0,0001,0.006198883
2012-06-22 00:00:00,0,14.5,121.0,0001,0.05340576
2012-06-22 03:00:00,0,14.5,121.0,0001,0.1373291
2012-06-22 06:00:00,0,14.5,121.0,0001,0.021457672
2012-06-22 09:00:00,0,14.5,121.0,0001,0.005722046
2012-06-22 12:00:00,0,14.5,121.0,0001,0.0009536743
2012-06-22 15:00:00,0,14.5,121.0,0001,0.53596497
2012-06-22 18:00:00,0,14.5,121.0,0001,0.002861023
2012-06-22 21:00:00,0,14.5,121.0,0001,0.012874603
2012-06-23 00:00:00,0,14.5,121.0,0001,0.019073486
2012-06-23 03:00:00,0,14.5,121.0,0001,0.044345856
2012-06-23 06:00:00,0,14.5,121.0,0001,0.0014305115
2012-06-23 09:00:00,0,14.5,121.0,0001,0.0047683716
2012-06-23 12:00:00,0,14.5,121.0,0001,0.0
2012-06-23 15:00:00,0,14.5,121.0,0001,0.0
2012-06-23 18:00:00,0,14.5,121.0,0001,0.0
2012-06-23 21:00:00,0,14.5,121.0,0001,0.0
2012-06-24 00:00:00,0,14.5,121.0,0001,0.02002716
2012-06-24 03:00:00,0,14.5,121.0,0001,0.13637543
2012-06-24 06:00:00,0,14.5,121.0,0001,5.7206154
2012-06-24 09:00:00,0,14.5,121.0,0001,0.20599365
2012-06-24 12:00:00,0,14.5,121.0,0001,0.0038146973
2012-06-24 15:00:00,0,14.5,121.0,0001,0.0667572
2012-06-24 18:00:00,0,14.5,121.0,0001,0.042438507
2012-06-24 21:00:00,0,14.5,121.0,0001,0.02002716
2012-06-25 00:00:00,0,14.5,121.0,0001,0.06818771
2012-06-25 03:00:00,0,14.5,121.0,0001,0.16498566
2012-06-25 06:00:00,0,14.5,121.0,0001,0.10967255
2012-06-25 09:00:00,0,14.5,121.0,0001,0.1039505
2012-06-25 12:00:00,0,14.5,121.0,0001,0.046253204
2012-06-25 15:00:00,0,14.5,121.0,0001,0.6365776
2012-06-25 18:00:00,0,14.5,121.0,0001,0.024795532
2012-06-25 21:00:00,0,14.5,121.0,0001,0.045776367
2012-06-26 00:00:00,0,14.5,121.0,0001,0.3786087
2012-06-26 03:00:00,0,14.5,121.0,0001,0.076293945
2012-06-26 06:00:00,0,14.5,121.0,0001,0.0014305115
2012-06-26 09:00:00,0,14.5,121.0,0001,0.24318695
2012-06-26 12:00:00,0,14.5,121.0,0001,0.22745132
2012-06-26 15:00:00,0,14.5,121.0,0001,0.3299713
2012-06-26 18:00:00,0,14.5,121.0,0001,0.046253204
2012-06-26 21:00:00,0,14.5,121.0,0001,0.01859665
2012-06-27 00:00:00,0,14.5,121.0,0001,0.20265579
2012-06-27 03:00:00,0,14.5,121.0,0001,0.06866455
2012-06-27 06:00:00,0,14.5,121.0,0001,0.21457672
2012-06-27 09:00:00,0,14.5,121.0,0001,0.248909
2012-06-27 12:00:00,0,14.5,121.0,0001,1.0585785
2012-06-27 15:00:00,0,14.5,121.0,0001,0.16784668
2012-06-27 18:00:00,0,14.5,121.0,0001,0.17690659
2012-06-27 21:00:00,0,14.5,121.0,0001,0.7324219
2012-06-28 00:00:00,0,14.5,121.0,0001,1.3313293
2012-06-28 03:00:00,0,14.5,121.0,0001,1.2898445
2012-06-28 06:00:00,0,14.5,121.0,0001,2.849102
2012-06-28 09:00:00,0,14.5,121.0,0001,0.85401535
2012-06-28 12:00:00,0,14.5,121.0,0001,0.9031296
2012-06-28 15:00:00,0,14.5,121.0,0001,1.2197495
2012-06-28 18:00:00,0,14.5,121.0,0001,0.9994507
2012-06-28 21:00:00,0,14.5,121.0,0001,0.40626526
2012-06-29 00:00:00,0,14.5,121.0,0001,0.98371506
2012-06-29 03:00:00,0,14.5,121.0,0001,1.9059181
2012-06-29 06:00:00,0,14.5,121.0,0001,1.8205643
2012-06-29 09:00:00,0,14.5,121.0,0001,0.5030632
2012-06-29 12:00:00,0,14.5,121.0,0001,1.349926
2012-06-29 15:00:00,0,14.5,121.0,0001,0.45633316
2012-06-29 18:00:00,0,14.5,121.0,0001,0.16641617
2012-06-29 21:00:00,0,14.5,121.0,0001,0.021457672
2012-06-30 00:00:00,0,14.5,121.0,0001,0.008583069
2012-06-30 03:00:00,0,14.5,121.0,0001,0.06341934
2012-06-30 06:00:00,0,14.5,121.0,0001,0.7920265
2012-06-30 09:00:00,0,14.5,121.0,0001,0.27418137
2012-06-30 12:00:00,0,14.5,121.0,0001,0.102996826
2012-06-30 15:00:00,0,14.5,121.0,0001,0.0
2012-06-30 18:00:00,0,14.5,121.0,0001,0.0
2012-06-30 21:00:00,0,14.5,121.0,0001,0.0
2012-07-01 00:00:00,0,14.5,121.0,0001,0.0
2012-07-01 03:00:00,0,14.5,121.0,0001,0.0009536743
2012-07-01 06:00:00,0,14.5,121.0,0001,0.02002716
2012-07-01 09:00:00,0,14.5,121.0,0001,0.0042915344
2012-07-01 12:00:00,0,14.5,121.0,0001,0.124931335
2012-07-01 15:00:00,0,14.5,121.0,0001,0.0019073486
2012-07-01 18:00:00,0,14.5,121.0,0001,0.31900406
2012-07-01 21:00:00,0,14.5,121.0,0001,1.6388893
2012-07-02 00:00:00,0,14.5,121.0,0001,0.012397766
2012-07-02 03:00:00,0,14.5,121.0,0001,0.11253357
2012-07-02 06:00:00,0,14.5,121.0,0001,0.34189224
2012-07-02 09:00:00,0,14.5,121.0,0001,4.1337013
2012-07-02 12:00:00,0,14.5,121.0,0001,0.688076
2012-07-02 15:00:00,0,14.5,121.0,0001,0.07915497
2012-07-02 18:00:00,0,14.5,121.0,0001,0.15449524
2012-07-02 21:00:00,0,14.5,121.0,0001,1.0638237
2012-07-03 00:00:00,0,14.5,121.0,0001,2.9859543
2012-07-03 03:00:00,0,14.5,121.0,0001,2.7303696
2012-07-03 06:00:00,0,14.5,121.0,0001,3.0322075
2012-07-03 09:00:00,0,14.5,121.0,0001,1.0814667
2012-07-03 12:00:00,0,14.5,121.0,0001,0.13160706
2012-07-03 15:00:00,0,14.5,121.0,0001,0.09918213
2012-07-03 18:00:00,0,14.5,121.0,0001,0.04196167
2012-07-03 21:00:00,0,14.5,121.0,0001,0.07343292
2012-07-04 00:00:00,0,14.5,121.0,0001,0.15115738
2012-07-04 03:00:00,0,14.5,121.0,0001,0.24604797
2012-07-04 06:00:00,0,14.5,121.0,0001,1.6326904
2012-07-04 09:00:00,0,14.5,121.0,0001,1.2607574
2012-07-04 12:00:00,0,14.5,121.0,0001,0.8649826
2012-07-04 15:00:00,0,14.5,121.0,0001,0.228405
2012-07-04 18:00:00,0,14.5,121.0,0001,0.018119812
2012-07-04 21:00:00,0,14.5,121.0,0001,0.011444092
2012-07-05 00:00:00,0,14.5,121.0,0001,0.00333786
2012-07-05 03:00:00,0,14.5,121.0,0001,0.22697449
2012-07-05 06:00:00,0,14.5,121.0,0001,0.07867813
2012-07-05 09:00:00,0,14.5,121.0,0001,0.26226044
2012-07-05 12:00:00,0,14.5,121.0,0001,0.5350113
2012-07-05 15:00:00,0,14.5,121.0,0001,0.3194809
2012-07-05 18:00:00,0,14.5,121.0,0001,0.0023841858
2012-07-05 21:00:00,0,14.5,121.0,0001,0.16212463
2012-07-06 00:00:00,0,14.5,121.0,0001,0.0
2012-07-06 03:00:00,0,14.5,121.0,0001,0.02527237
2012-07-06 06:00:00,0,14.5,121.0,0001,0.06723404
2012-07-06 09:00:00,0,14.5,121.0,0001,0.68187714
2012-07-06 12:00:00,0,14.5,121.0,0001,3.5586357
2012-07-06 15:00:00,0,14.5,121.0,0001,0.011444092
2012-07-06 18:00:00,0,14.5,121.0,0001,0.06389618
2012-07-06 21:00:00,0,14.5,121.0,0001,0.019550323
2012-07-07 00:00:00,0,14.5,121.0,0001,0.0052452087
2012-07-07 03:00:00,0,14.5,121.0,0001,0.10204315
2012-07-07 06:00:00,0,14.5,121.0,0001,0.061511993
2012-07-07 09:00:00,0,14.5,121.0,0001,0.04339218
2012-07-07 12:00:00,0,14.5,121.0,0001,0.0
2012-07-07 15:00:00,0,14.5,121.0,0001,0.017642975
2012-07-07 18:00:00,0,14.5,121.0,0001,0.60367584
2012-07-07 21:00:00,0,14.5,121.0,0001,1.6851425
2012-07-08 00:00:00,0,14.5,121.0,0001,0.012874603
2012-07-08 03:00:00,0,14.5,121.0,0001,0.08916855
2012-07-08 06:00:00,0,14.5,121.0,0001,0.17499924
2012-07-08 09:00:00,0,14.5,121.0,0001,0.0
2012-07-08 12:00:00,0,14.5,121.0,0001,0.102996826
2012-07-08 15:00:00,0,14.5,121.0,0001,0.009059906
2012-07-08 18:00:00,0,14.5,121.0,0001,0.034809113
2012-07-08 21:00:00,0,14.5,121.0,0001,0.09250641
2012-07-09 00:00:00,0,14.5,121.0,0001,0.041007996
2012-07-09 03:00:00,0,14.5,121.0,0001,0.060081482
2012-07-09 06:00:00,0,14.5,121.0,0001,0.19264221
2012-07-09 09:00:00,0,14.5,121.0,0001,0.6480217
2012-07-09 12:00:00,0,14.5,121.0,0001,0.019550323
2012-07-09 15:00:00,0,14.5,121.0,0001,0.071525574
2012-07-09 18:00:00,0,14.5,121.0,0001,0.010967255
2012-07-09 21:00:00,0,14.5,121.0,0001,0.034332275
2012-07-10 00:00:00,0,14.5,121.0,0001,0.005722046
2012-07-10 03:00:00,0,14.5,121.0,0001,0.11348724
2012-07-10 06:00:00,0,14.5,121.0,0001,0.088214874
2012-07-10 09:00:00,0,14.5,121.0,0001,0.69618225
2012-07-10 12:00:00,0,14.5,121.0,0001,0.0104904175
2012-07-10 15:00:00,0,14.5,121.0,0001,0.5836487
2012-07-10 18:00:00,0,14.5,121.0,0001,0.0019073486
2012-07-10 21:00:00,0,14.5,121.0,0001,0.0104904175
2012-07-11 00:00:00,0,14.5,121.0,0001,0.005722046
2012-07-11 03:00:00,0,14.5,121.0,0001,0.1373291
2012-07-11 06:00:00,0,14.5,121.0,0001,0.5249977
2012-07-11 09:00:00,0,14.5,121.0,0001,0.14448166
2012-07-11 12:00:00,0,14.5,121.0,0001,0.023841858
2012-07-11 15:00:00,0,14.5,121.0,0001,0.00667572
2012-07-11 18:00:00,0,14.5,121.0,0001,0.008106232
2012-07-11 21:00:00,0,14.5,121.0,0001,0.0047683716
2012-07-12 00:00:00,0,14.5,121.0,0001,0.0500679
2012-07-12 03:00:00,0,14.5,121.0,0001,0.12540817
2012-07-12 06:00:00,0,14.5,121.0,0001,0.1373291
2012-07-12 09:00:00,0,14.5,121.0,0001,2.2497177
2012-07-12 12:00:00,0,14.5,121.0,0001,0.48542023
2012-07-12 15:00:00,0,14.5,121.0,0001,0.012397766
2012-07-12 18:00:00,0,14.5,121.0,0001,0.0052452087
2012-07-12 21:00:00,0,14.5,121.0,0001,0.0
2012-07-13 00:00:00,0,14.5,121.0,0001,0.008106232
2012-07-13 03:00:00,0,14.5,121.0,0001,0.04386902
2012-07-13 06:00:00,0,14.5,121.0,0001,0.039100647
2012-07-13 09:00:00,0,14.5,121.0,0001,0.7247925
2012-07-13 12:00:00,0,14.5,121.0,0001,0.061511993
2012-07-13 15:00:00,0,14.5,121.0,0001,0.3824234
2012-07-13 18:00:00,0,14.5,121.0,0001,0.0
2012-07-13 21:00:00,0,14.5,121.0,0001,0.120162964
2012-07-14 00:00:00,0,14.5,121.0,0001,0.009536743
2012-07-14 03:00:00,0,14.5,121.0,0001,0.06341934
2012-07-14 06:00:00,0,14.5,121.0,0001,0.07200241
2012-07-14 09:00:00,0,14.5,121.0,0001,0.18882751
2012-07-14 12:00:00,0,14.5,121.0,0001,0.42200089
2012-07-14 15:00:00,0,14.5,121.0,0001,0.0
2012-07-14 18:00:00,0,14.5,121.0,0001,0.0
2012-07-14 21:00:00,0,14.5,121.0,0001,0.18596649
2012-07-15 00:00:00,0,14.5,121.0,0001,0.012397766
2012-07-15 03:00:00,0,14.5,121.0,0001,0.23174286
2012-07-15 06:00:00,0,14.5,121.0,0001,0.43344498
2012-07-15 09:00:00,0,14.5,121.0,0001,0.020980835
2012-07-15 12:00:00,0,14.5,121.0,0001,0.11968613
2012-07-15 15:00:00,0,14.5,121.0,0001,0.0
2012-07-15 18:00:00,0,14.5,121.0,0001,0.07915497
2012-07-15 21:00:00,0,14.5,121.0,0001,0.20980835
2012-07-16 00:00:00,0,14.5,121.0,0001,0.015735626
2012-07-16 03:00:00,0,14.5,121.0,0001,0.1411438
2012-07-16 06:00:00,0,14.5,121.0,0001,0.3399849
2012-07-16 09:00:00,0,14.5,121.0,0001,0.15878677
2012-07-16 12:00:00,0,14.5,121.0,0001,0.42629242
2012-07-16 15:00:00,0,14.5,121.0,0001,0.0019073486
2012-07-16 18:00:00,0,14.5,121.0,0001,0.0
2012-07-16 21:00:00,0,14.5,121.0,0001,0.009059906
2012-07-17 00:00:00,0,14.5,121.0,0001,0.0
2012-07-17 03:00:00,0,14.5,121.0,0001,0.0371933
2012-07-17 06:00:00,0,14.5,121.0,0001,0.07867813
2012-07-17 09:00:00,0,14.5,121.0,0001,0.8749962
2012-07-17 12:00:00,0,14.5,121.0,0001,0.13017654
2012-07-17 15:00:00,0,14.5,121.0,0001,0.1077652
2012-07-17 18:00:00,0,14.5,121.0,0001,0.013828278
2012-07-17 21:00:00,0,14.5,121.0,0001,0.025749207
2012-07-18 00:00:00,0,14.5,121.0,0001,0.0052452087
2012-07-18 03:00:00,0,14.5,121.0,0001,0.19598007
2012-07-18 06:00:00,0,14.5,121.0,0001,0.17929077
2012-07-18 09:00:00,0,14.5,121.0,0001,2.5014877
2012-07-18 12:00:00,0,14.5,121.0,0001,0.04673004
2012-07-18 15:00:00,0,14.5,121.0,0001,2.9535294
2012-07-18 18:00:00,0,14.5,121.0,0001,0.0009536743
2012-07-18 21:00:00,0,14.5,121.0,0001,0.052452087
2012-07-19 00:00:00,0,14.5,121.0,0001,0.04196167
2012-07-19 03:00:00,0,14.5,121.0,0001,0.11301041
2012-07-19 06:00:00,0,14.5,121.0,0001,0.98085403
2012-07-19 09:00:00,0,14.5,121.0,0001,1.139164
2012-07-19 12:00:00,0,14.5,121.0,0001,0.11205673
2012-07-19 15:00:00,0,14.5,121.0,0001,0.17213821
2012-07-19 18:00:00,0,14.5,121.0,0001,0.27275085
2012-07-19 21:00:00,0,14.5,121.0,0001,3.484249
2012-07-20 00:00:00,0,14.5,121.0,0001,1.8401146
2012-07-20 03:00:00,0,14.5,121.0,0001,1.7781258
2012-07-20 06:00:00,0,14.5,121.0,0001,1.9240379
2012-07-20 09:00:00,0,14.5,121.0,0001,2.0122528
2012-07-20 12:00:00,0,14.5,121.0,0001,0.72574615
2012-07-20 15:00:00,0,14.5,121.0,0001,2.4938583
2012-07-20 18:00:00,0,14.5,121.0,0001,4.0369034
2012-07-20 21:00:00,0,14.5,121.0,0001,3.0794144
2012-07-21 00:00:00,0,14.5,121.0,0001,2.187729
2012-07-21 03:00:00,0,14.5,121.0,0001,1.8925667
2012-07-21 06:00:00,0,14.5,121.0,0001,1.6155243
2012-07-21 09:00:00,0,14.5,121.0,0001,1.4390945
2012-07-21 12:00:00,0,14.5,121.0,0001,0.35572052
2012-07-21 15:00:00,0,14.5,121.0,0001,0.51403046
2012-07-21 18:00:00,0,14.5,121.0,0001,0.6175041
2012-07-21 21:00:00,0,14.5,121.0,0001,0.5106926
2012-07-22 00:00:00,0,14.5,121.0,0001,0.31995773
2012-07-22 03:00:00,0,14.5,121.0,0001,0.40721893
2012-07-22 06:00:00,0,14.5,121.0,0001,0.48065186
2012-07-22 09:00:00,0,14.5,121.0,0001,0.45204163
2012-07-22 12:00:00,0,14.5,121.0,0001,0.3643036
2012-07-22 15:00:00,0,14.5,121.0,0001,0.20694733
2012-07-22 18:00:00,0,14.5,121.0,0001,0.28562546
2012-07-22 21:00:00,0,14.5,121.0,0001,0.20217896
2012-07-23 00:00:00,0,14.5,121.0,0001,0.13065338
2012-07-23 03:00:00,0,14.5,121.0,0001,0.1296997
2012-07-23 06:00:00,0,14.5,121.0,0001,0.30708313
2012-07-23 09:00:00,0,14.5,121.0,0001,0.08440018
2012-07-23 12:00:00,0,14.5,121.0,0001,0.15354156
2012-07-23 15:00:00,0,14.5,121.0,0001,0.1411438
2012-07-23 18:00:00,0,14.5,121.0,0001,0.15592575
2012-07-23 21:00:00,0,14.5,121.0,0001,0.07677078
2012-07-24 00:00:00,0,14.5,121.0,0001,0.06723404
2012-07-24 03:00:00,0,14.5,121.0,0001,0.36239624
2012-07-24 06:00:00,0,14.5,121.0,0001,0.34570694
2012-07-24 09:00:00,0,14.5,121.0,0001,0.18072128
2012-07-24 12:00:00,0,14.5,121.0,0001,0.062942505
2012-07-24 15:00:00,0,14.5,121.0,0001,0.051498413
2012-07-24 18:00:00,0,14.5,121.0,0001,0.13065338
2012-07-24 21:00:00,0,14.5,121.0,0001,0.12540817
2012-07-25 00:00:00,0,14.5,121.0,0001,0.06914139
2012-07-25 03:00:00,0,14.5,121.0,0001,0.22363663
2012-07-25 06:00:00,0,14.5,121.0,0001,0.11205673
2012-07-25 09:00:00,0,14.5,121.0,0001,0.1821518
2012-07-25 12:00:00,0,14.5,121.0,0001,0.22125244
2012-07-25 15:00:00,0,14.5,121.0,0001,0.07915497
2012-07-25 18:00:00,0,14.5,121.0,0001,0.020503998
2012-07-25 21:00:00,0,14.5,121.0,0001,0.0667572
2012-07-26 00:00:00,0,14.5,121.0,0001,0.054359436
2012-07-26 03:00:00,0,14.5,121.0,0001,0.5207062
2012-07-26 06:00:00,0,14.5,121.0,0001,0.3437996
2012-07-26 09:00:00,0,14.5,121.0,0001,0.08535385
2012-07-26 12:00:00,0,14.5,121.0,0001,0.12922287
2012-07-26 15:00:00,0,14.5,121.0,0001,0.19741058
2012-07-26 18:00:00,0,14.5,121.0,0001,0.037670135
2012-07-26 21:00:00,0,14.5,121.0,0001,0.074863434
2012-07-27 00:00:00,0,14.5,121.0,0001,0.072956085
2012-07-27 03:00:00,0,14.5,121.0,0001,0.6494522
2012-07-27 06:00:00,0,14.5,121.0,0001,0.42915344
2012-07-27 09:00:00,0,14.5,121.0,0001,0.4248619
2012-07-27 12:00:00,0,14.5,121.0,0001,0.2732277
2012-07-27 15:00:00,0,14.5,121.0,0001,0.5955696
2012-07-27 18:00:00,0,14.5,121.0,0001,0.5168915
2012-07-27 21:00:00,0,14.5,121.0,0001,0.05722046
2012-07-28 00:00:00,0,14.5,121.0,0001,0.23889542
2012-07-28 03:00:00,0,14.5,121.0,0001,0.45919418
2012-07-28 06:00:00,0,14.5,121.0,0001,0.72336197
2012-07-28 09:00:00,0,14.5,121.0,0001,1.718998
2012-07-28 12:00:00,0,14.5,121.0,0001,1.7242432
2012-07-28 15:00:00,0,14.5,121.0,0001,1.7995834
2012-07-28 18:00:00,0,14.5,121.0,0001,1.437664
2012-07-28 21:00:00,0,14.5,121.0,0001,1.1839867
2012-07-29 00:00:00,0,14.5,121.0,0001,1.6412735
2012-07-29 03:00:00,0,14.5,121.0,0001,5.106449
2012-07-29 06:00:00,0,14.5,121.0,0001,2.3422241
2012-07-29 09:00:00,0,14.5,121.0,0001,2.7461052
2012-07-29 12:00:00,0,14.5,121.0,0001,2.5644302
2012-07-29 15:00:00,0,14.5,121.0,0001,2.28405
2012-07-29 18:00:00,0,14.5,121.0,0001,1.3580322
2012-07-29 21:00:00,0,14.5,121.0,0001,2.2730827
2012-07-30 00:00:00,0,14.5,121.0,0001,2.2587776
2012-07-30 03:00:00,0,14.5,121.0,0001,1.891613
2012-07-30 06:00:00,0,14.5,121.0,0001,1.683712
2012-07-30 09:00:00,0,14.5,121.0,0001,0.4181862
2012-07-30 12:00:00,0,14.5,121.0,0001,1.1305809
2012-07-30 15:00:00,0,14.5,121.0,0001,0.17738342
2012-07-30 18:00:00,0,14.5,121.0,0001,0.049114227
2012-07-30 21:00:00,0,14.5,121.0,0001,0.57411194
2012-07-31 00:00:00,0,14.5,121.0,0001,0.35953522
2012-07-31 03:00:00,0,14.5,121.0,0001,0.47636032
2012-07-31 06:00:00,0,14.5,121.0,0001,0.42819977
2012-07-31 09:00:00,0,14.5,121.0,0001,0.40340424
2012-07-31 12:00:00,0,14.5,121.0,0001,0.6580353
2012-07-31 15:00:00,0,14.5,121.0,0001,0.5784035
2012-07-31 18:00:00,0,14.5,121.0,0001,0.579834
2012-07-31 21:00:00,0,14.5,121.0,0001,0.6246567
2012-08-01 00:00:00,0,14.5,121.0,0001,1.2798309
2012-08-01 03:00:00,0,14.5,121.0,0001,0.66900253
2012-08-01 06:00:00,0,14.5,121.0,0001,0.5912781
2012-08-01 09:00:00,0,14.5,121.0,0001,0.63323975
2012-08-01 12:00:00,0,14.5,121.0,0001,0.8058548
2012-08-01 15:00:00,0,14.5,121.0,0001,0.35762787
2012-08-01 18:00:00,0,14.5,121.0,0001,0.40578842
2012-08-01 21:00:00,0,14.5,121.0,0001,0.3900528
2012-08-02 00:00:00,0,14.5,121.0,0001,0.62561035
2012-08-02 03:00:00,0,14.5,121.0,0001,0.45871735
2012-08-02 06:00:00,0,14.5,121.0,0001,0.99372864
2012-08-02 09:00:00,0,14.5,121.0,0001,0.35762787
2012-08-02 12:00:00,0,14.5,121.0,0001,0.2708435
2012-08-02 15:00:00,0,14.5,121.0,0001,0.333786
2012-08-02 18:00:00,0,14.5,121.0,0001,0.22697449
2012-08-02 21:00:00,0,14.5,121.0,0001,0.3581047
2012-08-03 00:00:00,0,14.5,121.0,0001,0.3695488
2012-08-03 03:00:00,0,14.5,121.0,0001,0.37813187
2012-08-03 06:00:00,0,14.5,121.0,0001,0.7019043
2012-08-03 09:00:00,0,14.5,121.0,0001,0.41007996
2012-08-03 12:00:00,0,14.5,121.0,0001,0.35381317
2012-08-03 15:00:00,0,14.5,121.0,0001,0.40864944
2012-08-03 18:00:00,0,14.5,121.0,0001,0.5326271
2012-08-03 21:00:00,0,14.5,121.0,0001,0.289917
2012-08-04 00:00:00,0,14.5,121.0,0001,0.7805824
2012-08-04 03:00:00,0,14.5,121.0,0001,0.24557114
2012-08-04 06:00:00,0,14.5,121.0,0001,0.3824234
2012-08-04 09:00:00,0,14.5,121.0,0001,0.16593933
2012-08-04 12:00:00,0,14.5,121.0,0001,0.60892105
2012-08-04 15:00:00,0,14.5,121.0,0001,0.23174286
2012-08-04 18:00:00,0,14.5,121.0,0001,1.2168884
2012-08-04 21:00:00,0,14.5,121.0,0001,0.17261505
2012-08-05 00:00:00,0,14.5,121.0,0001,0.1821518
2012-08-05 03:00:00,0,14.5,121.0,0001,1.0271072
2012-08-05 06:00:00,0,14.5,121.0,0001,0.73194504
2012-08-05 09:00:00,0,14.5,121.0,0001,0.5135536
2012-08-05 12:00:00,0,14.5,121.0,0001,0.24175644
2012-08-05 15:00:00,0,14.5,121.0,0001,0.2975464
2012-08-05 18:00:00,0,14.5,121.0,0001,0.33569336
2012-08-05 21:00:00,0,14.5,121.0,0001,1.8863678
2012-08-06 00:00:00,0,14.5,121.0,0001,0.84495544
2012-08-06 03:00:00,0,14.5,121.0,0001,0.51403046
2012-08-06 06:00:00,0,14.5,121.0,0001,2.8767586
2012-08-06 09:00:00,0,14.5,121.0,0001,1.7094612
2012-08-06 12:00:00,0,14.5,121.0,0001,0.38433075
2012-08-06 15:00:00,0,14.5,121.0,0001,0.26893616
2012-08-06 18:00:00,0,14.5,121.0,0001,0.23174286
2012-08-06 21:00:00,0,14.5,121.0,0001,0.95272064
2012-08-07 00:00:00,0,14.5,121.0,0001,0.5326271
2012-08-07 03:00:00,0,14.5,121.0,0001,0.73575974
2012-08-07 06:00:00,0,14.5,121.0,0001,0.7867813
2012-08-07 09:00:00,0,14.5,121.0,0001,1.5535355
2012-08-07 12:00:00,0,14.5,121.0,0001,2.1209717
2012-08-07 15:00:00,0,14.5,121.0,0001,0.81825256
2012-08-07 18:00:00,0,14.5,121.0,0001,0.5350113
2012-08-07 21:00:00,0,14.5,121.0,0001,0.28133392
2012-08-08 00:00:00,0,14.5,121.0,0001,0.3528595
2012-08-08 03:00:00,0,14.5,121.0,0001,0.38576126
2012-08-08 06:00:00,0,14.5,121.0,0001,2.3932457
2012-08-08 09:00:00,0,14.5,121.0,0001,0.3271103
2012-08-08 12:00:00,0,14.5,121.0,0001,0.38957596
2012-08-08 15:00:00,0,14.5,121.0,0001,0.27275085
2012-08-08 18:00:00,0,14.5,121.0,0001,0.17976761
2012-08-08 21:00:00,0,14.5,121.0,0001,0.19741058
2012-08-09 00:00:00,0,14.5,121.0,0001,0.13828278
2012-08-09 03:00:00,0,14.5,121.0,0001,0.22506714
2012-08-09 06:00:00,0,14.5,121.0,0001,0.2450943
2012-08-09 09:00:00,0,14.5,121.0,0001,1.5802383
2012-08-09 12:00:00,0,14.5,121.0,0001,0.034809113
2012-08-09 15:00:00,0,14.5,121.0,0001,0.1001358
2012-08-09 18:00:00,0,14.5,121.0,0001,0.19407272
2012-08-09 21:00:00,0,14.5,121.0,0001,0.09250641
2012-08-10 00:00:00,0,14.5,121.0,0001,0.46253204
2012-08-10 03:00:00,0,14.5,121.0,0001,0.63562393
2012-08-10 06:00:00,0,14.5,121.0,0001,0.45013428
2012-08-10 09:00:00,0,14.5,121.0,0001,0.13828278
2012-08-10 12:00:00,0,14.5,121.0,0001,0.07915497
2012-08-10 15:00:00,0,14.5,121.0,0001,0.059127808
2012-08-10 18:00:00,0,14.5,121.0,0001,0.062942505
2012-08-10 21:00:00,0,14.5,121.0,0001,0.02527237
2012-08-11 00:00:00,0,14.5,121.0,0001,0.111579895
2012-08-11 03:00:00,0,14.5,121.0,0001,0.0333786
2012-08-11 06:00:00,0,14.5,121.0,0001,0.01335144
2012-08-11 09:00:00,0,14.5,121.0,0001,0.04673004
2012-08-11 12:00:00,0,14.5,121.0,0001,0.08249283
2012-08-11 15:00:00,0,14.5,121.0,0001,0.62799454
2012-08-11 18:00:00,0,14.5,121.0,0001,0.019073486
2012-08-11 21:00:00,0,14.5,121.0,0001,0.01335144
2012-08-12 00:00:00,0,14.5,121.0,0001,0.22172928
2012-08-12 03:00:00,0,14.5,121.0,0001,0.032424927
2012-08-12 06:00:00,0,14.5,121.0,0001,0.030994415
2012-08-12 09:00:00,0,14.5,121.0,0001,0.044345856
2012-08-12 12:00:00,0,14.5,121.0,0001,1.0781288
2012-08-12 15:00:00,0,14.5,121.0,0001,0.042915344
2012-08-12 18:00:00,0,14.5,121.0,0001,0.08869171
2012-08-12 21:00:00,0,14.5,121.0,0001,0.15258789
2012-08-13 00:00:00,0,14.5,121.0,0001,0.121593475
2012-08-13 03:00:00,0,14.5,121.0,0001,0.18072128
2012-08-13 06:00:00,0,14.5,121.0,0001,0.53834915
2012-08-13 09:00:00,0,14.5,121.0,0001,0.22792816
2012-08-13 12:00:00,0,14.5,121.0,0001,0.28276443
2012-08-13 15:00:00,0,14.5,121.0,0001,0.9727478
2012-08-13 18:00:00,0,14.5,121.0,0001,0.4916191
2012-08-13 21:00:00,0,14.5,121.0,0001,3.1323433
2012-08-14 00:00:00,0,14.5,121.0,0001,3.0379295
2012-08-14 03:00:00,0,14.5,121.0,0001,3.6888123
2012-08-14 06:00:00,0,14.5,121.0,0001,2.4733543
2012-08-14 09:00:00,0,14.5,121.0,0001,2.9935837
2012-08-14 12:00:00,0,14.5,121.0,0001,2.752304
2012-08-14 15:00:00,0,14.5,121.0,0001,1.7585754
2012-08-14 18:00:00,0,14.5,121.0,0001,2.3813248
2012-08-14 21:00:00,0,14.5,121.0,0001,5.9480667
2012-08-15 00:00:00,0,14.5,121.0,0001,4.787445
2012-08-15 03:00:00,0,14.5,121.0,0001,1.803875
2012-08-15 06:00:00,0,14.5,121.0,0001,1.6512871
2012-08-15 09:00:00,0,14.5,121.0,0001,1.1425018
2012-08-15 12:00:00,0,14.5,121.0,0001,1.2965202
2012-08-15 15:00:00,0,14.5,121.0,0001,1.3279915
2012-08-15 18:00:00,0,14.5,121.0,0001,0.6380081
2012-08-15 21:00:00,0,14.5,121.0,0001,1.8897057
2012-08-16 00:00:00,0,14.5,121.0,0001,1.8663406
2012-08-16 03:00:00,0,14.5,121.0,0001,0.9832382
2012-08-16 06:00:00,0,14.5,121.0,0001,0.5555153
2012-08-16 09:00:00,0,14.5,121.0,0001,0.04386902
2012-08-16 12:00:00,0,14.5,121.0,0001,0.009536743
2012-08-16 15:00:00,0,14.5,121.0,0001,0.0071525574
2012-08-16 18:00:00,0,14.5,121.0,0001,0.0023841858
2012-08-16 21:00:00,0,14.5,121.0,0001,0.0
2012-08-17 00:00:00,0,14.5,121.0,0001,0.002861023
2012-08-17 03:00:00,0,14.5,121.0,0001,0.20122528
2012-08-17 06:00:00,0,14.5,121.0,0001,0.28562546
2012-08-17 09:00:00,0,14.5,121.0,0001,0.0
2012-08-17 12:00:00,0,14.5,121.0,0001,0.0
2012-08-17 15:00:00,0,14.5,121.0,0001,0.0
2012-08-17 18:00:00,0,14.5,121.0,0001,0.0
2012-08-17 21:00:00,0,14.5,121.0,0001,0.00047683716
2012-08-18 00:00:00,0,14.5,121.0,0001,0.0
2012-08-18 03:00:00,0,14.5,121.0,0001,0.020503998
2012-08-18 06:00:00,0,14.5,121.0,0001,0.0023841858
2012-08-18 09:00:00,0,14.5,121.0,0001,0.082969666
2012-08-18 12:00:00,0,14.5,121.0,0001,0.0076293945
2012-08-18 15:00:00,0,14.5,121.0,0001,0.0047683716
2012-08-18 18:00:00,0,14.5,121.0,0001,0.0104904175
2012-08-18 21:00:00,0,14.5,121.0,0001,0.5378723
2012-08-19 00:00:00,0,14.5,121.0,0001,0.6480217
2012-08-19 03:00:00,0,14.5,121.0,0001,1.1768341
2012-08-19 06:00:00,0,14.5,121.0,0001,1.3103485
2012-08-19 09:00:00,0,14.5,121.0,0001,0.25606155
2012-08-19 12:00:00,0,14.5,121.0,0001,0.098228455
2012-08-19 15:00:00,0,14.5,121.0,0001,0.1707077
2012-08-19 18:00:00,0,14.5,121.0,0001,0.21409988
2012-08-19 21:00:00,0,14.5,121.0,0001,0.39958954
2012-08-20 00:00:00,0,14.5,121.0,0001,0.1335144
2012-08-20 03:00:00,0,14.5,121.0,0001,0.2975464
2012-08-20 06:00:00,0,14.5,121.0,0001,0.18548965
2012-08-20 09:00:00,0,14.5,121.0,0001,0.06771088
2012-08-20 12:00:00,0,14.5,121.0,0001,0.8149147
2012-08-20 15:00:00,0,14.5,121.0,0001,0.35572052
2012-08-20 18:00:00,0,14.5,121.0,0001,0.2861023
2012-08-20 21:00:00,0,14.5,121.0,0001,0.25510788
2012-08-21 00:00:00,0,14.5,121.0,0001,0.28467178
2012-08-21 03:00:00,0,14.5,121.0,0001,0.69475174
2012-08-21 06:00:00,0,14.5,121.0,0001,0.18072128
2012-08-21 09:00:00,0,14.5,121.0,0001,0.046253204
2012-08-21 12:00:00,0,14.5,121.0,0001,0.04720688
2012-08-21 15:00:00,0,14.5,121.0,0001,0.06580353
2012-08-21 18:00:00,0,14.5,121.0,0001,0.0705719
2012-08-21 21:00:00,0,14.5,121.0,0001,0.072956085
2012-08-22 00:00:00,0,14.5,121.0,0001,0.094890594
2012-08-22 03:00:00,0,14.5,121.0,0001,0.21314621
2012-08-22 06:00:00,0,14.5,121.0,0001,0.9584427
2012-08-22 09:00:00,0,14.5,121.0,0001,0.081539154
2012-08-22 12:00:00,0,14.5,121.0,0001,0.2975464
2012-08-22 15:00:00,0,14.5,121.0,0001,0.052928925
2012-08-22 18:00:00,0,14.5,121.0,0001,0.076293945
2012-08-22 21:00:00,0,14.5,121.0,0001,0.09918213
2012-08-23 00:00:00,0,14.5,121.0,0001,0.0834465
2012-08-23 03:00:00,0,14.5,121.0,0001,0.09012222
2012-08-23 06:00:00,0,14.5,121.0,0001,0.4310608
2012-08-23 09:00:00,0,14.5,121.0,0001,0.12397766
2012-08-23 12:00:00,0,14.5,121.0,0001,0.12111664
2012-08-23 15:00:00,0,14.5,121.0,0001,0.22125244
2012-08-23 18:00:00,0,14.5,121.0,0001,0.098228455
2012-08-23 21:00:00,0,14.5,121.0,0001,0.40912628
2012-08-24 00:00:00,0,14.5,121.0,0001,0.27799606
2012-08-24 03:00:00,0,14.5,121.0,0001,0.18167496
2012-08-24 06:00:00,0,14.5,121.0,0001,0.29182434
2012-08-24 09:00:00,0,14.5,121.0,0001,0.20551682
2012-08-24 12:00:00,0,14.5,121.0,0001,0.13256073
2012-08-24 15:00:00,0,14.5,121.0,0001,0.14781952
2012-08-24 18:00:00,0,14.5,121.0,0001,0.11253357
2012-08-24 21:00:00,0,14.5,121.0,0001,0.06914139
2012-08-25 00:00:00,0,14.5,121.0,0001,0.15974045
2012-08-25 03:00:00,0,14.5,121.0,0001,3.103733
2012-08-25 06:00:00,0,14.5,121.0,0001,0.07247925
2012-08-25 09:00:00,0,14.5,121.0,0001,0.5440712
2012-08-25 12:00:00,0,14.5,121.0,0001,0.18692017
2012-08-25 15:00:00,0,14.5,121.0,0001,0.15830994
2012-08-25 18:00:00,0,14.5,121.0,0001,0.1244545
2012-08-25 21:00:00,0,14.5,121.0,0001,0.2193451
2012-08-26 00:00:00,0,14.5,121.0,0001,0.42533875
2012-08-26 03:00:00,0,14.5,121.0,0001,0.21314621
2012-08-26 06:00:00,0,14.5,121.0,0001,0.62942505
2012-08-26 09:00:00,0,14.5,121.0,0001,0.13446808
2012-08-26 12:00:00,0,14.5,121.0,0001,0.24271011
2012-08-26 15:00:00,0,14.5,121.0,0001,0.63562393
2012-08-26 18:00:00,0,14.5,121.0,0001,0.11348724
2012-08-26 21:00:00,0,14.5,121.0,0001,0.18262863
2012-08-27 00:00:00,0,14.5,121.0,0001,0.23317337
2012-08-27 03:00:00,0,14.5,121.0,0001,0.45204163
2012-08-27 06:00:00,0,14.5,121.0,0001,0.46014786
2012-08-27 09:00:00,0,14.5,121.0,0001,0.14829636
2012-08-27 12:00:00,0,14.5,121.0,0001,0.16784668
2012-08-27 15:00:00,0,14.5,121.0,0001,0.07915497
2012-08-27 18:00:00,0,14.5,121.0,0001,0.09202957
2012-08-27 21:00:00,0,14.5,121.0,0001,0.05531311
2012-08-28 00:00:00,0,14.5,121.0,0001,0.08869171
2012-08-28 03:00:00,0,14.5,121.0,0001,0.29230118
2012-08-28 06:00:00,0,14.5,121.0,0001,0.20217896
2012-08-28 09:00:00,0,14.5,121.0,0001,1.496315
2012-08-28 12:00:00,0,14.5,121.0,0001,0.061511993
2012-08-28 15:00:00,0,14.5,121.0,0001,0.009536743
2012-08-28 18:00:00,0,14.5,121.0,0001,0.14853477
2012-08-28 21:00:00,0,14.5,121.0,0001,0.055789948
2012-08-29 00:00:00,0,14.5,121.0,0001,0.114917755
2012-08-29 03:00:00,0,14.5,121.0,0001,0.12397766
2012-08-29 06:00:00,0,14.5,121.0,0001,4.4612885
2012-08-29 09:00:00,0,14.5,121.0,0001,0.5092621
2012-08-29 12:00:00,0,14.5,121.0,0001,0.02527237
2012-08-29 15:00:00,0,14.5,121.0,0001,0.0104904175
2012-08-29 18:00:00,0,14.5,121.0,0001,0.0014305115
2012-08-29 21:00:00,0,14.5,121.0,0001,0.019550323
2012-08-30 00:00:00,0,14.5,121.0,0001,0.08773804
2012-08-30 03:00:00,0,14.5,121.0,0001,0.07724762
2012-08-30 06:00:00,0,14.5,121.0,0001,0.11968613
2012-08-30 09:00:00,0,14.5,121.0,0001,0.49209595
2012-08-30 12:00:00,0,14.5,121.0,0001,0.38671494
2012-08-30 15:00:00,0,14.5,121.0,0001,0.024795532
2012-08-30 18:00:00,0,14.5,121.0,0001,0.014305115
2012-08-30 21:00:00,0,14.5,121.0,0001,0.1039505
2012-08-31 00:00:00,0,14.5,121.0,0001,0.13971329
2012-08-31 03:00:00,0,14.5,121.0,0001,0.13875961
2012-08-31 06:00:00,0,14.5,121.0,0001,0.1244545
2012-08-31 09:00:00,0,14.5,121.0,0001,0.40388107
2012-08-31 12:00:00,0,14.5,121.0,0001,0.42915344
2012-08-31 15:00:00,0,14.5,121.0,0001,0.8955002
2012-08-31 18:00:00,0,14.5,121.0,0001,0.4210472
2012-08-31 21:00:00,0,14.5,121.0,0001,0.1988411
2012-09-01 00:00:00,0,14.5,121.0,0001,0.032424927
2012-09-01 03:00:00,0,14.5,121.0,0001,0.01001358
2012-09-01 06:00:00,0,14.5,121.0,0001,0.2527237
2012-09-01 09:00:00,0,14.5,121.0,0001,0.44059753
2012-09-01 12:00:00,0,14.5,121.0,0001,1.3532639
2012-09-01 15:00:00,0,14.5,121.0,0001,0.6341934
2012-09-01 18:00:00,0,14.5,121.0,0001,0.8254051
2012-09-01 21:00:00,0,14.5,121.0,0001,0.9698868
2012-09-02 00:00:00,0,14.5,121.0,0001,3.2992363
2012-09-02 03:00:00,0,14.5,121.0,0001,0.36859512
2012-09-02 06:00:00,0,14.5,121.0,0001,0.2784729
2012-09-02 09:00:00,0,14.5,121.0,0001,0.40483475
2012-09-02 12:00:00,0,14.5,121.0,0001,0.37765503
2012-09-02 15:00:00,0,14.5,121.0,0001,0.47016144
2012-09-02 18:00:00,0,14.5,121.0,0001,1.4977455
2012-09-02 21:00:00,0,14.5,121.0,0001,1.3318062
2012-09-03 00:00:00,0,14.5,121.0,0001,0.1654625
2012-09-03 03:00:00,0,14.5,121.0,0001,0.04529953
2012-09-03 06:00:00,0,14.5,121.0,0001,0.26226044
2012-09-03 09:00:00,0,14.5,121.0,0001,0.16593933
2012-09-03 12:00:00,0,14.5,121.0,0001,0.08249283
2012-09-03 15:00:00,0,14.5,121.0,0001,0.08010864
2012-09-03 18:00:00,0,14.5,121.0,0001,0.014305115
2012-09-03 21:00:00,0,14.5,121.0,0001,0.4544258
2012-09-04 00:00:00,0,14.5,121.0,0001,0.031471252
2012-09-04 03:00:00,0,14.5,121.0,0001,0.02670288
2012-09-04 06:00:00,0,14.5,121.0,0001,0.041007996
2012-09-04 09:00:00,0,14.5,121.0,0001,2.2659302
2012-09-04 12:00:00,0,14.5,121.0,0001,3.4947395
2012-09-04 15:00:00,0,14.5,121.0,0001,0.032424927
2012-09-04 18:00:00,0,14.5,121.0,0001,0.3619194
2012-09-04 21:00:00,0,14.5,121.0,0001,2.263546
2012-09-05 00:00:00,0,14.5,121.0,0001,0.13256073
2012-09-05 03:00:00,0,14.5,121.0,0001,0.13399124
2012-09-05 06:00:00,0,14.5,121.0,0001,0.27751923
2012-09-05 09:00:00,0,14.5,121.0,0001,0.25320053
2012-09-05 12:00:00,0,14.5,121.0,0001,0.88596344
2012-09-05 15:00:00,0,14.5,121.0,0001,0.0
2012-09-05 18:00:00,0,14.5,121.0,0001,0.04196167
2012-09-05 21:00:00,0,14.5,121.0,0001,0.0038146973
2012-09-06 00:00:00,0,14.5,121.0,0001,0.027656555
2012-09-06 03:00:00,0,14.5,121.0,0001,0.041007996
2012-09-06 06:00:00,0,14.5,121.0,0001,0.10633469
2012-09-06 09:00:00,0,14.5,121.0,0001,2.3870468
2012-09-06 12:00:00,0,14.5,121.0,0001,0.00047683716
2012-09-06 15:00:00,0,14.5,121.0,0001,0.014305115
2012-09-06 18:00:00,0,14.5,121.0,0001,0.11730194
2012-09-06 21:00:00,0,14.5,121.0,0001,0.44679642
2012-09-07 00:00:00,0,14.5,121.0,0001,0.12683868
2012-09-07 03:00:00,0,14.5,121.0,0001,0.017642975
2012-09-07 06:00:00,0,14.5,121.0,0001,0.4310608
2012-09-07 09:00:00,0,14.5,121.0,0001,0.08440018
2012-09-07 12:00:00,0,14.5,121.0,0001,0.00667572
2012-09-07 15:00:00,0,14.5,121.0,0001,0.14781952
2012-09-07 18:00:00,0,14.5,121.0,0001,0.029563904
2012-09-07 21:00:00,0,14.5,121.0,0001,0.02670288
2012-09-08 00:00:00,0,14.5,121.0,0001,0.0023841858
2012-09-08 03:00:00,0,14.5,121.0,0001,0.032424927
2012-09-08 06:00:00,0,14.5,121.0,0001,0.0333786
2012-09-08 09:00:00,0,14.5,121.0,0001,0.042438507
2012-09-08 12:00:00,0,14.5,121.0,0001,0.035762787
2012-09-08 15:00:00,0,14.5,121.0,0001,0.31518936
2012-09-08 18:00:00,0,14.5,121.0,0001,0.07915497
2012-09-08 21:00:00,0,14.5,121.0,0001,0.018119812
2012-09-09 00:00:00,0,14.5,121.0,0001,0.0047683716
2012-09-09 03:00:00,0,14.5,121.0,0001,0.4143715
2012-09-09 06:00:00,0,14.5,121.0,0001,0.025749207
2012-09-09 09:00:00,0,14.5,121.0,0001,0.32520294
2012-09-09 12:00:00,0,14.5,121.0,0001,0.39339066
2012-09-09 15:00:00,0,14.5,121.0,0001,0.66804886
2012-09-09 18:00:00,0,14.5,121.0,0001,0.0076293945
2012-09-09 21:00:00,0,14.5,121.0,0001,0.15735626
2012-09-10 00:00:00,0,14.5,121.0,0001,0.041484833
2012-09-10 03:00:00,0,14.5,121.0,0001,0.069618225
2012-09-10 06:00:00,0,14.5,121.0,0001,0.2322197
2012-09-10 09:00:00,0,14.5,121.0,0001,0.028133392
2012-09-10 12:00:00,0,14.5,121.0,0001,0.11014938
2012-09-10 15:00:00,0,14.5,121.0,0001,0.39863586
2012-09-10 18:00:00,0,14.5,121.0,0001,0.02527237
2012-09-10 21:00:00,0,14.5,121.0,0001,0.051498413
2012-09-11 00:00:00,0,14.5,121.0,0001,0.025749207
2012-09-11 03:00:00,0,14.5,121.0,0001,0.27132034
2012-09-11 06:00:00,0,14.5,121.0,0001,0.22888184
2012-09-11 09:00:00,0,14.5,121.0,0001,0.16832352
2012-09-11 12:00:00,0,14.5,121.0,0001,0.052452087
2012-09-11 15:00:00,0,14.5,121.0,0001,0.08392334
2012-09-11 18:00:00,0,14.5,121.0,0001,0.5979538
2012-09-11 21:00:00,0,14.5,121.0,0001,1.7142296
2012-09-12 00:00:00,0,14.5,121.0,0001,0.91934204
2012-09-12 03:00:00,0,14.5,121.0,0001,0.3733635
2012-09-12 06:00:00,0,14.5,121.0,0001,0.09059906
2012-09-12 09:00:00,0,14.5,121.0,0001,1.3580322
2012-09-12 12:00:00,0,14.5,121.0,0001,0.0042915344
2012-09-12 15:00:00,0,14.5,121.0,0001,0.008583069
2012-09-12 18:00:00,0,14.5,121.0,0001,0.009536743
2012-09-12 21:00:00,0,14.5,121.0,0001,0.02002716
2012-09-13 00:00:00,0,14.5,121.0,0001,0.019073486
2012-09-13 03:00:00,0,14.5,121.0,0001,0.0667572
2012-09-13 06:00:00,0,14.5,121.0,0001,0.19693375
2012-09-13 09:00:00,0,14.5,121.0,0001,1.0075569
2012-09-13 12:00:00,0,14.5,121.0,0001,0.11110306
2012-09-13 15:00:00,0,14.5,121.0,0001,0.26798248
2012-09-13 18:00:00,0,14.5,121.0,0001,0.55933
2012-09-13 21:00:00,0,14.5,121.0,0001,1.6908646
2012-09-14 00:00:00,0,14.5,121.0,0001,1.6436577
2012-09-14 03:00:00,0,14.5,121.0,0001,2.6192665
2012-09-14 06:00:00,0,14.5,121.0,0001,1.3871193
2012-09-14 09:00:00,0,14.5,121.0,0001,1.6698837
2012-09-14 12:00:00,0,14.5,121.0,0001,0.55742264
2012-09-14 15:00:00,0,14.5,121.0,0001,2.4485588
2012-09-14 18:00:00,0,14.5,121.0,0001,1.0461807
2012-09-14 21:00:00,0,14.5,121.0,0001,2.2034645
2012-09-15 00:00:00,0,14.5,121.0,0001,0.6456375
2012-09-15 03:00:00,0,14.5,121.0,0001,0.34570694
2012-09-15 06:00:00,0,14.5,121.0,0001,0.21743774
2012-09-15 09:00:00,0,14.5,121.0,0001,0.3671646
2012-09-15 12:00:00,0,14.5,121.0,0001,0.092983246
2012-09-15 15:00:00,0,14.5,121.0,0001,0.45204163
2012-09-15 18:00:00,0,14.5,121.0,0001,0.19454956
2012-09-15 21:00:00,0,14.5,121.0,0001,0.09918213
2012-09-16 00:00:00,0,14.5,121.0,0001,0.2412796
2012-09-16 03:00:00,0,14.5,121.0,0001,1.0972023
2012-09-16 06:00:00,0,14.5,121.0,0001,2.8729439
2012-09-16 09:00:00,0,14.5,121.0,0001,0.7944107
2012-09-16 12:00:00,0,14.5,121.0,0001,0.11396408
2012-09-16 15:00:00,0,14.5,121.0,0001,0.124931335
2012-09-16 18:00:00,0,14.5,121.0,0001,0.33569336
2012-09-16 21:00:00,0,14.5,121.0,0001,0.045776367
2012-09-17 00:00:00,0,14.5,121.0,0001,0.06866455
2012-09-17 03:00:00,0,14.5,121.0,0001,0.05531311
2012-09-17 06:00:00,0,14.5,121.0,0001,0.056266785
2012-09-17 09:00:00,0,14.5,121.0,0001,0.40960312
2012-09-17 12:00:00,0,14.5,121.0,0001,0.31471252
2012-09-17 15:00:00,0,14.5,121.0,0001,0.04673004
2012-09-17 18:00:00,0,14.5,121.0,0001,0.0
2012-09-17 21:00:00,0,14.5,121.0,0001,0.27751923
2012-09-18 00:00:00,0,14.5,121.0,0001,0.07724762
2012-09-18 03:00:00,0,14.5,121.0,0001,0.032901764
2012-09-18 06:00:00,0,14.5,121.0,0001,1.241684
2012-09-18 09:00:00,0,14.5,121.0,0001,5.0296783
2012-09-18 12:00:00,0,14.5,121.0,0001,0.31805038
2012-09-18 15:00:00,0,14.5,121.0,0001,0.7762909
2012-09-18 18:00:00,0,14.5,121.0,0001,0.61416626
2012-09-18 21:00:00,0,14.5,121.0,0001,0.009536743
2012-09-19 00:00:00,0,14.5,121.0,0001,0.00667572
2012-09-19 03:00:00,0,14.5,121.0,0001,0.3194809
2012-09-19 06:00:00,0,14.5,121.0,0001,0.8401871
2012-09-19 09:00:00,0,14.5,121.0,0001,4.5433044
2012-09-19 12:00:00,0,14.5,121.0,0001,1.1358261
2012-09-19 15:00:00,0,14.5,121.0,0001,0.46730042
2012-09-19 18:00:00,0,14.5,121.0,0001,0.034332275
2012-09-19 21:00:00,0,14.5,121.0,0001,0.65374374
2012-09-20 00:00:00,0,14.5,121.0,0001,1.127243
2012-09-20 03:00:00,0,14.5,121.0,0001,1.3866425
2012-09-20 06:00:00,0,14.5,121.0,0001,0.6637573
2012-09-20 09:00:00,0,14.5,121.0,0001,1.3036728
2012-09-20 12:00:00,0,14.5,121.0,0001,0.102996826
2012-09-20 15:00:00,0,14.5,121.0,0001,0.0371933
2012-09-20 18:00:00,0,14.5,121.0,0001,0.1077652
2012-09-20 21:00:00,0,14.5,121.0,0001,0.123500824
2012-09-21 00:00:00,0,14.5,121.0,0001,0.21123886
2012-09-21 03:00:00,0,14.5,121.0,0001,0.076293945
2012-09-21 06:00:00,0,14.5,121.0,0001,0.1001358
2012-09-21 09:00:00,0,14.5,121.0,0001,0.34475327
2012-09-21 12:00:00,0,14.5,121.0,0001,0.082969666
2012-09-21 15:00:00,0,14.5,121.0,0001,0.008583069
2012-09-21 18:00:00,0,14.5,121.0,0001,0.22506714
2012-09-21 21:00:00,0,14.5,121.0,0001,0.0076293945
2012-09-22 00:00:00,0,14.5,121.0,0001,0.0047683716
2012-09-22 03:00:00,0,14.5,121.0,0001,0.12779236
2012-09-22 06:00:00,0,14.5,121.0,0001,0.35190582
2012-09-22 09:00:00,0,14.5,121.0,0001,1.408577
2012-09-22 12:00:00,0,14.5,121.0,0001,1.1415482
2012-09-22 15:00:00,0,14.5,121.0,0001,0.0019073486
2012-09-22 18:00:00,0,14.5,121.0,0001,0.0
2012-09-22 21:00:00,0,14.5,121.0,0001,0.018119812
2012-09-23 00:00:00,0,14.5,121.0,0001,0.01859665
2012-09-23 03:00:00,0,14.5,121.0,0001,0.09536743
2012-09-23 06:00:00,0,14.5,121.0,0001,0.4005432
2012-09-23 09:00:00,0,14.5,121.0,0001,0.48398972
2012-09-23 12:00:00,0,14.5,121.0,0001,0.2412796
2012-09-23 15:00:00,0,14.5,121.0,0001,0.27751923
2012-09-23 18:00:00,0,14.5,121.0,0001,0.0
2012-09-23 21:00:00,0,14.5,121.0,0001,0.00047683716
2012-09-24 00:00:00,0,14.5,121.0,0001,0.0
2012-09-24 03:00:00,0,14.5,121.0,0001,0.10108948
2012-09-24 06:00:00,0,14.5,121.0,0001,0.020980835
2012-09-24 09:00:00,0,14.5,121.0,0001,0.0
2012-09-24 12:00:00,0,14.5,121.0,0001,0.038146973
2012-09-24 15:00:00,0,14.5,121.0,0001,0.2002716
2012-09-24 18:00:00,0,14.5,121.0,0001,0.11014938
2012-09-24 21:00:00,0,14.5,121.0,0001,0.02193451
2012-09-25 00:00:00,0,14.5,121.0,0001,0.03528595
2012-09-25 03:00:00,0,14.5,121.0,0001,0.06484985
2012-09-25 06:00:00,0,14.5,121.0,0001,0.05722046
2012-09-25 09:00:00,0,14.5,121.0,0001,0.4620552
2012-09-25 12:00:00,0,14.5,121.0,0001,0.08678436
2012-09-25 15:00:00,0,14.5,121.0,0001,0.04196167
2012-09-25 18:00:00,0,14.5,121.0,0001,0.123500824
2012-09-25 21:00:00,0,14.5,121.0,0001,0.091552734
2012-09-26 00:00:00,0,14.5,121.0,0001,0.088214874
2012-09-26 03:00:00,0,14.5,121.0,0001,0.046253204
2012-09-26 06:00:00,0,14.5,121.0,0001,0.497818
2012-09-26 09:00:00,0,14.5,121.0,0001,0.120162964
2012-09-26 12:00:00,0,14.5,121.0,0001,1.1110306
2012-09-26 15:00:00,0,14.5,121.0,0001,0.18882751
2012-09-26 18:00:00,0,14.5,121.0,0001,0.0834465
2012-09-26 21:00:00,0,14.5,121.0,0001,0.10633469
2012-09-27 00:00:00,0,14.5,121.0,0001,0.13160706
2012-09-27 03:00:00,0,14.5,121.0,0001,0.19741058
2012-09-27 06:00:00,0,14.5,121.0,0001,0.25558472
2012-09-27 09:00:00,0,14.5,121.0,0001,0.10919571
2012-09-27 12:00:00,0,14.5,121.0,0001,0.16069412
2012-09-27 15:00:00,0,14.5,121.0,0001,0.13065338
2012-09-27 18:00:00,0,14.5,121.0,0001,0.054359436
2012-09-27 21:00:00,0,14.5,121.0,0001,0.3080368
2012-09-28 00:00:00,0,14.5,121.0,0001,0.116825104
2012-09-28 03:00:00,0,14.5,121.0,0001,0.17690659
2012-09-28 06:00:00,0,14.5,121.0,0001,0.5569458
2012-09-28 09:00:00,0,14.5,121.0,0001,0.50258636
2012-09-28 12:00:00,0,14.5,121.0,0001,0.104904175
2012-09-28 15:00:00,0,14.5,121.0,0001,0.1487732
2012-09-28 18:00:00,0,14.5,121.0,0001,0.08106232
2012-09-28 21:00:00,0,14.5,121.0,0001,0.091552734
2012-09-29 00:00:00,0,14.5,121.0,0001,0.1077652
2012-09-29 03:00:00,0,14.5,121.0,0001,0.18978119
2012-09-29 06:00:00,0,14.5,121.0,0001,0.08249283
2012-09-29 09:00:00,0,14.5,121.0,0001,1.0128021
2012-09-29 12:00:00,0,14.5,121.0,0001,1.7147064
2012-09-29 15:00:00,0,14.5,121.0,0001,0.33664703
2012-09-29 18:00:00,0,14.5,121.0,0001,0.1077652
2012-09-29 21:00:00,0,14.5,121.0,0001,0.20742416
2012-09-30 00:00:00,0,14.5,121.0,0001,0.11062622
2012-09-30 03:00:00,0,14.5,121.0,0001,2.0895004
2012-09-30 06:00:00,0,14.5,121.0,0001,0.14734268
2012-09-30 09:00:00,0,14.5,121.0,0001,2.9735565
2012-09-30 12:00:00,0,14.5,121.0,0001,0.48446655
2012-09-30 15:00:00,0,14.5,121.0,0001,0.32138824
2012-09-30 18:00:00,0,14.5,121.0,0001,0.53977966
2012-09-30 21:00:00,0,14.5,121.0,0001,0.6365776
2012-10-01 00:00:00,0,14.5,121.0,0001,0.0104904175
2012-10-01 03:00:00,0,14.5,121.0,0001,0.43916702
2012-10-01 06:00:00,0,14.5,121.0,0001,0.19526482
2012-10-01 09:00:00,0,14.5,121.0,0001,0.16736984
2012-10-01 12:00:00,0,14.5,121.0,0001,0.014781952
2012-10-01 15:00:00,0,14.5,121.0,0001,0.00047683716
2012-10-01 18:00:00,0,14.5,121.0,0001,0.5965233
2012-10-01 21:00:00,0,14.5,121.0,0001,0.0166893
2012-10-02 00:00:00,0,14.5,121.0,0001,0.6284714
2012-10-02 03:00:00,0,14.5,121.0,0001,0.2503395
2012-10-02 06:00:00,0,14.5,121.0,0001,1.7328262
2012-10-02 09:00:00,0,14.5,121.0,0001,1.9760132
2012-10-02 12:00:00,0,14.5,121.0,0001,0.7472038
2012-10-02 15:00:00,0,14.5,121.0,0001,0.76436996
2012-10-02 18:00:00,0,14.5,121.0,0001,0.34570694
2012-10-02 21:00:00,0,14.5,121.0,0001,2.9916763
2012-10-03 00:00:00,0,14.5,121.0,0001,3.3330917
2012-10-03 03:00:00,0,14.5,121.0,0001,1.3003349
2012-10-03 06:00:00,0,14.5,121.0,0001,0.68712234
2012-10-03 09:00:00,0,14.5,121.0,0001,1.0719299
2012-10-03 12:00:00,0,14.5,121.0,0001,0.2002716
2012-10-03 15:00:00,0,14.5,121.0,0001,0.016212463
2012-10-03 18:00:00,0,14.5,121.0,0001,0.04386902
2012-10-03 21:00:00,0,14.5,121.0,0001,0.0019073486
2012-10-04 00:00:00,0,14.5,121.0,0001,0.1296997
2012-10-04 03:00:00,0,14.5,121.0,0001,0.0538826
2012-10-04 06:00:00,0,14.5,121.0,0001,0.09012222
2012-10-04 09:00:00,0,14.5,121.0,0001,0.02336502
2012-10-04 12:00:00,0,14.5,121.0,0001,0.011920929
2012-10-04 15:00:00,0,14.5,121.0,0001,0.0
2012-10-04 18:00:00,0,14.5,121.0,0001,0.0019073486
2012-10-04 21:00:00,0,14.5,121.0,0001,0.011444092
2012-10-05 00:00:00,0,14.5,121.0,0001,0.08583069
2012-10-05 03:00:00,0,14.5,121.0,0001,0.73099136
2012-10-05 06:00:00,0,14.5,121.0,0001,0.8120537
2012-10-05 09:00:00,0,14.5,121.0,0001,0.38862228
2012-10-05 12:00:00,0,14.5,121.0,0001,1.0719299
2012-10-05 15:00:00,0,14.5,121.0,0001,0.06818771
2012-10-05 18:00:00,0,14.5,121.0,0001,0.0071525574
2012-10-05 21:00:00,0,14.5,121.0,0001,0.29420853
2012-10-06 00:00:00,0,14.5,121.0,0001,0.18024445
2012-10-06 03:00:00,0,14.5,121.0,0001,0.14686584
2012-10-06 06:00:00,0,14.5,121.0,0001,0.0166893
2012-10-06 09:00:00,0,14.5,121.0,0001,0.066280365
2012-10-06 12:00:00,0,14.5,121.0,0001,0.00047683716
2012-10-06 15:00:00,0,14.5,121.0,0001,0.0
2012-10-06 18:00:00,0,14.5,121.0,0001,0.034332275
2012-10-06 21:00:00,0,14.5,121.0,0001,0.079631805
2012-10-07 00:00:00,0,14.5,121.0,0001,0.01001358
2012-10-07 03:00:00,0,14.5,121.0,0001,0.054359436
2012-10-07 06:00:00,0,14.5,121.0,0001,0.1077652
2012-10-07 09:00:00,0,14.5,121.0,0001,0.04863739
2012-10-07 12:00:00,0,14.5,121.0,0001,0.059604645
2012-10-07 15:00:00,0,14.5,121.0,0001,0.02002716
2012-10-07 18:00:00,0,14.5,121.0,0001,0.03385544
2012-10-07 21:00:00,0,14.5,121.0,0001,0.021457672
2012-10-08 00:00:00,0,14.5,121.0,0001,0.0052452087
2012-10-08 03:00:00,0,14.5,121.0,0001,0.03528595
2012-10-08 06:00:00,0,14.5,121.0,0001,0.005722046
2012-10-08 09:00:00,0,14.5,121.0,0001,0.01859665
2012-10-08 12:00:00,0,14.5,121.0,0001,0.0038146973
2012-10-08 15:00:00,0,14.5,121.0,0001,0.11539459
2012-10-08 18:00:00,0,14.5,121.0,0001,0.06055832
2012-10-08 21:00:00,0,14.5,121.0,0001,0.0166893
2012-10-09 00:00:00,0,14.5,121.0,0001,0.041484833
2012-10-09 03:00:00,0,14.5,121.0,0001,0.31137466
2012-10-09 06:00:00,0,14.5,121.0,0001,0.016212463
2012-10-09 09:00:00,0,14.5,121.0,0001,0.120162964
2012-10-09 12:00:00,0,14.5,121.0,0001,0.030517578
2012-10-09 15:00:00,0,14.5,121.0,0001,0.024795532
2012-10-09 18:00:00,0,14.5,121.0,0001,0.010967255
2012-10-09 21:00:00,0,14.5,121.0,0001,0.011920929
2012-10-10 00:00:00,0,14.5,121.0,0001,0.15878677
2012-10-10 03:00:00,0,14.5,121.0,0001,0.08869171
2012-10-10 06:00:00,0,14.5,121.0,0001,0.029563904
2012-10-10 09:00:00,0,14.5,121.0,0001,0.084877014
2012-10-10 12:00:00,0,14.5,121.0,0001,0.08010864
2012-10-10 15:00:00,0,14.5,121.0,0001,0.42152405
2012-10-10 18:00:00,0,14.5,121.0,0001,0.04386902
2012-10-10 21:00:00,0,14.5,121.0,0001,0.0019073486
2012-10-11 00:00:00,0,14.5,121.0,0001,0.0009536743
2012-10-11 03:00:00,0,14.5,121.0,0001,0.02336502
2012-10-11 06:00:00,0,14.5,121.0,0001,0.013828278
2012-10-11 09:00:00,0,14.5,121.0,0001,0.0667572
2012-10-11 12:00:00,0,14.5,121.0,0001,0.07009506
2012-10-11 15:00:00,0,14.5,121.0,0001,0.4143715
2012-10-11 18:00:00,0,14.5,121.0,0001,0.0023841858
2012-10-11 21:00:00,0,14.5,121.0,0001,0.0
2012-10-12 00:00:00,0,14.5,121.0,0001,0.0
2012-10-12 03:00:00,0,14.5,121.0,0001,0.082969666
2012-10-12 06:00:00,0,14.5,121.0,0001,0.031471252
2012-10-12 09:00:00,0,14.5,121.0,0001,0.036239624
2012-10-12 12:00:00,0,14.5,121.0,0001,0.02670288
2012-10-12 15:00:00,0,14.5,121.0,0001,0.0019073486
2012-10-12 18:00:00,0,14.5,121.0,0001,0.0052452087
2012-10-12 21:00:00,0,14.5,121.0,0001,0.023841858
2012-10-13 00:00:00,0,14.5,121.0,0001,0.028133392
2012-10-13 03:00:00,0,14.5,121.0,0001,0.05340576
2012-10-13 06:00:00,0,14.5,121.0,0001,0.05722046
2012-10-13 09:00:00,0,14.5,121.0,0001,0.01335144
2012-10-13 12:00:00,0,14.5,121.0,0001,0.009059906
2012-10-13 15:00:00,0,14.5,121.0,0001,0.005722046
2012-10-13 18:00:00,0,14.5,121.0,0001,0.0076293945
2012-10-13 21:00:00,0,14.5,121.0,0001,0.00047683716
2012-10-14 00:00:00,0,14.5,121.0,0001,0.026226044
2012-10-14 03:00:00,0,14.5,121.0,0001,0.020980835
2012-10-14 06:00:00,0,14.5,121.0,0001,0.0
2012-10-14 09:00:00,0,14.5,121.0,0001,0.0
2012-10-14 12:00:00,0,14.5,121.0,0001,0.0
2012-10-14 15:00:00,0,14.5,121.0,0001,0.0
2012-10-14 18:00:00,0,14.5,121.0,0001,0.0
2012-10-14 21:00:00,0,14.5,121.0,0001,0.00047683716
2012-10-15 00:00:00,0,14.5,121.0,0001,0.00047683716
2012-10-15 03:00:00,0,14.5,121.0,0001,0.04386902
2012-10-15 06:00:00,0,14.5,121.0,0001,0.0
2012-10-15 09:00:00,0,14.5,121.0,0001,0.0
2012-10-15 12:00:00,0,14.5,121.0,0001,0.0
2012-10-15 15:00:00,0,14.5,121.0,0001,0.0
2012-10-15 18:00:00,0,14.5,121.0,0001,0.00047683716
2012-10-15 21:00:00,0,14.5,121.0,0001,0.0014305115
2012-10-16 00:00:00,0,14.5,121.0,0001,0.002861023
2012-10-16 03:00:00,0,14.5,121.0,0001,0.04673004
2012-10-16 06:00:00,0,14.5,121.0,0001,0.0014305115
2012-10-16 09:00:00,0,14.5,121.0,0001,0.0
2012-10-16 12:00:00,0,14.5,121.0,0001,0.0
2012-10-16 15:00:00,0,14.5,121.0,0001,0.0
2012-10-16 18:00:00,0,14.5,121.0,0001,0.0009536743
2012-10-16 21:00:00,0,14.5,121.0,0001,0.002861023
2012-10-17 00:00:00,0,14.5,121.0,0001,0.0042915344
2012-10-17 03:00:00,0,14.5,121.0,0001,0.020980835
2012-10-17 06:00:00,0,14.5,121.0,0001,0.00333786
2012-10-17 09:00:00,0,14.5,121.0,0001,0.0
2012-10-17 12:00:00,0,14.5,121.0,0001,0.0
2012-10-17 15:00:00,0,14.5,121.0,0001,0.012397766
2012-10-17 18:00:00,0,14.5,121.0,0001,0.01335144
2012-10-17 21:00:00,0,14.5,121.0,0001,0.016212463
2012-10-18 00:00:00,0,14.5,121.0,0001,0.022888184
2012-10-18 03:00:00,0,14.5,121.0,0001,0.14829636
2012-10-18 06:00:00,0,14.5,121.0,0001,0.017642975
2012-10-18 09:00:00,0,14.5,121.0,0001,0.015735626
2012-10-18 12:00:00,0,14.5,121.0,0001,0.0
2012-10-18 15:00:00,0,14.5,121.0,0001,0.0019073486
2012-10-18 18:00:00,0,14.5,121.0,0001,0.0009536743
2012-10-18 21:00:00,0,14.5,121.0,0001,0.0023841858
2012-10-19 00:00:00,0,14.5,121.0,0001,0.0009536743
2012-10-19 03:00:00,0,14.5,121.0,0001,0.0014305115
2012-10-19 06:00:00,0,14.5,121.0,0001,0.0
2012-10-19 09:00:00,0,14.5,121.0,0001,0.0014305115
2012-10-19 12:00:00,0,14.5,121.0,0001,0.008106232
2012-10-19 15:00:00,0,14.5,121.0,0001,0.0042915344
2012-10-19 18:00:00,0,14.5,121.0,0001,0.002861023
2012-10-19 21:00:00,0,14.5,121.0,0001,0.0019073486
2012-10-20 00:00:00,0,14.5,121.0,0001,0.0023841858
2012-10-20 03:00:00,0,14.5,121.0,0001,0.0
2012-10-20 06:00:00,0,14.5,121.0,0001,0.0
2012-10-20 09:00:00,0,14.5,121.0,0001,0.0
2012-10-20 12:00:00,0,14.5,121.0,0001,0.0
2012-10-20 15:00:00,0,14.5,121.0,0001,0.00333786
2012-10-20 18:00:00,0,14.5,121.0,0001,0.0023841858
2012-10-20 21:00:00,0,14.5,121.0,0001,0.00667572
2012-10-21 00:00:00,0,14.5,121.0,0001,0.052928925
2012-10-21 03:00:00,0,14.5,121.0,0001,0.11014938
2012-10-21 06:00:00,0,14.5,121.0,0001,0.01859665
2012-10-21 09:00:00,0,14.5,121.0,0001,0.00667572
2012-10-21 12:00:00,0,14.5,121.0,0001,0.0047683716
2012-10-21 15:00:00,0,14.5,121.0,0001,0.005722046
2012-10-21 18:00:00,0,14.5,121.0,0001,0.0038146973
2012-10-21 21:00:00,0,14.5,121.0,0001,0.0038146973
2012-10-22 00:00:00,0,14.5,121.0,0001,0.0
2012-10-22 03:00:00,0,14.5,121.0,0001,0.00333786
2012-10-22 06:00:00,0,14.5,121.0,0001,0.0
2012-10-22 09:00:00,0,14.5,121.0,0001,0.0
2012-10-22 12:00:00,0,14.5,121.0,0001,0.0
2012-10-22 15:00:00,0,14.5,121.0,0001,0.0
2012-10-22 18:00:00,0,14.5,121.0,0001,0.0
2012-10-22 21:00:00,0,14.5,121.0,0001,0.0
2012-10-23 00:00:00,0,14.5,121.0,0001,0.0
2012-10-23 03:00:00,0,14.5,121.0,0001,0.0
2012-10-23 06:00:00,0,14.5,121.0,0001,0.0
2012-10-23 09:00:00,0,14.5,121.0,0001,0.0
2012-10-23 12:00:00,0,14.5,121.0,0001,0.0
2012-10-23 15:00:00,0,14.5,121.0,0001,0.0
2012-10-23 18:00:00,0,14.5,121.0,0001,0.006198883
2012-10-23 21:00:00,0,14.5,121.0,0001,0.034332275
2012-10-24 00:00:00,0,14.5,121.0,0001,0.06437302
2012-10-24 03:00:00,0,14.5,121.0,0001,0.32186508
2012-10-24 06:00:00,0,14.5,121.0,0001,0.27036667
2012-10-24 09:00:00,0,14.5,121.0,0001,0.1502037
2012-10-24 12:00:00,0,14.5,121.0,0001,0.40531158
2012-10-24 15:00:00,0,14.5,121.0,0001,0.7967949
2012-10-24 18:00:00,0,14.5,121.0,0001,0.20265579
2012-10-24 21:00:00,0,14.5,121.0,0001,0.7429123
2012-10-25 00:00:00,0,14.5,121.0,0001,1.1324883
2012-10-25 03:00:00,0,14.5,121.0,0001,1.1434555
2012-10-25 06:00:00,0,14.5,121.0,0001,2.948761
2012-10-25 09:00:00,0,14.5,121.0,0001,1.6708374
2012-10-25 12:00:00,0,14.5,121.0,0001,0.7953644
2012-10-25 15:00:00,0,14.5,121.0,0001,1.229763
2012-10-25 18:00:00,0,14.5,121.0,0001,0.64849854
2012-10-25 21:00:00,0,14.5,121.0,0001,0.0910759
2012-10-26 00:00:00,0,14.5,121.0,0001,0.017166138
2012-10-26 03:00:00,0,14.5,121.0,0001,0.0052452087
2012-10-26 06:00:00,0,14.5,121.0,0001,0.07915497
2012-10-26 09:00:00,0,14.5,121.0,0001,0.036239624
2012-10-26 12:00:00,0,14.5,121.0,0001,0.42009354
2012-10-26 15:00:00,0,14.5,121.0,0001,0.084877014
2012-10-26 18:00:00,0,14.5,121.0,0001,0.28562546
2012-10-26 21:00:00,0,14.5,121.0,0001,0.0104904175
2012-10-27 00:00:00,0,14.5,121.0,0001,0.018119812
2012-10-27 03:00:00,0,14.5,121.0,0001,0.08106232
2012-10-27 06:00:00,0,14.5,121.0,0001,0.01001358
2012-10-27 09:00:00,0,14.5,121.0,0001,0.0
2012-10-27 12:00:00,0,14.5,121.0,0001,0.002861023
2012-10-27 15:00:00,0,14.5,121.0,0001,0.0019073486
2012-10-27 18:00:00,0,14.5,121.0,0001,0.0009536743
2012-10-27 21:00:00,0,14.5,121.0,0001,0.0009536743
2012-10-28 00:00:00,0,14.5,121.0,0001,0.0019073486
2012-10-28 03:00:00,0,14.5,121.0,0001,0.13589859
2012-10-28 06:00:00,0,14.5,121.0,0001,0.044345856
2012-10-28 09:00:00,0,14.5,121.0,0001,0.0076293945
2012-10-28 12:00:00,0,14.5,121.0,0001,0.0014305115
2012-10-28 15:00:00,0,14.5,121.0,0001,0.0038146973
2012-10-28 18:00:00,0,14.5,121.0,0001,0.0052452087
2012-10-28 21:00:00,0,14.5,121.0,0001,0.0038146973
2012-10-29 00:00:00,0,14.5,121.0,0001,0.0023841858
2012-10-29 03:00:00,0,14.5,121.0,0001,0.0014305115
2012-10-29 06:00:00,0,14.5,121.0,0001,0.0
2012-10-29 09:00:00,0,14.5,121.0,0001,0.0
2012-10-29 12:00:00,0,14.5,121.0,0001,0.0
2012-10-29 15:00:00,0,14.5,121.0,0001,0.0
2012-10-29 18:00:00,0,14.5,121.0,0001,0.0
2012-10-29 21:00:00,0,14.5,121.0,0001,0.0
2012-10-30 00:00:00,0,14.5,121.0,0001,0.0009536743
2012-10-30 03:00:00,0,14.5,121.0,0001,0.05054474
2012-10-30 06:00:00,0,14.5,121.0,0001,0.002861023
2012-10-30 09:00:00,0,14.5,121.0,0001,0.0
2012-10-30 12:00:00,0,14.5,121.0,0001,0.00047683716
2012-10-30 15:00:00,0,14.5,121.0,0001,0.0
2012-10-30 18:00:00,0,14.5,121.0,0001,0.020980835
2012-10-30 21:00:00,0,14.5,121.0,0001,0.0009536743
2012-10-31 00:00:00,0,14.5,121.0,0001,0.009536743
2012-10-31 03:00:00,0,14.5,121.0,0001,0.009536743
2012-10-31 06:00:00,0,14.5,121.0,0001,0.011920929
2012-10-31 09:00:00,0,14.5,121.0,0001,0.012874603
2012-10-31 12:00:00,0,14.5,121.0,0001,0.0
2012-10-31 15:00:00,0,14.5,121.0,0001,0.0
2012-10-31 18:00:00,0,14.5,121.0,0001,0.00047683716
2012-10-31 21:00:00,0,14.5,121.0,0001,0.0
2012-11-01 00:00:00,0,14.5,121.0,0001,0.0
2012-11-01 03:00:00,0,14.5,121.0,0001,0.0
2012-11-01 06:00:00,0,14.5,121.0,0001,0.0
2012-11-01 09:00:00,0,14.5,121.0,0001,0.0
2012-11-01 12:00:00,0,14.5,121.0,0001,0.0
2012-11-01 15:00:00,0,14.5,121.0,0001,0.0
2012-11-01 18:00:00,0,14.5,121.0,0001,0.0
2012-11-01 21:00:00,0,14.5,121.0,0001,0.0
2012-11-02 00:00:00,0,14.5,121.0,0001,0.0
2012-11-02 03:00:00,0,14.5,121.0,0001,0.0009536743
2012-11-02 06:00:00,0,14.5,121.0,0001,0.0
2012-11-02 09:00:00,0,14.5,121.0,0001,0.0
2012-11-02 12:00:00,0,14.5,121.0,0001,0.0
2012-11-02 15:00:00,0,14.5,121.0,0001,0.0019073486
2012-11-02 18:00:00,0,14.5,121.0,0001,0.00047683716
2012-11-02 21:00:00,0,14.5,121.0,0001,0.00047683716
2012-11-03 00:00:00,0,14.5,121.0,0001,0.0023841858
2012-11-03 03:00:00,0,14.5,121.0,0001,0.014305115
2012-11-03 06:00:00,0,14.5,121.0,0001,0.00667572
2012-11-03 09:00:00,0,14.5,121.0,0001,0.15974045
2012-11-03 12:00:00,0,14.5,121.0,0001,0.00047683716
2012-11-03 15:00:00,0,14.5,121.0,0001,0.002861023
2012-11-03 18:00:00,0,14.5,121.0,0001,0.00047683716
2012-11-03 21:00:00,0,14.5,121.0,0001,0.0500679
2012-11-04 00:00:00,0,14.5,121.0,0001,0.04339218
2012-11-04 03:00:00,0,14.5,121.0,0001,0.08106232
2012-11-04 06:00:00,0,14.5,121.0,0001,0.057697296
2012-11-04 09:00:00,0,14.5,121.0,0001,0.00333786
2012-11-04 12:00:00,0,14.5,121.0,0001,0.011920929
2012-11-04 15:00:00,0,14.5,121.0,0001,0.00047683716
2012-11-04 18:00:00,0,14.5,121.0,0001,0.0
2012-11-04 21:00:00,0,14.5,121.0,0001,0.006198883
2012-11-05 00:00:00,0,14.5,121.0,0001,0.008583069
2012-11-05 03:00:00,0,14.5,121.0,0001,0.029087067
2012-11-05 06:00:00,0,14.5,121.0,0001,0.00667572
2012-11-05 09:00:00,0,14.5,121.0,0001,0.19264221
2012-11-05 12:00:00,0,14.5,121.0,0001,0.0
2012-11-05 15:00:00,0,14.5,121.0,0001,0.002861023
2012-11-05 18:00:00,0,14.5,121.0,0001,0.0019073486
2012-11-05 21:00:00,0,14.5,121.0,0001,0.0019073486
2012-11-06 00:00:00,0,14.5,121.0,0001,0.0019073486
2012-11-06 03:00:00,0,14.5,121.0,0001,0.058174133
2012-11-06 06:00:00,0,14.5,121.0,0001,0.1411438
2012-11-06 09:00:00,0,14.5,121.0,0001,0.0009536743
2012-11-06 12:00:00,0,14.5,121.0,0001,0.0
2012-11-06 15:00:00,0,14.5,121.0,0001,0.002861023
2012-11-06 18:00:00,0,14.5,121.0,0001,0.0014305115
2012-11-06 21:00:00,0,14.5,121.0,0001,0.0019073486
2012-11-07 00:00:00,0,14.5,121.0,0001,0.0076293945
2012-11-07 03:00:00,0,14.5,121.0,0001,0.11110306
2012-11-07 06:00:00,0,14.5,121.0,0001,0.0038146973
2012-11-07 09:00:00,0,14.5,121.0,0001,0.0
2012-11-07 12:00:00,0,14.5,121.0,0001,0.0023841858
2012-11-07 15:00:00,0,14.5,121.0,0001,0.0042915344
2012-11-07 18:00:00,0,14.5,121.0,0001,0.0019073486
2012-11-07 21:00:00,0,14.5,121.0,0001,0.005722046
2012-11-08 00:00:00,0,14.5,121.0,0001,0.00667572
2012-11-08 03:00:00,0,14.5,121.0,0001,0.035762787
2012-11-08 06:00:00,0,14.5,121.0,0001,0.00667572
2012-11-08 09:00:00,0,14.5,121.0,0001,0.0076293945
2012-11-08 12:00:00,0,14.5,121.0,0001,0.002861023
2012-11-08 15:00:00,0,14.5,121.0,0001,0.0038146973
2012-11-08 18:00:00,0,14.5,121.0,0001,0.002861023
2012-11-08 21:00:00,0,14.5,121.0,0001,0.0038146973
2012-11-09 00:00:00,0,14.5,121.0,0001,0.0038146973
2012-11-09 03:00:00,0,14.5,121.0,0001,0.030040741
2012-11-09 06:00:00,0,14.5,121.0,0001,0.02861023
2012-11-09 09:00:00,0,14.5,121.0,0001,0.00047683716
2012-11-09 12:00:00,0,14.5,121.0,0001,0.00047683716
2012-11-09 15:00:00,0,14.5,121.0,0001,0.0009536743
2012-11-09 18:00:00,0,14.5,121.0,0001,0.06484985
2012-11-09 21:00:00,0,14.5,121.0,0001,0.0038146973
2012-11-10 00:00:00,0,14.5,121.0,0001,0.0076293945
2012-11-10 03:00:00,0,14.5,121.0,0001,0.015258789
2012-11-10 06:00:00,0,14.5,121.0,0001,0.00047683716
2012-11-10 09:00:00,0,14.5,121.0,0001,0.0
2012-11-10 12:00:00,0,14.5,121.0,0001,0.0
2012-11-10 15:00:00,0,14.5,121.0,0001,0.0
2012-11-10 18:00:00,0,14.5,121.0,0001,0.00047683716
2012-11-10 21:00:00,0,14.5,121.0,0001,0.0009536743
2012-11-11 00:00:00,0,14.5,121.0,0001,0.00333786
2012-11-11 03:00:00,0,14.5,121.0,0001,0.011444092
2012-11-11 06:00:00,0,14.5,121.0,0001,0.024795532
2012-11-11 09:00:00,0,14.5,121.0,0001,0.0
2012-11-11 12:00:00,0,14.5,121.0,0001,0.0
2012-11-11 15:00:00,0,14.5,121.0,0001,0.0
2012-11-11 18:00:00,0,14.5,121.0,0001,0.02527237
2012-11-11 21:00:00,0,14.5,121.0,0001,0.012397766
2012-11-12 00:00:00,0,14.5,121.0,0001,0.023841858
2012-11-12 03:00:00,0,14.5,121.0,0001,0.16307831
2012-11-12 06:00:00,0,14.5,121.0,0001,0.021457672
2012-11-12 09:00:00,0,14.5,121.0,0001,0.0047683716
2012-11-12 12:00:00,0,14.5,121.0,0001,0.00667572
2012-11-12 15:00:00,0,14.5,121.0,0001,0.13446808
2012-11-12 18:00:00,0,14.5,121.0,0001,0.0
2012-11-12 21:00:00,0,14.5,121.0,0001,0.0009536743
2012-11-13 00:00:00,0,14.5,121.0,0001,0.020980835
2012-11-13 03:00:00,0,14.5,121.0,0001,0.0333786
2012-11-13 06:00:00,0,14.5,121.0,0001,0.38218498
2012-11-13 09:00:00,0,14.5,121.0,0001,0.19741058
2012-11-13 12:00:00,0,14.5,121.0,0001,0.020503998
2012-11-13 15:00:00,0,14.5,121.0,0001,0.0047683716
2012-11-13 18:00:00,0,14.5,121.0,0001,0.005722046
2012-11-13 21:00:00,0,14.5,121.0,0001,0.002861023
2012-11-14 00:00:00,0,14.5,121.0,0001,0.01335144
2012-11-14 03:00:00,0,14.5,121.0,0001,0.002861023
2012-11-14 06:00:00,0,14.5,121.0,0001,0.01335144
2012-11-14 09:00:00,0,14.5,121.0,0001,0.0038146973
2012-11-14 12:00:00,0,14.5,121.0,0001,0.0019073486
2012-11-14 15:00:00,0,14.5,121.0,0001,0.009059906
2012-11-14 18:00:00,0,14.5,121.0,0001,0.0009536743
2012-11-14 21:00:00,0,14.5,121.0,0001,0.0042915344
2012-11-15 00:00:00,0,14.5,121.0,0001,0.041007996
2012-11-15 03:00:00,0,14.5,121.0,0001,0.0872612
2012-11-15 06:00:00,0,14.5,121.0,0001,0.0038146973
2012-11-15 09:00:00,0,14.5,121.0,0001,0.017166138
2012-11-15 12:00:00,0,14.5,121.0,0001,0.0038146973
2012-11-15 15:00:00,0,14.5,121.0,0001,0.04005432
2012-11-15 18:00:00,0,14.5,121.0,0001,0.17642975
2012-11-15 21:00:00,0,14.5,121.0,0001,0.0834465
2012-11-16 00:00:00,0,14.5,121.0,0001,0.044822693
2012-11-16 03:00:00,0,14.5,121.0,0001,0.046253204
2012-11-16 06:00:00,0,14.5,121.0,0001,0.18072128
2012-11-16 09:00:00,0,14.5,121.0,0001,0.0009536743
2012-11-16 12:00:00,0,14.5,121.0,0001,0.0
2012-11-16 15:00:00,0,14.5,121.0,0001,0.0023841858
2012-11-16 18:00:00,0,14.5,121.0,0001,0.0009536743
2012-11-16 21:00:00,0,14.5,121.0,0001,0.0
2012-11-17 00:00:00,0,14.5,121.0,0001,0.0
2012-11-17 03:00:00,0,14.5,121.0,0001,0.0
2012-11-17 06:00:00,0,14.5,121.0,0001,0.0
2012-11-17 09:00:00,0,14.5,121.0,0001,0.0
2012-11-17 12:00:00,0,14.5,121.0,0001,0.0
2012-11-17 15:00:00,0,14.5,121.0,0001,0.0
2012-11-17 18:00:00,0,14.5,121.0,0001,0.0
2012-11-17 21:00:00,0,14.5,121.0,0001,0.0
2012-11-18 00:00:00,0,14.5,121.0,0001,0.025749207
2012-11-18 03:00:00,0,14.5,121.0,0001,0.0023841858
2012-11-18 06:00:00,0,14.5,121.0,0001,0.0
2012-11-18 09:00:00,0,14.5,121.0,0001,0.0
2012-11-18 12:00:00,0,14.5,121.0,0001,0.0
2012-11-18 15:00:00,0,14.5,121.0,0001,0.0009536743
2012-11-18 18:00:00,0,14.5,121.0,0001,0.00047683716
2012-11-18 21:00:00,0,14.5,121.0,0001,0.0
2012-11-19 00:00:00,0,14.5,121.0,0001,0.0009536743
2012-11-19 03:00:00,0,14.5,121.0,0001,0.0052452087
2012-11-19 06:00:00,0,14.5,121.0,0001,0.011920929
2012-11-19 09:00:00,0,14.5,121.0,0001,0.047683716
2012-11-19 12:00:00,0,14.5,121.0,0001,0.0019073486
2012-11-19 15:00:00,0,14.5,121.0,0001,0.009059906
2012-11-19 18:00:00,0,14.5,121.0,0001,0.002861023
2012-11-19 21:00:00,0,14.5,121.0,0001,0.0104904175
2012-11-20 00:00:00,0,14.5,121.0,0001,0.022888184
2012-11-20 03:00:00,0,14.5,121.0,0001,0.015258789
2012-11-20 06:00:00,0,14.5,121.0,0001,0.04386902
2012-11-20 09:00:00,0,14.5,121.0,0001,0.00047683716
2012-11-20 12:00:00,0,14.5,121.0,0001,0.008583069
2012-11-20 15:00:00,0,14.5,121.0,0001,0.015258789
2012-11-20 18:00:00,0,14.5,121.0,0001,0.032424927
2012-11-20 21:00:00,0,14.5,121.0,0001,0.00047683716
2012-11-21 00:00:00,0,14.5,121.0,0001,0.00047683716
2012-11-21 03:00:00,0,14.5,121.0,0001,0.15163422
2012-11-21 06:00:00,0,14.5,121.0,0001,0.0009536743
2012-11-21 09:00:00,0,14.5,121.0,0001,0.0
2012-11-21 12:00:00,0,14.5,121.0,0001,0.0
2012-11-21 15:00:00,0,14.5,121.0,0001,0.00667572
2012-11-21 18:00:00,0,14.5,121.0,0001,0.0009536743
2012-11-21 21:00:00,0,14.5,121.0,0001,0.020503998
2012-11-22 00:00:00,0,14.5,121.0,0001,0.0038146973
2012-11-22 03:00:00,0,14.5,121.0,0001,0.009536743
2012-11-22 06:00:00,0,14.5,121.0,0001,0.0014305115
2012-11-22 09:00:00,0,14.5,121.0,0001,0.0
2012-11-22 12:00:00,0,14.5,121.0,0001,0.0
2012-11-22 15:00:00,0,14.5,121.0,0001,0.0
2012-11-22 18:00:00,0,14.5,121.0,0001,0.0
2012-11-22 21:00:00,0,14.5,121.0,0001,0.0009536743
2012-11-23 00:00:00,0,14.5,121.0,0001,0.0009536743
2012-11-23 03:00:00,0,14.5,121.0,0001,0.0
2012-11-23 06:00:00,0,14.5,121.0,0001,0.0
2012-11-23 09:00:00,0,14.5,121.0,0001,0.0
2012-11-23 12:00:00,0,14.5,121.0,0001,0.0
2012-11-23 15:00:00,0,14.5,121.0,0001,0.0
2012-11-23 18:00:00,0,14.5,121.0,0001,0.0
2012-11-23 21:00:00,0,14.5,121.0,0001,0.0
2012-11-24 00:00:00,0,14.5,121.0,0001,0.0
2012-11-24 03:00:00,0,14.5,121.0,0001,0.02670288
2012-11-24 06:00:00,0,14.5,121.0,0001,0.017642975
2012-11-24 09:00:00,0,14.5,121.0,0001,0.0
2012-11-24 12:00:00,0,14.5,121.0,0001,0.002861023
2012-11-24 15:00:00,0,14.5,121.0,0001,0.0038146973
2012-11-24 18:00:00,0,14.5,121.0,0001,0.005722046
2012-11-24 21:00:00,0,14.5,121.0,0001,0.0023841858
2012-11-25 00:00:00,0,14.5,121.0,0001,0.022888184
2012-11-25 03:00:00,0,14.5,121.0,0001,0.0
2012-11-25 06:00:00,0,14.5,121.0,0001,0.0
2012-11-25 09:00:00,0,14.5,121.0,0001,0.0
2012-11-25 12:00:00,0,14.5,121.0,0001,0.0
2012-11-25 15:00:00,0,14.5,121.0,0001,0.0
2012-11-25 18:00:00,0,14.5,121.0,0001,0.0
2012-11-25 21:00:00,0,14.5,121.0,0001,0.0
2012-11-26 00:00:00,0,14.5,121.0,0001,0.0
2012-11-26 03:00:00,0,14.5,121.0,0001,0.0009536743
2012-11-26 06:00:00,0,14.5,121.0,0001,0.0
2012-11-26 09:00:00,0,14.5,121.0,0001,0.0
2012-11-26 12:00:00,0,14.5,121.0,0001,0.0
2012-11-26 15:00:00,0,14.5,121.0,0001,0.0
2012-11-26 18:00:00,0,14.5,121.0,0001,0.0
2012-11-26 21:00:00,0,14.5,121.0,0001,0.0
2012-11-27 00:00:00,0,14.5,121.0,0001,0.0
2012-11-27 03:00:00,0,14.5,121.0,0001,0.0
2012-11-27 06:00:00,0,14.5,121.0,0001,0.0
2012-11-27 09:00:00,0,14.5,121.0,0001,0.0
2012-11-27 12:00:00,0,14.5,121.0,0001,0.0
2012-11-27 15:00:00,0,14.5,121.0,0001,0.00047683716
2012-11-27 18:00:00,0,14.5,121.0,0001,0.00333786
2012-11-27 21:00:00,0,14.5,121.0,0001,0.0019073486
2012-11-28 00:00:00,0,14.5,121.0,0001,0.025749207
2012-11-28 03:00:00,0,14.5,121.0,0001,0.008583069
2012-11-28 06:00:00,0,14.5,121.0,0001,0.0104904175
2012-11-28 09:00:00,0,14.5,121.0,0001,0.0
2012-11-28 12:00:00,0,14.5,121.0,0001,0.0
2012-11-28 15:00:00,0,14.5,121.0,0001,0.0
2012-11-28 18:00:00,0,14.5,121.0,0001,0.009536743
2012-11-28 21:00:00,0,14.5,121.0,0001,0.029087067
2012-11-29 00:00:00,0,14.5,121.0,0001,0.019073486
2012-11-29 03:00:00,0,14.5,121.0,0001,0.0
2012-11-29 06:00:00,0,14.5,121.0,0001,0.0
2012-11-29 09:00:00,0,14.5,121.0,0001,0.0
2012-11-29 12:00:00,0,14.5,121.0,0001,0.0
2012-11-29 15:00:00,0,14.5,121.0,0001,0.0
2012-11-29 18:00:00,0,14.5,121.0,0001,0.0
2012-11-29 21:00:00,0,14.5,121.0,0001,0.0
2012-11-30 00:00:00,0,14.5,121.0,0001,0.0
2012-11-30 03:00:00,0,14.5,121.0,0001,0.0
2012-11-30 06:00:00,0,14.5,121.0,0001,0.0
2012-11-30 09:00:00,0,14.5,121.0,0001,0.0
2012-11-30 12:00:00,0,14.5,121.0,0001,0.0
2012-11-30 15:00:00,0,14.5,121.0,0001,0.0
2012-11-30 18:00:00,0,14.5,121.0,0001,0.009059906
2012-11-30 21:00:00,0,14.5,121.0,0001,0.0104904175
2013-06-01 00:00:00,0,14.5,121.0,0001,0.015258789
2013-06-01 03:00:00,0,14.5,121.0,0001,0.049591064
2013-06-01 06:00:00,0,14.5,121.0,0001,0.12636185
2013-06-01 09:00:00,0,14.5,121.0,0001,0.039100647
2013-06-01 12:00:00,0,14.5,121.0,0001,0.028133392
2013-06-01 15:00:00,0,14.5,121.0,0001,0.008583069
2013-06-01 18:00:00,0,14.5,121.0,0001,0.0104904175
2013-06-01 21:00:00,0,14.5,121.0,0001,0.03671646
2013-06-02 00:00:00,0,14.5,121.0,0001,0.0009536743
2013-06-02 03:00:00,0,14.5,121.0,0001,0.022411346
2013-06-02 06:00:00,0,14.5,121.0,0001,0.06723404
2013-06-02 09:00:00,0,14.5,121.0,0001,0.0
2013-06-02 12:00:00,0,14.5,121.0,0001,0.00047683716
2013-06-02 15:00:00,0,14.5,121.0,0001,0.030517578
2013-06-02 18:00:00,0,14.5,121.0,0001,0.102996826
2013-06-02 21:00:00,0,14.5,121.0,0001,0.00333786
2013-06-03 00:00:00,0,14.5,121.0,0001,0.0047683716
2013-06-03 03:00:00,0,14.5,121.0,0001,0.01859665
2013-06-03 06:00:00,0,14.5,121.0,0001,0.008583069
2013-06-03 09:00:00,0,14.5,121.0,0001,0.64468384
2013-06-03 12:00:00,0,14.5,121.0,0001,0.006198883
2013-06-03 15:00:00,0,14.5,121.0,0001,0.017642975
2013-06-03 18:00:00,0,14.5,121.0,0001,0.0052452087
2013-06-03 21:00:00,0,14.5,121.0,0001,0.030994415
2013-06-04 00:00:00,0,14.5,121.0,0001,0.037670135
2013-06-04 03:00:00,0,14.5,121.0,0001,0.019073486
2013-06-04 06:00:00,0,14.5,121.0,0001,0.10061264
2013-06-04 09:00:00,0,14.5,121.0,0001,0.05340576
2013-06-04 12:00:00,0,14.5,121.0,0001,0.00047683716
2013-06-04 15:00:00,0,14.5,121.0,0001,0.0
2013-06-04 18:00:00,0,14.5,121.0,0001,0.00047683716
2013-06-04 21:00:00,0,14.5,121.0,0001,0.02002716
2013-06-05 00:00:00,0,14.5,121.0,0001,0.011920929
2013-06-05 03:00:00,0,14.5,121.0,0001,0.06532669
2013-06-05 06:00:00,0,14.5,121.0,0001,0.061035156
2013-06-05 09:00:00,0,14.5,121.0,0001,0.0
2013-06-05 12:00:00,0,14.5,121.0,0001,0.00667572
2013-06-05 15:00:00,0,14.5,121.0,0001,0.0019073486
2013-06-05 18:00:00,0,14.5,121.0,0001,0.0
2013-06-05 21:00:00,0,14.5,121.0,0001,0.0047683716
2013-06-06 00:00:00,0,14.5,121.0,0001,0.008583069
2013-06-06 03:00:00,0,14.5,121.0,0001,0.011920929
2013-06-06 06:00:00,0,14.5,121.0,0001,0.04720688
2013-06-06 09:00:00,0,14.5,121.0,0001,0.0014305115
2013-06-06 12:00:00,0,14.5,121.0,0001,0.10061264
2013-06-06 15:00:00,0,14.5,121.0,0001,0.0038146973
2013-06-06 18:00:00,0,14.5,121.0,0001,0.0
2013-06-06 21:00:00,0,14.5,121.0,0001,0.0
2013-06-07 00:00:00,0,14.5,121.0,0001,0.0023841858
2013-06-07 03:00:00,0,14.5,121.0,0001,0.07915497
2013-06-07 06:00:00,0,14.5,121.0,0001,0.31280518
2013-06-07 09:00:00,0,14.5,121.0,0001,0.14448166
2013-06-07 12:00:00,0,14.5,121.0,0001,0.09250641
2013-06-07 15:00:00,0,14.5,121.0,0001,0.071525574
2013-06-07 18:00:00,0,14.5,121.0,0001,0.108242035
2013-06-07 21:00:00,0,14.5,121.0,0001,0.0038146973
2013-06-08 00:00:00,0,14.5,121.0,0001,0.045776367
2013-06-08 03:00:00,0,14.5,121.0,0001,0.11634827
2013-06-08 06:00:00,0,14.5,121.0,0001,0.2708435
2013-06-08 09:00:00,0,14.5,121.0,0001,0.13828278
2013-06-08 12:00:00,0,14.5,121.0,0001,0.10347366
2013-06-08 15:00:00,0,14.5,121.0,0001,0.0371933
2013-06-08 18:00:00,0,14.5,121.0,0001,0.07009506
2013-06-08 21:00:00,0,14.5,121.0,0001,0.037670135
2013-06-09 00:00:00,0,14.5,121.0,0001,0.12588501
2013-06-09 03:00:00,0,14.5,121.0,0001,0.07009506
2013-06-09 06:00:00,0,14.5,121.0,0001,0.14686584
2013-06-09 09:00:00,0,14.5,121.0,0001,0.35619736
2013-06-09 12:00:00,0,14.5,121.0,0001,0.032901764
2013-06-09 15:00:00,0,14.5,121.0,0001,0.024318695
2013-06-09 18:00:00,0,14.5,121.0,0001,0.2579689
2013-06-09 21:00:00,0,14.5,121.0,0001,0.31280518
2013-06-10 00:00:00,0,14.5,121.0,0001,0.03528595
2013-06-10 03:00:00,0,14.5,121.0,0001,0.1502037
2013-06-10 06:00:00,0,14.5,121.0,0001,0.32520294
2013-06-10 09:00:00,0,14.5,121.0,0001,0.01335144
2013-06-10 12:00:00,0,14.5,121.0,0001,0.019073486
2013-06-10 15:00:00,0,14.5,121.0,0001,0.08678436
2013-06-10 18:00:00,0,14.5,121.0,0001,0.054836273
2013-06-10 21:00:00,0,14.5,121.0,0001,0.025749207
2013-06-11 00:00:00,0,14.5,121.0,0001,0.011444092
2013-06-11 03:00:00,0,14.5,121.0,0001,0.121593475
2013-06-11 06:00:00,0,14.5,121.0,0001,0.18835068
2013-06-11 09:00:00,0,14.5,121.0,0001,0.24604797
2013-06-11 12:00:00,0,14.5,121.0,0001,0.10442734
2013-06-11 15:00:00,0,14.5,121.0,0001,0.11587143
2013-06-11 18:00:00,0,14.5,121.0,0001,2.9478073
2013-06-11 21:00:00,0,14.5,121.0,0001,5.7086945
2013-06-12 00:00:00,0,14.5,121.0,0001,5.8250427
2013-06-12 03:00:00,0,14.5,121.0,0001,0.7972717
2013-06-12 06:00:00,0,14.5,121.0,0001,0.2670288
2013-06-12 09:00:00,0,14.5,121.0,0001,1.5716553
2013-06-12 12:00:00,0,14.5,121.0,0001,0.7004738
2013-06-12 15:00:00,0,14.5,121.0,0001,0.32377243
2013-06-12 18:00:00,0,14.5,121.0,0001,0.10108948
2013-06-12 21:00:00,0,14.5,121.0,0001,0.17166138
2013-06-13 00:00:00,0,14.5,121.0,0001,0.41532516
2013-06-13 03:00:00,0,14.5,121.0,0001,0.24032593
2013-06-13 06:00:00,0,14.5,121.0,0001,0.32615662
2013-06-13 09:00:00,0,14.5,121.0,0001,1.3217926
2013-06-13 12:00:00,0,14.5,121.0,0001,0.5540848
2013-06-13 15:00:00,0,14.5,121.0,0001,0.07534027
2013-06-13 18:00:00,0,14.5,121.0,0001,0.054836273
2013-06-13 21:00:00,0,14.5,121.0,0001,0.111579895
2013-06-14 00:00:00,0,14.5,121.0,0001,0.15497208
2013-06-14 03:00:00,0,14.5,121.0,0001,0.13923645
2013-06-14 06:00:00,0,14.5,121.0,0001,0.6532669
2013-06-14 09:00:00,0,14.5,121.0,0001,0.41151047
2013-06-14 12:00:00,0,14.5,121.0,0001,0.02861023
2013-06-14 15:00:00,0,14.5,121.0,0001,0.027656555
2013-06-14 18:00:00,0,14.5,121.0,0001,0.01335144
2013-06-14 21:00:00,0,14.5,121.0,0001,0.099658966
2013-06-15 00:00:00,0,14.5,121.0,0001,0.120162964
2013-06-15 03:00:00,0,14.5,121.0,0001,0.023841858
2013-06-15 06:00:00,0,14.5,121.0,0001,0.00333786
2013-06-15 09:00:00,0,14.5,121.0,0001,0.03385544
2013-06-15 12:00:00,0,14.5,121.0,0001,0.005722046
2013-06-15 15:00:00,0,14.5,121.0,0001,0.8306503
2013-06-15 18:00:00,0,14.5,121.0,0001,0.02527237
2013-06-15 21:00:00,0,14.5,121.0,0001,0.00047683716
2013-06-16 00:00:00,0,14.5,121.0,0001,0.0009536743
2013-06-16 03:00:00,0,14.5,121.0,0001,0.16641617
2013-06-16 06:00:00,0,14.5,121.0,0001,0.030994415
2013-06-16 09:00:00,0,14.5,121.0,0001,0.26750565
2013-06-16 12:00:00,0,14.5,121.0,0001,0.06866455
2013-06-16 15:00:00,0,14.5,121.0,0001,2.4223328
2013-06-16 18:00:00,0,14.5,121.0,0001,0.16784668
2013-06-16 21:00:00,0,14.5,121.0,0001,0.13160706
2013-06-17 00:00:00,0,14.5,121.0,0001,0.05340576
2013-06-17 03:00:00,0,14.5,121.0,0001,0.06389618
2013-06-17 06:00:00,0,14.5,121.0,0001,0.41151047
2013-06-17 09:00:00,0,14.5,121.0,0001,1.1167526
2013-06-17 12:00:00,0,14.5,121.0,0001,2.1076202
2013-06-17 15:00:00,0,14.5,121.0,0001,0.16927719
2013-06-17 18:00:00,0,14.5,121.0,0001,0.054359436
2013-06-17 21:00:00,0,14.5,121.0,0001,0.31089783
2013-06-18 00:00:00,0,14.5,121.0,0001,0.11396408
2013-06-18 03:00:00,0,14.5,121.0,0001,4.4431686
2013-06-18 06:00:00,0,14.5,121.0,0001,0.44345856
2013-06-18 09:00:00,0,14.5,121.0,0001,0.10633469
2013-06-18 12:00:00,0,14.5,121.0,0001,0.18596649
2013-06-18 15:00:00,0,14.5,121.0,0001,1.4848709
2013-06-18 18:00:00,0,14.5,121.0,0001,1.3861656
2013-06-18 21:00:00,0,14.5,121.0,0001,0.25892258
2013-06-19 00:00:00,0,14.5,121.0,0001,0.79250336
2013-06-19 03:00:00,0,14.5,121.0,0001,0.71811676
2013-06-19 06:00:00,0,14.5,121.0,0001,1.7366409
2013-06-19 09:00:00,0,14.5,121.0,0001,1.2435913
2013-06-19 12:00:00,0,14.5,121.0,0001,0.86021423
2013-06-19 15:00:00,0,14.5,121.0,0001,0.37002563
2013-06-19 18:00:00,0,14.5,121.0,0001,0.16355515
2013-06-19 21:00:00,0,14.5,121.0,0001,0.10585785
2013-06-20 00:00:00,0,14.5,121.0,0001,0.078201294
2013-06-20 03:00:00,0,14.5,121.0,0001,0.23460388
2013-06-20 06:00:00,0,14.5,121.0,0001,0.27179718
2013-06-20 09:00:00,0,14.5,121.0,0001,0.49591064
2013-06-20 12:00:00,0,14.5,121.0,0001,0.16117096
2013-06-20 15:00:00,0,14.5,121.0,0001,0.88977814
2013-06-20 18:00:00,0,14.5,121.0,0001,0.38671494
2013-06-20 21:00:00,0,14.5,121.0,0001,0.1296997
2013-06-21 00:00:00,0,14.5,121.0,0001,0.37956238
2013-06-21 03:00:00,0,14.5,121.0,0001,0.46396255
2013-06-21 06:00:00,0,14.5,121.0,0001,1.5201569
2013-06-21 09:00:00,0,14.5,121.0,0001,1.4448166
2013-06-21 12:00:00,0,14.5,121.0,0001,1.958847
2013-06-21 15:00:00,0,14.5,121.0,0001,0.56791306
2013-06-21 18:00:00,0,14.5,121.0,0001,2.175331
2013-06-21 21:00:00,0,14.5,121.0,0001,0.21028519
2013-06-22 00:00:00,0,14.5,121.0,0001,0.3194809
2013-06-22 03:00:00,0,14.5,121.0,0001,0.5645752
2013-06-22 06:00:00,0,14.5,121.0,0001,0.22888184
2013-06-22 09:00:00,0,14.5,121.0,0001,0.34856796
2013-06-22 12:00:00,0,14.5,121.0,0001,0.29420853
2013-06-22 15:00:00,0,14.5,121.0,0001,0.5226135
2013-06-22 18:00:00,0,14.5,121.0,0001,0.9942055
2013-06-22 21:00:00,0,14.5,121.0,0001,0.25177002
2013-06-23 00:00:00,0,14.5,121.0,0001,0.0038146973
2013-06-23 03:00:00,0,14.5,121.0,0001,0.0023841858
2013-06-23 06:00:00,0,14.5,121.0,0001,0.00667572
2013-06-23 09:00:00,0,14.5,121.0,0001,6.17218
2013-06-23 12:00:00,0,14.5,121.0,0001,0.01859665
2013-06-23 15:00:00,0,14.5,121.0,0001,0.0
2013-06-23 18:00:00,0,14.5,121.0,0001,0.0
2013-06-23 21:00:00,0,14.5,121.0,0001,0.0
2013-06-24 00:00:00,0,14.5,121.0,0001,0.0
2013-06-24 03:00:00,0,14.5,121.0,0001,0.08201599
2013-06-24 06:00:00,0,14.5,121.0,0001,0.03671646
2013-06-24 09:00:00,0,14.5,121.0,0001,0.06580353
2013-06-24 12:00:00,0,14.5,121.0,0001,0.0
2013-06-24 15:00:00,0,14.5,121.0,0001,0.00047683716
2013-06-24 18:00:00,0,14.5,121.0,0001,0.17738342
2013-06-24 21:00:00,0,14.5,121.0,0001,0.0019073486
2013-06-25 00:00:00,0,14.5,121.0,0001,0.008106232
2013-06-25 03:00:00,0,14.5,121.0,0001,0.05197525
2013-06-25 06:00:00,0,14.5,121.0,0001,0.055789948
2013-06-25 09:00:00,0,14.5,121.0,0001,0.002861023
2013-06-25 12:00:00,0,14.5,121.0,0001,0.066280365
2013-06-25 15:00:00,0,14.5,121.0,0001,0.0
2013-06-25 18:00:00,0,14.5,121.0,0001,0.044822693
2013-06-25 21:00:00,0,14.5,121.0,0001,0.0042915344
2013-06-26 00:00:00,0,14.5,121.0,0001,0.04386902
2013-06-26 03:00:00,0,14.5,121.0,0001,0.0538826
2013-06-26 06:00:00,0,14.5,121.0,0001,0.044345856
2013-06-26 09:00:00,0,14.5,121.0,0001,0.01335144
2013-06-26 12:00:00,0,14.5,121.0,0001,0.0
2013-06-26 15:00:00,0,14.5,121.0,0001,0.034332275
2013-06-26 18:00:00,0,14.5,121.0,0001,0.0009536743
2013-06-26 21:00:00,0,14.5,121.0,0001,0.032901764
2013-06-27 00:00:00,0,14.5,121.0,0001,0.02193451
2013-06-27 03:00:00,0,14.5,121.0,0001,0.02002716
2013-06-27 06:00:00,0,14.5,121.0,0001,0.09870529
2013-06-27 09:00:00,0,14.5,121.0,0001,0.06341934
2013-06-27 12:00:00,0,14.5,121.0,0001,0.07247925
2013-06-27 15:00:00,0,14.5,121.0,0001,0.0019073486
2013-06-27 18:00:00,0,14.5,121.0,0001,0.01001358
2013-06-27 21:00:00,0,14.5,121.0,0001,0.0333786
2013-06-28 00:00:00,0,14.5,121.0,0001,0.0038146973
2013-06-28 03:00:00,0,14.5,121.0,0001,0.058174133
2013-06-28 06:00:00,0,14.5,121.0,0001,0.11730194
2013-06-28 09:00:00,0,14.5,121.0,0001,0.023841858
2013-06-28 12:00:00,0,14.5,121.0,0001,0.07915497
2013-06-28 15:00:00,0,14.5,121.0,0001,0.21266937
2013-06-28 18:00:00,0,14.5,121.0,0001,0.07200241
2013-06-28 21:00:00,0,14.5,121.0,0001,0.0042915344
2013-06-29 00:00:00,0,14.5,121.0,0001,0.039577484
2013-06-29 03:00:00,0,14.5,121.0,0001,0.0743866
2013-06-29 06:00:00,0,14.5,121.0,0001,0.14734268
2013-06-29 09:00:00,0,14.5,121.0,0001,0.17642975
2013-06-29 12:00:00,0,14.5,121.0,0001,2.2087097
2013-06-29 15:00:00,0,14.5,121.0,0001,4.998207
2013-06-29 18:00:00,0,14.5,121.0,0001,6.3729286
2013-06-29 21:00:00,0,14.5,121.0,0001,2.093792
2013-06-30 00:00:00,0,14.5,121.0,0001,4.4431686
2013-06-30 03:00:00,0,14.5,121.0,0001,2.0685196
2013-06-30 06:00:00,0,14.5,121.0,0001,1.4438629
2013-06-30 09:00:00,0,14.5,121.0,0001,3.607273
2013-06-30 12:00:00,0,14.5,121.0,0001,0.5221367
2013-06-30 15:00:00,0,14.5,121.0,0001,0.020980835
2013-06-30 18:00:00,0,14.5,121.0,0001,0.08249283
2013-06-30 21:00:00,0,14.5,121.0,0001,0.22745132
2013-07-01 00:00:00,0,14.5,121.0,0001,0.0667572
2013-07-01 03:00:00,0,14.5,121.0,0001,0.32758713
2013-07-01 06:00:00,0,14.5,121.0,0001,0.20265579
2013-07-01 09:00:00,0,14.5,121.0,0001,0.008106232
2013-07-01 12:00:00,0,14.5,121.0,0001,0.011920929
2013-07-01 15:00:00,0,14.5,121.0,0001,0.00047683716
2013-07-01 18:00:00,0,14.5,121.0,0001,0.02861023
2013-07-01 21:00:00,0,14.5,121.0,0001,0.0019073486
2013-07-02 00:00:00,0,14.5,121.0,0001,0.015258789
2013-07-02 03:00:00,0,14.5,121.0,0001,0.14829636
2013-07-02 06:00:00,0,14.5,121.0,0001,0.23126602
2013-07-02 09:00:00,0,14.5,121.0,0001,0.33140182
2013-07-02 12:00:00,0,14.5,121.0,0001,0.00047683716
2013-07-02 15:00:00,0,14.5,121.0,0001,0.25463104
2013-07-02 18:00:00,0,14.5,121.0,0001,0.14257431
2013-07-02 21:00:00,0,14.5,121.0,0001,0.5283356
2013-07-03 00:00:00,0,14.5,121.0,0001,0.34809113
2013-07-03 03:00:00,0,14.5,121.0,0001,0.042438507
2013-07-03 06:00:00,0,14.5,121.0,0001,3.525734
2013-07-03 09:00:00,0,14.5,121.0,0001,0.02670288
2013-07-03 12:00:00,0,14.5,121.0,0001,0.00047683716
2013-07-03 15:00:00,0,14.5,121.0,0001,0.0076293945
2013-07-03 18:00:00,0,14.5,121.0,0001,0.0
2013-07-03 21:00:00,0,14.5,121.0,0001,0.0
2013-07-04 00:00:00,0,14.5,121.0,0001,0.12588501
2013-07-04 03:00:00,0,14.5,121.0,0001,0.10585785
2013-07-04 06:00:00,0,14.5,121.0,0001,0.030040741
2013-07-04 09:00:00,0,14.5,121.0,0001,1.1086464
2013-07-04 12:00:00,0,14.5,121.0,0001,0.00333786
2013-07-04 15:00:00,0,14.5,121.0,0001,0.02193451
2013-07-04 18:00:00,0,14.5,121.0,0001,0.022411346
2013-07-04 21:00:00,0,14.5,121.0,0001,0.52928925
2013-07-05 00:00:00,0,14.5,121.0,0001,0.039100647
2013-07-05 03:00:00,0,14.5,121.0,0001,0.0009536743
2013-07-05 06:00:00,0,14.5,121.0,0001,0.30183792
2013-07-05 09:00:00,0,14.5,121.0,0001,0.0
2013-07-05 12:00:00,0,14.5,121.0,0001,0.0019073486
2013-07-05 15:00:00,0,14.5,121.0,0001,0.0
2013-07-05 18:00:00,0,14.5,121.0,0001,0.20503998
2013-07-05 21:00:00,0,14.5,121.0,0001,0.06818771
2013-07-06 00:00:00,0,14.5,121.0,0001,0.006198883
2013-07-06 03:00:00,0,14.5,121.0,0001,0.036239624
2013-07-06 06:00:00,0,14.5,121.0,0001,0.027179718
2013-07-06 09:00:00,0,14.5,121.0,0001,0.1001358
2013-07-06 12:00:00,0,14.5,121.0,0001,0.08106232
2013-07-06 15:00:00,0,14.5,121.0,0001,0.0
2013-07-06 18:00:00,0,14.5,121.0,0001,0.054359436
2013-07-06 21:00:00,0,14.5,121.0,0001,0.061035156
2013-07-07 00:00:00,0,14.5,121.0,0001,0.02861023
2013-07-07 03:00:00,0,14.5,121.0,0001,0.091552734
2013-07-07 06:00:00,0,14.5,121.0,0001,0.016212463
2013-07-07 09:00:00,0,14.5,121.0,0001,0.062465668
2013-07-07 12:00:00,0,14.5,121.0,0001,0.17786026
2013-07-07 15:00:00,0,14.5,121.0,0001,0.032424927
2013-07-07 18:00:00,0,14.5,121.0,0001,0.0
2013-07-07 21:00:00,0,14.5,121.0,0001,0.04386902
2013-07-08 00:00:00,0,14.5,121.0,0001,0.005722046
2013-07-08 03:00:00,0,14.5,121.0,0001,0.015735626
2013-07-08 06:00:00,0,14.5,121.0,0001,0.61035156
2013-07-08 09:00:00,0,14.5,121.0,0001,0.07867813
2013-07-08 12:00:00,0,14.5,121.0,0001,0.0
2013-07-08 15:00:00,0,14.5,121.0,0001,0.0042915344
2013-07-08 18:00:00,0,14.5,121.0,0001,0.20074844
2013-07-08 21:00:00,0,14.5,121.0,0001,0.015258789
2013-07-09 00:00:00,0,14.5,121.0,0001,0.0166893
2013-07-09 03:00:00,0,14.5,121.0,0001,0.0371933
2013-07-09 06:00:00,0,14.5,121.0,0001,0.20885468
2013-07-09 09:00:00,0,14.5,121.0,0001,0.0834465
2013-07-09 12:00:00,0,14.5,121.0,0001,0.04386902
2013-07-09 15:00:00,0,14.5,121.0,0001,0.02193451
2013-07-09 18:00:00,0,14.5,121.0,0001,0.002861023
2013-07-09 21:00:00,0,14.5,121.0,0001,0.0
2013-07-10 00:00:00,0,14.5,121.0,0001,0.00047683716
2013-07-10 03:00:00,0,14.5,121.0,0001,0.0076293945
2013-07-10 06:00:00,0,14.5,121.0,0001,0.014305115
2013-07-10 09:00:00,0,14.5,121.0,0001,0.3376007
2013-07-10 12:00:00,0,14.5,121.0,0001,0.036239624
2013-07-10 15:00:00,0,14.5,121.0,0001,0.0
2013-07-10 18:00:00,0,14.5,121.0,0001,0.039577484
2013-07-10 21:00:00,0,14.5,121.0,0001,0.0
2013-07-11 00:00:00,0,14.5,121.0,0001,0.0
2013-07-11 03:00:00,0,14.5,121.0,0001,0.069618225
2013-07-11 06:00:00,0,14.5,121.0,0001,0.121593475
2013-07-11 09:00:00,0,14.5,121.0,0001,1.37043
2013-07-11 12:00:00,0,14.5,121.0,0001,0.0
2013-07-11 15:00:00,0,14.5,121.0,0001,0.0019073486
2013-07-11 18:00:00,0,14.5,121.0,0001,0.17547607
2013-07-11 21:00:00,0,14.5,121.0,0001,0.05722046
2013-07-12 00:00:00,0,14.5,121.0,0001,0.16498566
2013-07-12 03:00:00,0,14.5,121.0,0001,0.44059753
2013-07-12 06:00:00,0,14.5,121.0,0001,0.4825592
2013-07-12 09:00:00,0,14.5,121.0,0001,0.15687943
2013-07-12 12:00:00,0,14.5,121.0,0001,0.07915497
2013-07-12 15:00:00,0,14.5,121.0,0001,0.058174133
2013-07-12 18:00:00,0,14.5,121.0,0001,0.08678436
2013-07-12 21:00:00,0,14.5,121.0,0001,0.78725815
2013-07-13 00:00:00,0,14.5,121.0,0001,0.2784729
2013-07-13 03:00:00,0,14.5,121.0,0001,0.23555756
2013-07-13 06:00:00,0,14.5,121.0,0001,2.0570755
2013-07-13 09:00:00,0,14.5,121.0,0001,0.5030632
2013-07-13 12:00:00,0,14.5,121.0,0001,0.5364418
2013-07-13 15:00:00,0,14.5,121.0,0001,0.12779236
2013-07-13 18:00:00,0,14.5,121.0,0001,0.44679642
2013-07-13 21:00:00,0,14.5,121.0,0001,0.019073486
2013-07-14 00:00:00,0,14.5,121.0,0001,0.00667572
2013-07-14 03:00:00,0,14.5,121.0,0001,0.060081482
2013-07-14 06:00:00,0,14.5,121.0,0001,0.32424927
2013-07-14 09:00:00,0,14.5,121.0,0001,0.8392334
2013-07-14 12:00:00,0,14.5,121.0,0001,0.00667572
2013-07-14 15:00:00,0,14.5,121.0,0001,0.0104904175
2013-07-14 18:00:00,0,14.5,121.0,0001,0.012397766
2013-07-14 21:00:00,0,14.5,121.0,0001,0.0023841858
2013-07-15 00:00:00,0,14.5,121.0,0001,0.009059906
2013-07-15 03:00:00,0,14.5,121.0,0001,0.06723404
2013-07-15 06:00:00,0,14.5,121.0,0001,0.6084442
2013-07-15 09:00:00,0,14.5,121.0,0001,0.36764145
2013-07-15 12:00:00,0,14.5,121.0,0001,0.33569336
2013-07-15 15:00:00,0,14.5,121.0,0001,0.037670135
2013-07-15 18:00:00,0,14.5,121.0,0001,0.027656555
2013-07-15 21:00:00,0,14.5,121.0,0001,0.18119812
2013-07-16 00:00:00,0,14.5,121.0,0001,0.13160706
2013-07-16 03:00:00,0,14.5,121.0,0001,0.111579895
2013-07-16 06:00:00,0,14.5,121.0,0001,1.0724068
2013-07-16 09:00:00,0,14.5,121.0,0001,0.82969666
2013-07-16 12:00:00,0,14.5,121.0,0001,0.29850006
2013-07-16 15:00:00,0,14.5,121.0,0001,0.09679794
2013-07-16 18:00:00,0,14.5,121.0,0001,0.5431175
2013-07-16 21:00:00,0,14.5,121.0,0001,0.026226044
2013-07-17 00:00:00,0,14.5,121.0,0001,0.21362305
2013-07-17 03:00:00,0,14.5,121.0,0001,0.06866455
2013-07-17 06:00:00,0,14.5,121.0,0001,0.3671646
2013-07-17 09:00:00,0,14.5,121.0,0001,0.18835068
2013-07-17 12:00:00,0,14.5,121.0,0001,0.07200241
2013-07-17 15:00:00,0,14.5,121.0,0001,0.24557114
2013-07-17 18:00:00,0,14.5,121.0,0001,0.01001358
2013-07-17 21:00:00,0,14.5,121.0,0001,0.002861023
2013-07-18 00:00:00,0,14.5,121.0,0001,0.054359436
2013-07-18 03:00:00,0,14.5,121.0,0001,0.14972687
2013-07-18 06:00:00,0,14.5,121.0,0001,0.03194809
2013-07-18 09:00:00,0,14.5,121.0,0001,1.7213821
2013-07-18 12:00:00,0,14.5,121.0,0001,1.3728142
2013-07-18 15:00:00,0,14.5,121.0,0001,0.0
2013-07-18 18:00:00,0,14.5,121.0,0001,0.0104904175
2013-07-18 21:00:00,0,14.5,121.0,0001,0.008583069
2013-07-19 00:00:00,0,14.5,121.0,0001,0.04720688
2013-07-19 03:00:00,0,14.5,121.0,0001,0.12207031
2013-07-19 06:00:00,0,14.5,121.0,0001,1.5120506
2013-07-19 09:00:00,0,14.5,121.0,0001,0.3633499
2013-07-19 12:00:00,0,14.5,121.0,0001,0.31375885
2013-07-19 15:00:00,0,14.5,121.0,0001,0.0009536743
2013-07-19 18:00:00,0,14.5,121.0,0001,0.0047683716
2013-07-19 21:00:00,0,14.5,121.0,0001,0.29420853
2013-07-20 00:00:00,0,14.5,121.0,0001,0.1988411
2013-07-20 03:00:00,0,14.5,121.0,0001,0.059604645
2013-07-20 06:00:00,0,14.5,121.0,0001,0.08583069
2013-07-20 09:00:00,0,14.5,121.0,0001,0.016212463
2013-07-20 12:00:00,0,14.5,121.0,0001,0.0
2013-07-20 15:00:00,0,14.5,121.0,0001,0.002861023
2013-07-20 18:00:00,0,14.5,121.0,0001,0.069618225
2013-07-20 21:00:00,0,14.5,121.0,0001,0.056266785
2013-07-21 00:00:00,0,14.5,121.0,0001,0.0009536743
2013-07-21 03:00:00,0,14.5,121.0,0001,0.04673004
2013-07-21 06:00:00,0,14.5,121.0,0001,0.045776367
2013-07-21 09:00:00,0,14.5,121.0,0001,2.6102066
2013-07-21 12:00:00,0,14.5,121.0,0001,0.22172928
2013-07-21 15:00:00,0,14.5,121.0,0001,0.074863434
2013-07-21 18:00:00,0,14.5,121.0,0001,0.5850792
2013-07-21 21:00:00,0,14.5,121.0,0001,0.20217896
2013-07-22 00:00:00,0,14.5,121.0,0001,0.012874603
2013-07-22 03:00:00,0,14.5,121.0,0001,0.0371933
2013-07-22 06:00:00,0,14.5,121.0,0001,0.06055832
2013-07-22 09:00:00,0,14.5,121.0,0001,0.54836273
2013-07-22 12:00:00,0,14.5,121.0,0001,0.88357925
2013-07-22 15:00:00,0,14.5,121.0,0001,0.48351288
2013-07-22 18:00:00,0,14.5,121.0,0001,0.18262863
2013-07-22 21:00:00,0,14.5,121.0,0001,0.118255615
2013-07-23 00:00:00,0,14.5,121.0,0001,0.17118454
2013-07-23 03:00:00,0,14.5,121.0,0001,0.49066544
2013-07-23 06:00:00,0,14.5,121.0,0001,1.8572807
2013-07-23 09:00:00,0,14.5,121.0,0001,2.1028519
2013-07-23 12:00:00,0,14.5,121.0,0001,1.8000603
2013-07-23 15:00:00,0,14.5,121.0,0001,1.8463135
2013-07-23 18:00:00,0,14.5,121.0,0001,0.37574768
2013-07-23 21:00:00,0,14.5,121.0,0001,0.096321106
2013-07-24 00:00:00,0,14.5,121.0,0001,0.0
2013-07-24 03:00:00,0,14.5,121.0,0001,0.05722046
2013-07-24 06:00:00,0,14.5,121.0,0001,0.01335144
2013-07-24 09:00:00,0,14.5,121.0,0001,0.017166138
2013-07-24 12:00:00,0,14.5,121.0,0001,0.009536743
2013-07-24 15:00:00,0,14.5,121.0,0001,0.0
2013-07-24 18:00:00,0,14.5,121.0,0001,0.0
2013-07-24 21:00:00,0,14.5,121.0,0001,0.022888184
2013-07-25 00:00:00,0,14.5,121.0,0001,0.002861023
2013-07-25 03:00:00,0,14.5,121.0,0001,0.0
2013-07-25 06:00:00,0,14.5,121.0,0001,0.011444092
2013-07-25 09:00:00,0,14.5,121.0,0001,0.0
2013-07-25 12:00:00,0,14.5,121.0,0001,0.0
2013-07-25 15:00:00,0,14.5,121.0,0001,0.0
2013-07-25 18:00:00,0,14.5,121.0,0001,0.0023841858
2013-07-25 21:00:00,0,14.5,121.0,0001,0.071525574
2013-07-26 00:00:00,0,14.5,121.0,0001,0.0019073486
2013-07-26 03:00:00,0,14.5,121.0,0001,0.10347366
2013-07-26 06:00:00,0,14.5,121.0,0001,0.1244545
2013-07-26 09:00:00,0,14.5,121.0,0001,0.027656555
2013-07-26 12:00:00,0,14.5,121.0,0001,0.00047683716
2013-07-26 15:00:00,0,14.5,121.0,0001,1.0499954
2013-07-26 18:00:00,0,14.5,121.0,0001,0.24843216
2013-07-26 21:00:00,0,14.5,121.0,0001,0.0
2013-07-27 00:00:00,0,14.5,121.0,0001,0.0
2013-07-27 03:00:00,0,14.5,121.0,0001,0.02002716
2013-07-27 06:00:00,0,14.5,121.0,0001,0.104904175
2013-07-27 09:00:00,0,14.5,121.0,0001,5.3458214
2013-07-27 12:00:00,0,14.5,121.0,0001,0.37765503
2013-07-27 15:00:00,0,14.5,121.0,0001,0.03862381
2013-07-27 18:00:00,0,14.5,121.0,0001,0.23889542
2013-07-27 21:00:00,0,14.5,121.0,0001,0.35905838
2013-07-28 00:00:00,0,14.5,121.0,0001,0.011444092
2013-07-28 03:00:00,0,14.5,121.0,0001,0.06818771
2013-07-28 06:00:00,0,14.5,121.0,0001,1.3375282
2013-07-28 09:00:00,0,14.5,121.0,0001,1.5254021
2013-07-28 12:00:00,0,14.5,121.0,0001,1.4586449
2013-07-28 15:00:00,0,14.5,121.0,0001,2.0275116
2013-07-28 18:00:00,0,14.5,121.0,0001,0.6403923
2013-07-28 21:00:00,0,14.5,121.0,0001,2.6254654
2013-07-29 00:00:00,0,14.5,121.0,0001,0.7081032
2013-07-29 03:00:00,0,14.5,121.0,0001,0.19264221
2013-07-29 06:00:00,0,14.5,121.0,0001,0.41913986
2013-07-29 09:00:00,0,14.5,121.0,0001,0.3027916
2013-07-29 12:00:00,0,14.5,121.0,0001,0.056266785
2013-07-29 15:00:00,0,14.5,121.0,0001,0.02002716
2013-07-29 18:00:00,0,14.5,121.0,0001,0.042915344
2013-07-29 21:00:00,0,14.5,121.0,0001,0.16307831
2013-07-30 00:00:00,0,14.5,121.0,0001,0.032901764
2013-07-30 03:00:00,0,14.5,121.0,0001,0.10919571
2013-07-30 06:00:00,0,14.5,121.0,0001,0.8177757
2013-07-30 09:00:00,0,14.5,121.0,0001,0.15830994
2013-07-30 12:00:00,0,14.5,121.0,0001,0.38957596
2013-07-30 15:00:00,0,14.5,121.0,0001,0.26798248
2013-07-30 18:00:00,0,14.5,121.0,0001,1.768589
2013-07-30 21:00:00,0,14.5,121.0,0001,0.2002716
2013-07-31 00:00:00,0,14.5,121.0,0001,0.086307526
2013-07-31 03:00:00,0,14.5,121.0,0001,0.34713745
2013-07-31 06:00:00,0,14.5,121.0,0001,0.5555153
2013-07-31 09:00:00,0,14.5,121.0,0001,1.6479492
2013-07-31 12:00:00,0,14.5,121.0,0001,2.067089
2013-07-31 15:00:00,0,14.5,121.0,0001,1.9693375
2013-07-31 18:00:00,0,14.5,121.0,0001,3.107071
2013-07-31 21:00:00,0,14.5,121.0,0001,0.6146431
2013-08-01 00:00:00,0,14.5,121.0,0001,1.4157295
2013-08-01 03:00:00,0,14.5,121.0,0001,0.29087067
2013-08-01 06:00:00,0,14.5,121.0,0001,0.38862228
2013-08-01 09:00:00,0,14.5,121.0,0001,0.23078918
2013-08-01 12:00:00,0,14.5,121.0,0001,0.10585785
2013-08-01 15:00:00,0,14.5,121.0,0001,0.2975464
2013-08-01 18:00:00,0,14.5,121.0,0001,0.59747696
2013-08-01 21:00:00,0,14.5,121.0,0001,0.006198883
2013-08-02 00:00:00,0,14.5,121.0,0001,0.015735626
2013-08-02 03:00:00,0,14.5,121.0,0001,0.013828278
2013-08-02 06:00:00,0,14.5,121.0,0001,0.0104904175
2013-08-02 09:00:00,0,14.5,121.0,0001,0.0
2013-08-02 12:00:00,0,14.5,121.0,0001,0.0
2013-08-02 15:00:00,0,14.5,121.0,0001,0.0
2013-08-02 18:00:00,0,14.5,121.0,0001,0.0
2013-08-02 21:00:00,0,14.5,121.0,0001,0.044822693
2013-08-03 00:00:00,0,14.5,121.0,0001,0.017642975
2013-08-03 03:00:00,0,14.5,121.0,0001,0.02002716
2013-08-03 06:00:00,0,14.5,121.0,0001,0.012397766
2013-08-03 09:00:00,0,14.5,121.0,0001,11.21521
2013-08-03 12:00:00,0,14.5,121.0,0001,0.05722046
2013-08-03 15:00:00,0,14.5,121.0,0001,0.18882751
2013-08-03 18:00:00,0,14.5,121.0,0001,0.0042915344
2013-08-03 21:00:00,0,14.5,121.0,0001,0.23984909
2013-08-04 00:00:00,0,14.5,121.0,0001,0.046253204
2013-08-04 03:00:00,0,14.5,121.0,0001,0.061511993
2013-08-04 06:00:00,0,14.5,121.0,0001,0.029563904
2013-08-04 09:00:00,0,14.5,121.0,0001,0.66900253
2013-08-04 12:00:00,0,14.5,121.0,0001,0.1821518
2013-08-04 15:00:00,0,14.5,121.0,0001,0.027656555
2013-08-04 18:00:00,0,14.5,121.0,0001,0.07009506
2013-08-04 21:00:00,0,14.5,121.0,0001,0.08535385
2013-08-05 00:00:00,0,14.5,121.0,0001,0.95176697
2013-08-05 03:00:00,0,14.5,121.0,0001,0.24223328
2013-08-05 06:00:00,0,14.5,121.0,0001,0.16212463
2013-08-05 09:00:00,0,14.5,121.0,0001,0.37765503
2013-08-05 12:00:00,0,14.5,121.0,0001,0.29325485
2013-08-05 15:00:00,0,14.5,121.0,0001,0.17404556
2013-08-05 18:00:00,0,14.5,121.0,0001,0.38814545
2013-08-05 21:00:00,0,14.5,121.0,0001,0.32377243
2013-08-06 00:00:00,0,14.5,121.0,0001,0.078201294
2013-08-06 03:00:00,0,14.5,121.0,0001,0.008583069
2013-08-06 06:00:00,0,14.5,121.0,0001,0.06198883
2013-08-06 09:00:00,0,14.5,121.0,0001,0.099658966
2013-08-06 12:00:00,0,14.5,121.0,0001,0.017642975
2013-08-06 15:00:00,0,14.5,121.0,0001,0.0
2013-08-06 18:00:00,0,14.5,121.0,0001,0.012874603
2013-08-06 21:00:00,0,14.5,121.0,0001,0.02002716
2013-08-07 00:00:00,0,14.5,121.0,0001,0.0023841858
2013-08-07 03:00:00,0,14.5,121.0,0001,0.052452087
2013-08-07 06:00:00,0,14.5,121.0,0001,0.017166138
2013-08-07 09:00:00,0,14.5,121.0,0001,0.3142357
2013-08-07 12:00:00,0,14.5,121.0,0001,0.0
2013-08-07 15:00:00,0,14.5,121.0,0001,0.0
2013-08-07 18:00:00,0,14.5,121.0,0001,0.019073486
2013-08-07 21:00:00,0,14.5,121.0,0001,0.38719177
2013-08-08 00:00:00,0,14.5,121.0,0001,0.0333786
2013-08-08 03:00:00,0,14.5,121.0,0001,0.056266785
2013-08-08 06:00:00,0,14.5,121.0,0001,0.13828278
2013-08-08 09:00:00,0,14.5,121.0,0001,2.6369095
2013-08-08 12:00:00,0,14.5,121.0,0001,1.5382767
2013-08-08 15:00:00,0,14.5,121.0,0001,0.00333786
2013-08-08 18:00:00,0,14.5,121.0,0001,0.026226044
2013-08-08 21:00:00,0,14.5,121.0,0001,0.030517578
2013-08-09 00:00:00,0,14.5,121.0,0001,0.04196167
2013-08-09 03:00:00,0,14.5,121.0,0001,0.08869171
2013-08-09 06:00:00,0,14.5,121.0,0001,0.056266785
2013-08-09 09:00:00,0,14.5,121.0,0001,0.5221367
2013-08-09 12:00:00,0,14.5,121.0,0001,0.049591064
2013-08-09 15:00:00,0,14.5,121.0,0001,0.0038146973
2013-08-09 18:00:00,0,14.5,121.0,0001,0.029087067
2013-08-09 21:00:00,0,14.5,121.0,0001,0.12779236
2013-08-10 00:00:00,0,14.5,121.0,0001,0.002861023
2013-08-10 03:00:00,0,14.5,121.0,0001,0.020980835
2013-08-10 06:00:00,0,14.5,121.0,0001,3.051281
2013-08-10 09:00:00,0,14.5,121.0,0001,0.055789948
2013-08-10 12:00:00,0,14.5,121.0,0001,3.7288666
2013-08-10 15:00:00,0,14.5,121.0,0001,0.078201294
2013-08-10 18:00:00,0,14.5,121.0,0001,0.1654625
2013-08-10 21:00:00,0,14.5,121.0,0001,0.0
2013-08-11 00:00:00,0,14.5,121.0,0001,0.0009536743
2013-08-11 03:00:00,0,14.5,121.0,0001,0.07104874
2013-08-11 06:00:00,0,14.5,121.0,0001,0.42057037
2013-08-11 09:00:00,0,14.5,121.0,0001,2.0685196
2013-08-11 12:00:00,0,14.5,121.0,0001,2.8600693
2013-08-11 15:00:00,0,14.5,121.0,0001,2.620697
2013-08-11 18:00:00,0,14.5,121.0,0001,3.062725
2013-08-11 21:00:00,0,14.5,121.0,0001,1.540184
2013-08-12 00:00:00,0,14.5,121.0,0001,0.521183
2013-08-12 03:00:00,0,14.5,121.0,0001,1.6307831
2013-08-12 06:00:00,0,14.5,121.0,0001,2.6082993
2013-08-12 09:00:00,0,14.5,121.0,0001,1.1210442
2013-08-12 12:00:00,0,14.5,121.0,0001,0.44441223
2013-08-12 15:00:00,0,14.5,121.0,0001,0.3232956
2013-08-12 18:00:00,0,14.5,121.0,0001,0.33426285
2013-08-12 21:00:00,0,14.5,121.0,0001,1.1115074
2013-08-13 00:00:00,0,14.5,121.0,0001,1.917839
2013-08-13 03:00:00,0,14.5,121.0,0001,0.62322617
2013-08-13 06:00:00,0,14.5,121.0,0001,0.22172928
2013-08-13 09:00:00,0,14.5,121.0,0001,0.052452087
2013-08-13 12:00:00,0,14.5,121.0,0001,0.01335144
2013-08-13 15:00:00,0,14.5,121.0,0001,0.01335144
2013-08-13 18:00:00,0,14.5,121.0,0001,0.07200241
2013-08-13 21:00:00,0,14.5,121.0,0001,0.17595291
2013-08-14 00:00:00,0,14.5,121.0,0001,0.091552734
2013-08-14 03:00:00,0,14.5,121.0,0001,0.039577484
2013-08-14 06:00:00,0,14.5,121.0,0001,0.0047683716
2013-08-14 09:00:00,0,14.5,121.0,0001,0.0
2013-08-14 12:00:00,0,14.5,121.0,0001,0.04053116
2013-08-14 15:00:00,0,14.5,121.0,0001,0.0
2013-08-14 18:00:00,0,14.5,121.0,0001,0.0
2013-08-14 21:00:00,0,14.5,121.0,0001,0.0038146973
2013-08-15 00:00:00,0,14.5,121.0,0001,0.00047683716
2013-08-15 03:00:00,0,14.5,121.0,0001,0.045776367
2013-08-15 06:00:00,0,14.5,121.0,0001,0.012874603
2013-08-15 09:00:00,0,14.5,121.0,0001,0.0
2013-08-15 12:00:00,0,14.5,121.0,0001,0.0
2013-08-15 15:00:00,0,14.5,121.0,0001,0.002861023
2013-08-15 18:00:00,0,14.5,121.0,0001,0.039577484
2013-08-15 21:00:00,0,14.5,121.0,0001,0.027179718
2013-08-16 00:00:00,0,14.5,121.0,0001,0.11968613
2013-08-16 03:00:00,0,14.5,121.0,0001,0.4005432
2013-08-16 06:00:00,0,14.5,121.0,0001,0.96845627
2013-08-16 09:00:00,0,14.5,121.0,0001,0.07390976
2013-08-16 12:00:00,0,14.5,121.0,0001,0.091552734
2013-08-16 15:00:00,0,14.5,121.0,0001,0.08773804
2013-08-16 18:00:00,0,14.5,121.0,0001,0.13780594
2013-08-16 21:00:00,0,14.5,121.0,0001,0.20885468
2013-08-17 00:00:00,0,14.5,121.0,0001,0.6670952
2013-08-17 03:00:00,0,14.5,121.0,0001,0.5159378
2013-08-17 06:00:00,0,14.5,121.0,0001,0.19836426
2013-08-17 09:00:00,0,14.5,121.0,0001,0.27275085
2013-08-17 12:00:00,0,14.5,121.0,0001,0.5836487
2013-08-17 15:00:00,0,14.5,121.0,0001,0.5950928
2013-08-17 18:00:00,0,14.5,121.0,0001,0.45967102
2013-08-17 21:00:00,0,14.5,121.0,0001,0.57411194
2013-08-18 00:00:00,0,14.5,121.0,0001,0.41675568
2013-08-18 03:00:00,0,14.5,121.0,0001,0.48208237
2013-08-18 06:00:00,0,14.5,121.0,0001,0.41484833
2013-08-18 09:00:00,0,14.5,121.0,0001,0.3643036
2013-08-18 12:00:00,0,14.5,121.0,0001,0.16021729
2013-08-18 15:00:00,0,14.5,121.0,0001,0.4310608
2013-08-18 18:00:00,0,14.5,121.0,0001,0.7829666
2013-08-18 21:00:00,0,14.5,121.0,0001,0.87833405
2013-08-19 00:00:00,0,14.5,121.0,0001,0.91457367
2013-08-19 03:00:00,0,14.5,121.0,0001,0.9264946
2013-08-19 06:00:00,0,14.5,121.0,0001,0.93078613
2013-08-19 09:00:00,0,14.5,121.0,0001,0.497818
2013-08-19 12:00:00,0,14.5,121.0,0001,0.477314
2013-08-19 15:00:00,0,14.5,121.0,0001,0.16784668
2013-08-19 18:00:00,0,14.5,121.0,0001,0.24604797
2013-08-19 21:00:00,0,14.5,121.0,0001,0.54216385
2013-08-20 00:00:00,0,14.5,121.0,0001,0.44059753
2013-08-20 03:00:00,0,14.5,121.0,0001,0.33855438
2013-08-20 06:00:00,0,14.5,121.0,0001,0.54836273
2013-08-20 09:00:00,0,14.5,121.0,0001,0.3786087
2013-08-20 12:00:00,0,14.5,121.0,0001,0.19836426
2013-08-20 15:00:00,0,14.5,121.0,0001,0.14686584
2013-08-20 18:00:00,0,14.5,121.0,0001,0.41103363
2013-08-20 21:00:00,0,14.5,121.0,0001,0.22172928
2013-08-21 00:00:00,0,14.5,121.0,0001,0.3991127
2013-08-21 03:00:00,0,14.5,121.0,0001,0.415802
2013-08-21 06:00:00,0,14.5,121.0,0001,0.37527084
2013-08-21 09:00:00,0,14.5,121.0,0001,0.5636215
2013-08-21 12:00:00,0,14.5,121.0,0001,0.2965927
2013-08-21 15:00:00,0,14.5,121.0,0001,0.415802
2013-08-21 18:00:00,0,14.5,121.0,0001,0.10108948
2013-08-21 21:00:00,0,14.5,121.0,0001,0.23078918
2013-08-22 00:00:00,0,14.5,121.0,0001,0.21600723
2013-08-22 03:00:00,0,14.5,121.0,0001,0.33664703
2013-08-22 06:00:00,0,14.5,121.0,0001,0.22745132
2013-08-22 09:00:00,0,14.5,121.0,0001,0.7367134
2013-08-22 12:00:00,0,14.5,121.0,0001,0.078201294
2013-08-22 15:00:00,0,14.5,121.0,0001,0.1077652
2013-08-22 18:00:00,0,14.5,121.0,0001,0.05197525
2013-08-22 21:00:00,0,14.5,121.0,0001,0.07104874
2013-08-23 00:00:00,0,14.5,121.0,0001,0.06771088
2013-08-23 03:00:00,0,14.5,121.0,0001,0.22363663
2013-08-23 06:00:00,0,14.5,121.0,0001,0.31518936
2013-08-23 09:00:00,0,14.5,121.0,0001,0.08583069
2013-08-23 12:00:00,0,14.5,121.0,0001,0.07390976
2013-08-23 15:00:00,0,14.5,121.0,0001,0.04863739
2013-08-23 18:00:00,0,14.5,121.0,0001,0.071525574
2013-08-23 21:00:00,0,14.5,121.0,0001,0.13446808
2013-08-24 00:00:00,0,14.5,121.0,0001,0.14019012
2013-08-24 03:00:00,0,14.5,121.0,0001,1.4281273
2013-08-24 06:00:00,0,14.5,121.0,0001,1.4586449
2013-08-24 09:00:00,0,14.5,121.0,0001,0.3285408
2013-08-24 12:00:00,0,14.5,121.0,0001,0.17642975
2013-08-24 15:00:00,0,14.5,121.0,0001,0.31518936
2013-08-24 18:00:00,0,14.5,121.0,0001,0.051498413
2013-08-24 21:00:00,0,14.5,121.0,0001,0.22602081
2013-08-25 00:00:00,0,14.5,121.0,0001,0.26607513
2013-08-25 03:00:00,0,14.5,121.0,0001,0.17356873
2013-08-25 06:00:00,0,14.5,121.0,0001,0.5040169
2013-08-25 09:00:00,0,14.5,121.0,0001,0.3581047
2013-08-25 12:00:00,0,14.5,121.0,0001,0.64229965
2013-08-25 15:00:00,0,14.5,121.0,0001,0.019073486
2013-08-25 18:00:00,0,14.5,121.0,0001,0.0042915344
2013-08-25 21:00:00,0,14.5,121.0,0001,0.052928925
2013-08-26 00:00:00,0,14.5,121.0,0001,0.17786026
2013-08-26 03:00:00,0,14.5,121.0,0001,0.28657913
2013-08-26 06:00:00,0,14.5,121.0,0001,0.52785873
2013-08-26 09:00:00,0,14.5,121.0,0001,0.8869171
2013-08-26 12:00:00,0,14.5,121.0,0001,0.8420944
2013-08-26 15:00:00,0,14.5,121.0,0001,1.1072159
2013-08-26 18:00:00,0,14.5,121.0,0001,2.2511482
2013-08-26 21:00:00,0,14.5,121.0,0001,0.27227402
2013-08-27 00:00:00,0,14.5,121.0,0001,0.56791306
2013-08-27 03:00:00,0,14.5,121.0,0001,1.7185211
2013-08-27 06:00:00,0,14.5,121.0,0001,0.37288666
2013-08-27 09:00:00,0,14.5,121.0,0001,0.051021576
2013-08-27 12:00:00,0,14.5,121.0,0001,0.022411346
2013-08-27 15:00:00,0,14.5,121.0,0001,0.089645386
2013-08-27 18:00:00,0,14.5,121.0,0001,0.116825104
2013-08-27 21:00:00,0,14.5,121.0,0001,0.066280365
2013-08-28 00:00:00,0,14.5,121.0,0001,0.015735626
2013-08-28 03:00:00,0,14.5,121.0,0001,0.008583069
2013-08-28 06:00:00,0,14.5,121.0,0001,0.00047683716
2013-08-28 09:00:00,0,14.5,121.0,0001,0.0038146973
2013-08-28 12:00:00,0,14.5,121.0,0001,0.0
2013-08-28 15:00:00,0,14.5,121.0,0001,0.0009536743
2013-08-28 18:00:00,0,14.5,121.0,0001,0.009536743
2013-08-28 21:00:00,0,14.5,121.0,0001,0.0047683716
2013-08-29 00:00:00,0,14.5,121.0,0001,0.013828278
2013-08-29 03:00:00,0,14.5,121.0,0001,0.05340576
2013-08-29 06:00:00,0,14.5,121.0,0001,0.09727478
2013-08-29 09:00:00,0,14.5,121.0,0001,0.0
2013-08-29 12:00:00,0,14.5,121.0,0001,0.0009536743
2013-08-29 15:00:00,0,14.5,121.0,0001,0.04196167
2013-08-29 18:00:00,0,14.5,121.0,0001,0.014305115
2013-08-29 21:00:00,0,14.5,121.0,0001,0.0
2013-08-30 00:00:00,0,14.5,121.0,0001,0.012874603
2013-08-30 03:00:00,0,14.5,121.0,0001,0.02527237
2013-08-30 06:00:00,0,14.5,121.0,0001,0.009536743
2013-08-30 09:00:00,0,14.5,121.0,0001,0.0
2013-08-30 12:00:00,0,14.5,121.0,0001,0.0
2013-08-30 15:00:00,0,14.5,121.0,0001,0.0
2013-08-30 18:00:00,0,14.5,121.0,0001,0.0
2013-08-30 21:00:00,0,14.5,121.0,0001,0.0009536743
2013-08-31 00:00:00,0,14.5,121.0,0001,0.0014305115
2013-08-31 03:00:00,0,14.5,121.0,0001,0.00333786
2013-08-31 06:00:00,0,14.5,121.0,0001,0.0
2013-08-31 09:00:00,0,14.5,121.0,0001,0.0
2013-08-31 12:00:00,0,14.5,121.0,0001,0.0
2013-08-31 15:00:00,0,14.5,121.0,0001,0.0
2013-08-31 18:00:00,0,14.5,121.0,0001,0.0
2013-08-31 21:00:00,0,14.5,121.0,0001,0.044822693
2013-09-01 00:00:00,0,14.5,121.0,0001,0.0
2013-09-01 03:00:00,0,14.5,121.0,0001,0.024795532
2013-09-01 06:00:00,0,14.5,121.0,0001,0.15544891
2013-09-01 09:00:00,0,14.5,121.0,0001,0.46253204
2013-09-01 12:00:00,0,14.5,121.0,0001,0.0
2013-09-01 15:00:00,0,14.5,121.0,0001,0.0
2013-09-01 18:00:00,0,14.5,121.0,0001,0.0019073486
2013-09-01 21:00:00,0,14.5,121.0,0001,0.002861023
2013-09-02 00:00:00,0,14.5,121.0,0001,0.0038146973
2013-09-02 03:00:00,0,14.5,121.0,0001,0.04005432
2013-09-02 06:00:00,0,14.5,121.0,0001,0.269413
2013-09-02 09:00:00,0,14.5,121.0,0001,0.0009536743
2013-09-02 12:00:00,0,14.5,121.0,0001,0.074863434
2013-09-02 15:00:00,0,14.5,121.0,0001,0.0038146973
2013-09-02 18:00:00,0,14.5,121.0,0001,0.00047683716
2013-09-02 21:00:00,0,14.5,121.0,0001,0.078201294
2013-09-03 00:00:00,0,14.5,121.0,0001,0.0
2013-09-03 03:00:00,0,14.5,121.0,0001,0.03671646
2013-09-03 06:00:00,0,14.5,121.0,0001,0.012397766
2013-09-03 09:00:00,0,14.5,121.0,0001,0.0019073486
2013-09-03 12:00:00,0,14.5,121.0,0001,0.00667572
2013-09-03 15:00:00,0,14.5,121.0,0001,0.0667572
2013-09-03 18:00:00,0,14.5,121.0,0001,0.09202957
2013-09-03 21:00:00,0,14.5,121.0,0001,0.00667572
2013-09-04 00:00:00,0,14.5,121.0,0001,0.061511993
2013-09-04 03:00:00,0,14.5,121.0,0001,0.1540184
2013-09-04 06:00:00,0,14.5,121.0,0001,0.21600723
2013-09-04 09:00:00,0,14.5,121.0,0001,0.33187866
2013-09-04 12:00:00,0,14.5,121.0,0001,2.2096634
2013-09-04 15:00:00,0,14.5,121.0,0001,0.1039505
2013-09-04 18:00:00,0,14.5,121.0,0001,0.030040741
2013-09-04 21:00:00,0,14.5,121.0,0001,0.032901764
2013-09-05 00:00:00,0,14.5,121.0,0001,0.041007996
2013-09-05 03:00:00,0,14.5,121.0,0001,0.2989769
2013-09-05 06:00:00,0,14.5,121.0,0001,0.4377365
2013-09-05 09:00:00,0,14.5,121.0,0001,1.3747215
2013-09-05 12:00:00,0,14.5,121.0,0001,0.032901764
2013-09-05 15:00:00,0,14.5,121.0,0001,0.0
2013-09-05 18:00:00,0,14.5,121.0,0001,0.00333786
2013-09-05 21:00:00,0,14.5,121.0,0001,0.098228455
2013-09-06 00:00:00,0,14.5,121.0,0001,0.01335144
2013-09-06 03:00:00,0,14.5,121.0,0001,0.081539154
2013-09-06 06:00:00,0,14.5,121.0,0001,0.60892105
2013-09-06 09:00:00,0,14.5,121.0,0001,0.3194809
2013-09-06 12:00:00,0,14.5,121.0,0001,0.2207756
2013-09-06 15:00:00,0,14.5,121.0,0001,0.11539459
2013-09-06 18:00:00,0,14.5,121.0,0001,0.01335144
2013-09-06 21:00:00,0,14.5,121.0,0001,0.0
2013-09-07 00:00:00,0,14.5,121.0,0001,0.0014305115
2013-09-07 03:00:00,0,14.5,121.0,0001,0.14829636
2013-09-07 06:00:00,0,14.5,121.0,0001,0.059127808
2013-09-07 09:00:00,0,14.5,121.0,0001,0.10967255
2013-09-07 12:00:00,0,14.5,121.0,0001,0.015735626
2013-09-07 15:00:00,0,14.5,121.0,0001,0.014305115
2013-09-07 18:00:00,0,14.5,121.0,0001,0.039815903
2013-09-07 21:00:00,0,14.5,121.0,0001,0.038146973
2013-09-08 00:00:00,0,14.5,121.0,0001,0.01859665
2013-09-08 03:00:00,0,14.5,121.0,0001,0.19073486
2013-09-08 06:00:00,0,14.5,121.0,0001,0.75531006
2013-09-08 09:00:00,0,14.5,121.0,0001,0.13875961
2013-09-08 12:00:00,0,14.5,121.0,0001,0.051021576
2013-09-08 15:00:00,0,14.5,121.0,0001,0.030517578
2013-09-08 18:00:00,0,14.5,121.0,0001,1.7533302
2013-09-08 21:00:00,0,14.5,121.0,0001,1.2493134
2013-09-09 00:00:00,0,14.5,121.0,0001,0.111579895
2013-09-09 03:00:00,0,14.5,121.0,0001,0.11253357
2013-09-09 06:00:00,0,14.5,121.0,0001,0.14638901
2013-09-09 09:00:00,0,14.5,121.0,0001,1.6870499
2013-09-09 12:00:00,0,14.5,121.0,0001,1.2292862
2013-09-09 15:00:00,0,14.5,121.0,0001,0.49114227
2013-09-09 18:00:00,0,14.5,121.0,0001,0.017166138
2013-09-09 21:00:00,0,14.5,121.0,0001,0.0104904175
2013-09-10 00:00:00,0,14.5,121.0,0001,0.0104904175
2013-09-10 03:00:00,0,14.5,121.0,0001,0.17881393
2013-09-10 06:00:00,0,14.5,121.0,0001,2.3236275
2013-09-10 09:00:00,0,14.5,121.0,0001,2.8905869
2013-09-10 12:00:00,0,14.5,121.0,0001,0.055789948
2013-09-10 15:00:00,0,14.5,121.0,0001,0.0019073486
2013-09-10 18:00:00,0,14.5,121.0,0001,0.0
2013-09-10 21:00:00,0,14.5,121.0,0001,0.0023841858
2013-09-11 00:00:00,0,14.5,121.0,0001,0.00047683716
2013-09-11 03:00:00,0,14.5,121.0,0001,0.10108948
2013-09-11 06:00:00,0,14.5,121.0,0001,0.16832352
2013-09-11 09:00:00,0,14.5,121.0,0001,0.08678436
2013-09-11 12:00:00,0,14.5,121.0,0001,2.2277832
2013-09-11 15:00:00,0,14.5,121.0,0001,0.02193451
2013-09-11 18:00:00,0,14.5,121.0,0001,0.2450943
2013-09-11 21:00:00,0,14.5,121.0,0001,0.019073486
2013-09-12 00:00:00,0,14.5,121.0,0001,0.18787384
2013-09-12 03:00:00,0,14.5,121.0,0001,0.3938675
2013-09-12 06:00:00,0,14.5,121.0,0001,0.08678436
2013-09-12 09:00:00,0,14.5,121.0,0001,2.734661
2013-09-12 12:00:00,0,14.5,121.0,0001,1.060009
2013-09-12 15:00:00,0,14.5,121.0,0001,0.22029877
2013-09-12 18:00:00,0,14.5,121.0,0001,0.15449524
2013-09-12 21:00:00,0,14.5,121.0,0001,0.32043457
2013-09-13 00:00:00,0,14.5,121.0,0001,0.14972687
2013-09-13 03:00:00,0,14.5,121.0,0001,0.18882751
2013-09-13 06:00:00,0,14.5,121.0,0001,0.40102005
2013-09-13 09:00:00,0,14.5,121.0,0001,0.57554245
2013-09-13 12:00:00,0,14.5,121.0,0001,0.14686584
2013-09-13 15:00:00,0,14.5,121.0,0001,0.08392334
2013-09-13 18:00:00,0,14.5,121.0,0001,0.44298172
2013-09-13 21:00:00,0,14.5,121.0,0001,0.091552734
2013-09-14 00:00:00,0,14.5,121.0,0001,0.6427765
2013-09-14 03:00:00,0,14.5,121.0,0001,0.22172928
2013-09-14 06:00:00,0,14.5,121.0,0001,0.85544586
2013-09-14 09:00:00,0,14.5,121.0,0001,0.18024445
2013-09-14 12:00:00,0,14.5,121.0,0001,0.84352493
2013-09-14 15:00:00,0,14.5,121.0,0001,0.13446808
2013-09-14 18:00:00,0,14.5,121.0,0001,1.0437965
2013-09-14 21:00:00,0,14.5,121.0,0001,1.3890266
2013-09-15 00:00:00,0,14.5,121.0,0001,0.31518936
2013-09-15 03:00:00,0,14.5,121.0,0001,3.1633377
2013-09-15 06:00:00,0,14.5,121.0,0001,1.3790131
2013-09-15 09:00:00,0,14.5,121.0,0001,4.2972565
2013-09-15 12:00:00,0,14.5,121.0,0001,1.1959076
2013-09-15 15:00:00,0,14.5,121.0,0001,0.66661835
2013-09-15 18:00:00,0,14.5,121.0,0001,0.52309036
2013-09-15 21:00:00,0,14.5,121.0,0001,0.30899048
2013-09-16 00:00:00,0,14.5,121.0,0001,1.3751984
2013-09-16 03:00:00,0,14.5,121.0,0001,0.4682541
2013-09-16 06:00:00,0,14.5,121.0,0001,2.7804375
2013-09-16 09:00:00,0,14.5,121.0,0001,0.8401871
2013-09-16 12:00:00,0,14.5,121.0,0001,1.6174316
2013-09-16 15:00:00,0,14.5,121.0,0001,1.2893677
2013-09-16 18:00:00,0,14.5,121.0,0001,1.4648438
2013-09-16 21:00:00,0,14.5,121.0,0001,1.3947487
2013-09-17 00:00:00,0,14.5,121.0,0001,0.64849854
2013-09-17 03:00:00,0,14.5,121.0,0001,0.2374649
2013-09-17 06:00:00,0,14.5,121.0,0001,0.26893616
2013-09-17 09:00:00,0,14.5,121.0,0001,2.2683144
2013-09-17 12:00:00,0,14.5,121.0,0001,0.030994415
2013-09-17 15:00:00,0,14.5,121.0,0001,0.08201599
2013-09-17 18:00:00,0,14.5,121.0,0001,0.62179565
2013-09-17 21:00:00,0,14.5,121.0,0001,0.039100647
2013-09-18 00:00:00,0,14.5,121.0,0001,0.07581711
2013-09-18 03:00:00,0,14.5,121.0,0001,3.0059814
2013-09-18 06:00:00,0,14.5,121.0,0001,2.3698807
2013-09-18 09:00:00,0,14.5,121.0,0001,0.30374527
2013-09-18 12:00:00,0,14.5,121.0,0001,0.039577484
2013-09-18 15:00:00,0,14.5,121.0,0001,0.10871887
2013-09-18 18:00:00,0,14.5,121.0,0001,0.15068054
2013-09-18 21:00:00,0,14.5,121.0,0001,0.22411346
2013-09-19 00:00:00,0,14.5,121.0,0001,0.094890594
2013-09-19 03:00:00,0,14.5,121.0,0001,2.1038055
2013-09-19 06:00:00,0,14.5,121.0,0001,0.4863739
2013-09-19 09:00:00,0,14.5,121.0,0001,0.20265579
2013-09-19 12:00:00,0,14.5,121.0,0001,1.3346672
2013-09-19 15:00:00,0,14.5,121.0,0001,0.30994415
2013-09-19 18:00:00,0,14.5,121.0,0001,0.09775162
2013-09-19 21:00:00,0,14.5,121.0,0001,0.4339218
2013-09-20 00:00:00,0,14.5,121.0,0001,0.29611588
2013-09-20 03:00:00,0,14.5,121.0,0001,0.15878677
2013-09-20 06:00:00,0,14.5,121.0,0001,0.2603531
2013-09-20 09:00:00,0,14.5,121.0,0001,0.114917755
2013-09-20 12:00:00,0,14.5,121.0,0001,0.16212463
2013-09-20 15:00:00,0,14.5,121.0,0001,0.4081726
2013-09-20 18:00:00,0,14.5,121.0,0001,0.66900253
2013-09-20 21:00:00,0,14.5,121.0,0001,0.34952164
2013-09-21 00:00:00,0,14.5,121.0,0001,0.4043579
2013-09-21 03:00:00,0,14.5,121.0,0001,0.33712387
2013-09-21 06:00:00,0,14.5,121.0,0001,0.47969818
2013-09-21 09:00:00,0,14.5,121.0,0001,0.29087067
2013-09-21 12:00:00,0,14.5,121.0,0001,0.41103363
2013-09-21 15:00:00,0,14.5,121.0,0001,0.9918213
2013-09-21 18:00:00,0,14.5,121.0,0001,0.9961128
2013-09-21 21:00:00,0,14.5,121.0,0001,0.8845329
2013-09-22 00:00:00,0,14.5,121.0,0001,1.9788742
2013-09-22 03:00:00,0,14.5,121.0,0001,0.9393692
2013-09-22 06:00:00,0,14.5,121.0,0001,1.6303062
2013-09-22 09:00:00,0,14.5,121.0,0001,1.1310577
2013-09-22 12:00:00,0,14.5,121.0,0001,0.57554245
2013-09-22 15:00:00,0,14.5,121.0,0001,0.42152405
2013-09-22 18:00:00,0,14.5,121.0,0001,0.9403229
2013-09-22 21:00:00,0,14.5,121.0,0001,1.786232
2013-09-23 00:00:00,0,14.5,121.0,0001,1.9960403
2013-09-23 03:00:00,0,14.5,121.0,0001,1.106739
2013-09-23 06:00:00,0,14.5,121.0,0001,0.8635521
2013-09-23 09:00:00,0,14.5,121.0,0001,0.39672852
2013-09-23 12:00:00,0,14.5,121.0,0001,0.26750565
2013-09-23 15:00:00,0,14.5,121.0,0001,0.20885468
2013-09-23 18:00:00,0,14.5,121.0,0001,0.84114075
2013-09-23 21:00:00,0,14.5,121.0,0001,1.7814636
2013-09-24 00:00:00,0,14.5,121.0,0001,0.600338
2013-09-24 03:00:00,0,14.5,121.0,0001,2.2683144
2013-09-24 06:00:00,0,14.5,121.0,0001,2.0422935
2013-09-24 09:00:00,0,14.5,121.0,0001,1.6498566
2013-09-24 12:00:00,0,14.5,121.0,0001,1.2159348
2013-09-24 15:00:00,0,14.5,121.0,0001,1.1997223
2013-09-24 18:00:00,0,14.5,121.0,0001,1.288414
2013-09-24 21:00:00,0,14.5,121.0,0001,0.3733635
2013-09-25 00:00:00,0,14.5,121.0,0001,0.35333633
2013-09-25 03:00:00,0,14.5,121.0,0001,0.70142746
2013-09-25 06:00:00,0,14.5,121.0,0001,1.2817383
2013-09-25 09:00:00,0,14.5,121.0,0001,10.241985
2013-09-25 12:00:00,0,14.5,121.0,0001,3.8137436
2013-09-25 15:00:00,0,14.5,121.0,0001,2.6054382
2013-09-25 18:00:00,0,14.5,121.0,0001,3.9100647
2013-09-25 21:00:00,0,14.5,121.0,0001,5.306244
2013-09-26 00:00:00,0,14.5,121.0,0001,3.9510727
2013-09-26 03:00:00,0,14.5,121.0,0001,0.518322
2013-09-26 06:00:00,0,14.5,121.0,0001,7.1783066
2013-09-26 09:00:00,0,14.5,121.0,0001,2.6459694
2013-09-26 12:00:00,0,14.5,121.0,0001,2.2792816
2013-09-26 15:00:00,0,14.5,121.0,0001,1.3771057
2013-09-26 18:00:00,0,14.5,121.0,0001,0.40912628
2013-09-26 21:00:00,0,14.5,121.0,0001,1.4400482
2013-09-27 00:00:00,0,14.5,121.0,0001,0.6799698
2013-09-27 03:00:00,0,14.5,121.0,0001,0.35619736
2013-09-27 06:00:00,0,14.5,121.0,0001,0.5302429
2013-09-27 09:00:00,0,14.5,121.0,0001,0.8497238
2013-09-27 12:00:00,0,14.5,121.0,0001,0.55360794
2013-09-27 15:00:00,0,14.5,121.0,0001,0.07343292
2013-09-27 18:00:00,0,14.5,121.0,0001,0.04053116
2013-09-27 21:00:00,0,14.5,121.0,0001,0.005722046
2013-09-28 00:00:00,0,14.5,121.0,0001,0.039577484
2013-09-28 03:00:00,0,14.5,121.0,0001,0.2565384
2013-09-28 06:00:00,0,14.5,121.0,0001,1.3046265
2013-09-28 09:00:00,0,14.5,121.0,0001,0.62417984
2013-09-28 12:00:00,0,14.5,121.0,0001,0.079631805
2013-09-28 15:00:00,0,14.5,121.0,0001,0.013828278
2013-09-28 18:00:00,0,14.5,121.0,0001,0.0014305115
2013-09-28 21:00:00,0,14.5,121.0,0001,0.0009536743
2013-09-29 00:00:00,0,14.5,121.0,0001,0.0
2013-09-29 03:00:00,0,14.5,121.0,0001,0.29468536
2013-09-29 06:00:00,0,14.5,121.0,0001,0.3004074
2013-09-29 09:00:00,0,14.5,121.0,0001,0.02193451
2013-09-29 12:00:00,0,14.5,121.0,0001,0.15306473
2013-09-29 15:00:00,0,14.5,121.0,0001,0.43678284
2013-09-29 18:00:00,0,14.5,121.0,0001,0.9689331
2013-09-29 21:00:00,0,14.5,121.0,0001,0.04720688
2013-09-30 00:00:00,0,14.5,121.0,0001,0.009059906
2013-09-30 03:00:00,0,14.5,121.0,0001,0.045776367
2013-09-30 06:00:00,0,14.5,121.0,0001,0.062942505
2013-09-30 09:00:00,0,14.5,121.0,0001,0.3566742
2013-09-30 12:00:00,0,14.5,121.0,0001,1.1262894
2013-09-30 15:00:00,0,14.5,121.0,0001,0.5283356
2013-09-30 18:00:00,0,14.5,121.0,0001,0.05674362
2013-09-30 21:00:00,0,14.5,121.0,0001,0.3528595
2013-10-01 00:00:00,0,14.5,121.0,0001,0.44202805
2013-10-01 03:00:00,0,14.5,121.0,0001,0.7548332
2013-10-01 06:00:00,0,14.5,121.0,0001,0.18119812
2013-10-01 09:00:00,0,14.5,121.0,0001,0.059127808
2013-10-01 12:00:00,0,14.5,121.0,0001,0.015735626
2013-10-01 15:00:00,0,14.5,121.0,0001,0.5044937
2013-10-01 18:00:00,0,14.5,121.0,0001,0.23031235
2013-10-01 21:00:00,0,14.5,121.0,0001,0.10442734
2013-10-02 00:00:00,0,14.5,121.0,0001,0.08869171
2013-10-02 03:00:00,0,14.5,121.0,0001,0.09346008
2013-10-02 06:00:00,0,14.5,121.0,0001,0.13875961
2013-10-02 09:00:00,0,14.5,121.0,0001,0.02670288
2013-10-02 12:00:00,0,14.5,121.0,0001,0.11730194
2013-10-02 15:00:00,0,14.5,121.0,0001,0.19645691
2013-10-02 18:00:00,0,14.5,121.0,0001,0.04720688
2013-10-02 21:00:00,0,14.5,121.0,0001,0.076293945
2013-10-03 00:00:00,0,14.5,121.0,0001,0.3566742
2013-10-03 03:00:00,0,14.5,121.0,0001,0.32901764
2013-10-03 06:00:00,0,14.5,121.0,0001,0.2822876
2013-10-03 09:00:00,0,14.5,121.0,0001,0.11730194
2013-10-03 12:00:00,0,14.5,121.0,0001,0.10061264
2013-10-03 15:00:00,0,14.5,121.0,0001,0.23460388
2013-10-03 18:00:00,0,14.5,121.0,0001,0.06866455
2013-10-03 21:00:00,0,14.5,121.0,0001,0.17786026
2013-10-04 00:00:00,0,14.5,121.0,0001,0.08392334
2013-10-04 03:00:00,0,14.5,121.0,0001,0.054836273
2013-10-04 06:00:00,0,14.5,121.0,0001,0.14162064
2013-10-04 09:00:00,0,14.5,121.0,0001,0.08678436
2013-10-04 12:00:00,0,14.5,121.0,0001,0.036239624
2013-10-04 15:00:00,0,14.5,121.0,0001,0.11920929
2013-10-04 18:00:00,0,14.5,121.0,0001,0.04005432
2013-10-04 21:00:00,0,14.5,121.0,0001,0.0
2013-10-05 00:00:00,0,14.5,121.0,0001,0.0
2013-10-05 03:00:00,0,14.5,121.0,0001,0.06055832
2013-10-05 06:00:00,0,14.5,121.0,0001,0.13828278
2013-10-05 09:00:00,0,14.5,121.0,0001,0.028133392
2013-10-05 12:00:00,0,14.5,121.0,0001,0.005722046
2013-10-05 15:00:00,0,14.5,121.0,0001,0.011444092
2013-10-05 18:00:00,0,14.5,121.0,0001,0.030517578
2013-10-05 21:00:00,0,14.5,121.0,0001,0.0014305115
2013-10-06 00:00:00,0,14.5,121.0,0001,0.01859665
2013-10-06 03:00:00,0,14.5,121.0,0001,0.020503998
2013-10-06 06:00:00,0,14.5,121.0,0001,0.02336502
2013-10-06 09:00:00,0,14.5,121.0,0001,0.052928925
2013-10-06 12:00:00,0,14.5,121.0,0001,0.039100647
2013-10-06 15:00:00,0,14.5,121.0,0001,0.008583069
2013-10-06 18:00:00,0,14.5,121.0,0001,0.01335144
2013-10-06 21:00:00,0,14.5,121.0,0001,0.062942505
2013-10-07 00:00:00,0,14.5,121.0,0001,0.11110306
2013-10-07 03:00:00,0,14.5,121.0,0001,0.029563904
2013-10-07 06:00:00,0,14.5,121.0,0001,0.059127808
2013-10-07 09:00:00,0,14.5,121.0,0001,0.044345856
2013-10-07 12:00:00,0,14.5,121.0,0001,0.089645386
2013-10-07 15:00:00,0,14.5,121.0,0001,0.35572052
2013-10-07 18:00:00,0,14.5,121.0,0001,0.054359436
2013-10-07 21:00:00,0,14.5,121.0,0001,0.029087067
2013-10-08 00:00:00,0,14.5,121.0,0001,0.06771088
2013-10-08 03:00:00,0,14.5,121.0,0001,0.096321106
2013-10-08 06:00:00,0,14.5,121.0,0001,0.011444092
2013-10-08 09:00:00,0,14.5,121.0,0001,0.028133392
2013-10-08 12:00:00,0,14.5,121.0,0001,0.056266785
2013-10-08 15:00:00,0,14.5,121.0,0001,0.0009536743
2013-10-08 18:00:00,0,14.5,121.0,0001,0.061511993
2013-10-08 21:00:00,0,14.5,121.0,0001,0.0
2013-10-09 00:00:00,0,14.5,121.0,0001,0.002861023
2013-10-09 03:00:00,0,14.5,121.0,0001,0.09059906
2013-10-09 06:00:00,0,14.5,121.0,0001,0.04053116
2013-10-09 09:00:00,0,14.5,121.0,0001,0.12207031
2013-10-09 12:00:00,0,14.5,121.0,0001,0.0042915344
2013-10-09 15:00:00,0,14.5,121.0,0001,0.0371933
2013-10-09 18:00:00,0,14.5,121.0,0001,0.002861023
2013-10-09 21:00:00,0,14.5,121.0,0001,0.0
2013-10-10 00:00:00,0,14.5,121.0,0001,0.02336502
2013-10-10 03:00:00,0,14.5,121.0,0001,0.13160706
2013-10-10 06:00:00,0,14.5,121.0,0001,0.16880035
2013-10-10 09:00:00,0,14.5,121.0,0001,0.7543564
2013-10-10 12:00:00,0,14.5,121.0,0001,0.018119812
2013-10-10 15:00:00,0,14.5,121.0,0001,0.07915497
2013-10-10 18:00:00,0,14.5,121.0,0001,0.01001358
2013-10-10 21:00:00,0,14.5,121.0,0001,0.041484833
2013-10-11 00:00:00,0,14.5,121.0,0001,0.09584427
2013-10-11 03:00:00,0,14.5,121.0,0001,0.5507469
2013-10-11 06:00:00,0,14.5,121.0,0001,1.6827583
2013-10-11 09:00:00,0,14.5,121.0,0001,2.2854805
2013-10-11 12:00:00,0,14.5,121.0,0001,2.9201508
2013-10-11 15:00:00,0,14.5,121.0,0001,1.1138916
2013-10-11 18:00:00,0,14.5,121.0,0001,2.9091835
2013-10-11 21:00:00,0,14.5,121.0,0001,1.4772415
2013-10-12 00:00:00,0,14.5,121.0,0001,1.033783
2013-10-12 03:00:00,0,14.5,121.0,0001,0.5311966
2013-10-12 06:00:00,0,14.5,121.0,0001,2.3498535
2013-10-12 09:00:00,0,14.5,121.0,0001,1.7075539
2013-10-12 12:00:00,0,14.5,121.0,0001,0.11634827
2013-10-12 15:00:00,0,14.5,121.0,0001,0.0038146973
2013-10-12 18:00:00,0,14.5,121.0,0001,0.0071525574
2013-10-12 21:00:00,0,14.5,121.0,0001,0.04673004
2013-10-13 00:00:00,0,14.5,121.0,0001,0.0023841858
2013-10-13 03:00:00,0,14.5,121.0,0001,0.062942505
2013-10-13 06:00:00,0,14.5,121.0,0001,0.051021576
2013-10-13 09:00:00,0,14.5,121.0,0001,0.017642975
2013-10-13 12:00:00,0,14.5,121.0,0001,0.0019073486
2013-10-13 15:00:00,0,14.5,121.0,0001,0.01001358
2013-10-13 18:00:00,0,14.5,121.0,0001,0.011444092
2013-10-13 21:00:00,0,14.5,121.0,0001,0.02336502
2013-10-14 00:00:00,0,14.5,121.0,0001,0.057697296
2013-10-14 03:00:00,0,14.5,121.0,0001,0.18644333
2013-10-14 06:00:00,0,14.5,121.0,0001,0.7572174
2013-10-14 09:00:00,0,14.5,121.0,0001,0.06771088
2013-10-14 12:00:00,0,14.5,121.0,0001,0.11777878
2013-10-14 15:00:00,0,14.5,121.0,0001,0.061035156
2013-10-14 18:00:00,0,14.5,121.0,0001,0.29468536
2013-10-14 21:00:00,0,14.5,121.0,0001,0.2784729
2013-10-15 00:00:00,0,14.5,121.0,0001,0.0834465
2013-10-15 03:00:00,0,14.5,121.0,0001,0.21839142
2013-10-15 06:00:00,0,14.5,121.0,0001,0.23651123
2013-10-15 09:00:00,0,14.5,121.0,0001,0.08058548
2013-10-15 12:00:00,0,14.5,121.0,0001,0.69093704
2013-10-15 15:00:00,0,14.5,121.0,0001,0.01859665
2013-10-15 18:00:00,0,14.5,121.0,0001,0.030517578
2013-10-15 21:00:00,0,14.5,121.0,0001,0.61130524
2013-10-16 00:00:00,0,14.5,121.0,0001,0.17595291
2013-10-16 03:00:00,0,14.5,121.0,0001,0.8034706
2013-10-16 06:00:00,0,14.5,121.0,0001,3.8895607
2013-10-16 09:00:00,0,14.5,121.0,0001,8.611202
2013-10-16 12:00:00,0,14.5,121.0,0001,4.272461
2013-10-16 15:00:00,0,14.5,121.0,0001,0.9384155
2013-10-16 18:00:00,0,14.5,121.0,0001,0.002861023
2013-10-16 21:00:00,0,14.5,121.0,0001,0.002861023
2013-10-17 00:00:00,0,14.5,121.0,0001,0.04196167
2013-10-17 03:00:00,0,14.5,121.0,0001,0.059127808
2013-10-17 06:00:00,0,14.5,121.0,0001,0.039577484
2013-10-17 09:00:00,0,14.5,121.0,0001,0.0038146973
2013-10-17 12:00:00,0,14.5,121.0,0001,0.0
2013-10-17 15:00:00,0,14.5,121.0,0001,0.0
2013-10-17 18:00:00,0,14.5,121.0,0001,0.0
2013-10-17 21:00:00,0,14.5,121.0,0001,0.0
2013-10-18 00:00:00,0,14.5,121.0,0001,0.0
2013-10-18 03:00:00,0,14.5,121.0,0001,0.024318695
2013-10-18 06:00:00,0,14.5,121.0,0001,0.076293945
2013-10-18 09:00:00,0,14.5,121.0,0001,0.0
2013-10-18 12:00:00,0,14.5,121.0,0001,0.005722046
2013-10-18 15:00:00,0,14.5,121.0,0001,0.015258789
2013-10-18 18:00:00,0,14.5,121.0,0001,0.01001358
2013-10-18 21:00:00,0,14.5,121.0,0001,0.00667572
2013-10-19 00:00:00,0,14.5,121.0,0001,0.05865097
2013-10-19 03:00:00,0,14.5,121.0,0001,0.051498413
2013-10-19 06:00:00,0,14.5,121.0,0001,0.0023841858
2013-10-19 09:00:00,0,14.5,121.0,0001,0.002861023
2013-10-19 12:00:00,0,14.5,121.0,0001,0.0019073486
2013-10-19 15:00:00,0,14.5,121.0,0001,0.0047683716
2013-10-19 18:00:00,0,14.5,121.0,0001,0.0023841858
2013-10-19 21:00:00,0,14.5,121.0,0001,0.0
2013-10-20 00:00:00,0,14.5,121.0,0001,0.0009536743
2013-10-20 03:00:00,0,14.5,121.0,0001,0.061035156
2013-10-20 06:00:00,0,14.5,121.0,0001,0.020980835
2013-10-20 09:00:00,0,14.5,121.0,0001,0.0
2013-10-20 12:00:00,0,14.5,121.0,0001,0.032901764
2013-10-20 15:00:00,0,14.5,121.0,0001,0.0014305115
2013-10-20 18:00:00,0,14.5,121.0,0001,0.0009536743
2013-10-20 21:00:00,0,14.5,121.0,0001,0.0052452087
2013-10-21 00:00:00,0,14.5,121.0,0001,0.0014305115
2013-10-21 03:00:00,0,14.5,121.0,0001,0.09727478
2013-10-21 06:00:00,0,14.5,121.0,0001,0.005722046
2013-10-21 09:00:00,0,14.5,121.0,0001,0.0
2013-10-21 12:00:00,0,14.5,121.0,0001,0.15830994
2013-10-21 15:00:00,0,14.5,121.0,0001,0.030994415
2013-10-21 18:00:00,0,14.5,121.0,0001,0.0076293945
2013-10-21 21:00:00,0,14.5,121.0,0001,0.005722046
2013-10-22 00:00:00,0,14.5,121.0,0001,0.00047683716
2013-10-22 03:00:00,0,14.5,121.0,0001,0.009536743
2013-10-22 06:00:00,0,14.5,121.0,0001,0.017166138
2013-10-22 09:00:00,0,14.5,121.0,0001,0.17595291
2013-10-22 12:00:00,0,14.5,121.0,0001,0.039100647
2013-10-22 15:00:00,0,14.5,121.0,0001,0.060081482
2013-10-22 18:00:00,0,14.5,121.0,0001,0.00333786
2013-10-22 21:00:00,0,14.5,121.0,0001,0.01001358
2013-10-23 00:00:00,0,14.5,121.0,0001,0.027179718
2013-10-23 03:00:00,0,14.5,121.0,0001,0.020980835
2013-10-23 06:00:00,0,14.5,121.0,0001,0.21028519
2013-10-23 09:00:00,0,14.5,121.0,0001,0.0071525574
2013-10-23 12:00:00,0,14.5,121.0,0001,0.05531311
2013-10-23 15:00:00,0,14.5,121.0,0001,0.12874603
2013-10-23 18:00:00,0,14.5,121.0,0001,0.028133392
2013-10-23 21:00:00,0,14.5,121.0,0001,0.0076293945
2013-10-24 00:00:00,0,14.5,121.0,0001,0.008583069
2013-10-24 03:00:00,0,14.5,121.0,0001,0.089645386
2013-10-24 06:00:00,0,14.5,121.0,0001,0.0009536743
2013-10-24 09:00:00,0,14.5,121.0,0001,0.06723404
2013-10-24 12:00:00,0,14.5,121.0,0001,0.05722046
2013-10-24 15:00:00,0,14.5,121.0,0001,0.09346008
2013-10-24 18:00:00,0,14.5,121.0,0001,0.016212463
2013-10-24 21:00:00,0,14.5,121.0,0001,0.0104904175
2013-10-25 00:00:00,0,14.5,121.0,0001,0.01859665
2013-10-25 03:00:00,0,14.5,121.0,0001,0.07200241
2013-10-25 06:00:00,0,14.5,121.0,0001,0.15878677
2013-10-25 09:00:00,0,14.5,121.0,0001,0.0009536743
2013-10-25 12:00:00,0,14.5,121.0,0001,0.04005432
2013-10-25 15:00:00,0,14.5,121.0,0001,0.03528595
2013-10-25 18:00:00,0,14.5,121.0,0001,0.0038146973
2013-10-25 21:00:00,0,14.5,121.0,0001,0.011444092
2013-10-26 00:00:00,0,14.5,121.0,0001,0.1912117
2013-10-26 03:00:00,0,14.5,121.0,0001,0.0538826
2013-10-26 06:00:00,0,14.5,121.0,0001,0.0166893
2013-10-26 09:00:00,0,14.5,121.0,0001,0.10681152
2013-10-26 12:00:00,0,14.5,121.0,0001,0.018119812
2013-10-26 15:00:00,0,14.5,121.0,0001,0.02002716
2013-10-26 18:00:00,0,14.5,121.0,0001,0.0019073486
2013-10-26 21:00:00,0,14.5,121.0,0001,0.0009536743
2013-10-27 00:00:00,0,14.5,121.0,0001,0.00667572
2013-10-27 03:00:00,0,14.5,121.0,0001,0.0
2013-10-27 06:00:00,0,14.5,121.0,0001,0.0
2013-10-27 09:00:00,0,14.5,121.0,0001,0.0
2013-10-27 12:00:00,0,14.5,121.0,0001,0.0
2013-10-27 15:00:00,0,14.5,121.0,0001,0.0
2013-10-27 18:00:00,0,14.5,121.0,0001,0.0
2013-10-27 21:00:00,0,14.5,121.0,0001,0.0
2013-10-28 00:00:00,0,14.5,121.0,0001,0.0
2013-10-28 03:00:00,0,14.5,121.0,0001,0.00047683716
2013-10-28 06:00:00,0,14.5,121.0,0001,0.0
2013-10-28 09:00:00,0,14.5,121.0,0001,0.0
2013-10-28 12:00:00,0,14.5,121.0,0001,0.00047683716
2013-10-28 15:00:00,0,14.5,121.0,0001,0.0
2013-10-28 18:00:00,0,14.5,121.0,0001,0.0019073486
2013-10-28 21:00:00,0,14.5,121.0,0001,0.0
2013-10-29 00:00:00,0,14.5,121.0,0001,0.0
2013-10-29 03:00:00,0,14.5,121.0,0001,0.0
2013-10-29 06:00:00,0,14.5,121.0,0001,0.0
2013-10-29 09:00:00,0,14.5,121.0,0001,0.0
2013-10-29 12:00:00,0,14.5,121.0,0001,0.0014305115
2013-10-29 15:00:00,0,14.5,121.0,0001,0.00047683716
2013-10-29 18:00:00,0,14.5,121.0,0001,0.0
2013-10-29 21:00:00,0,14.5,121.0,0001,0.0
2013-10-30 00:00:00,0,14.5,121.0,0001,0.0019073486
2013-10-30 03:00:00,0,14.5,121.0,0001,0.041484833
2013-10-30 06:00:00,0,14.5,121.0,0001,0.017166138
2013-10-30 09:00:00,0,14.5,121.0,0001,0.0
2013-10-30 12:00:00,0,14.5,121.0,0001,0.0071525574
2013-10-30 15:00:00,0,14.5,121.0,0001,0.10633469
2013-10-30 18:00:00,0,14.5,121.0,0001,0.0014305115
2013-10-30 21:00:00,0,14.5,121.0,0001,0.0
2013-10-31 00:00:00,0,14.5,121.0,0001,0.0038146973
2013-10-31 03:00:00,0,14.5,121.0,0001,0.0
2013-10-31 06:00:00,0,14.5,121.0,0001,0.011920929
2013-10-31 09:00:00,0,14.5,121.0,0001,0.005722046
2013-10-31 12:00:00,0,14.5,121.0,0001,0.00047683716
2013-10-31 15:00:00,0,14.5,121.0,0001,0.008583069
2013-10-31 18:00:00,0,14.5,121.0,0001,0.006198883
2013-10-31 21:00:00,0,14.5,121.0,0001,0.01001358
2013-11-01 00:00:00,0,14.5,121.0,0001,0.009536743
2013-11-01 03:00:00,0,14.5,121.0,0001,0.038146973
2013-11-01 06:00:00,0,14.5,121.0,0001,0.11920929
2013-11-01 09:00:00,0,14.5,121.0,0001,0.29945374
2013-11-01 12:00:00,0,14.5,121.0,0001,0.017166138
2013-11-01 15:00:00,0,14.5,121.0,0001,0.01335144
2013-11-01 18:00:00,0,14.5,121.0,0001,0.052452087
2013-11-01 21:00:00,0,14.5,121.0,0001,0.044822693
2013-11-02 00:00:00,0,14.5,121.0,0001,0.018119812
2013-11-02 03:00:00,0,14.5,121.0,0001,0.046253204
2013-11-02 06:00:00,0,14.5,121.0,0001,0.48971176
2013-11-02 09:00:00,0,14.5,121.0,0001,0.09346008
2013-11-02 12:00:00,0,14.5,121.0,0001,0.04053116
2013-11-02 15:00:00,0,14.5,121.0,0001,0.0023841858
2013-11-02 18:00:00,0,14.5,121.0,0001,0.0019073486
2013-11-02 21:00:00,0,14.5,121.0,0001,0.0038146973
2013-11-03 00:00:00,0,14.5,121.0,0001,0.047683716
2013-11-03 03:00:00,0,14.5,121.0,0001,0.17356873
2013-11-03 06:00:00,0,14.5,121.0,0001,0.08583069
2013-11-03 09:00:00,0,14.5,121.0,0001,0.02193451
2013-11-03 12:00:00,0,14.5,121.0,0001,0.008106232
2013-11-03 15:00:00,0,14.5,121.0,0001,0.015258789
2013-11-03 18:00:00,0,14.5,121.0,0001,0.0038146973
2013-11-03 21:00:00,0,14.5,121.0,0001,0.0052452087
2013-11-04 00:00:00,0,14.5,121.0,0001,0.045776367
2013-11-04 03:00:00,0,14.5,121.0,0001,0.07200241
2013-11-04 06:00:00,0,14.5,121.0,0001,0.51403046
2013-11-04 09:00:00,0,14.5,121.0,0001,0.041007996
2013-11-04 12:00:00,0,14.5,121.0,0001,0.016212463
2013-11-04 15:00:00,0,14.5,121.0,0001,0.031471252
2013-11-04 18:00:00,0,14.5,121.0,0001,0.02670288
2013-11-04 21:00:00,0,14.5,121.0,0001,0.069618225
2013-11-05 00:00:00,0,14.5,121.0,0001,0.092983246
2013-11-05 03:00:00,0,14.5,121.0,0001,0.0500679
2013-11-05 06:00:00,0,14.5,121.0,0001,0.2193451
2013-11-05 09:00:00,0,14.5,121.0,0001,0.036239624
2013-11-05 12:00:00,0,14.5,121.0,0001,0.0047683716
2013-11-05 15:00:00,0,14.5,121.0,0001,0.00047683716
2013-11-05 18:00:00,0,14.5,121.0,0001,0.00047683716
2013-11-05 21:00:00,0,14.5,121.0,0001,0.00047683716
2013-11-06 00:00:00,0,14.5,121.0,0001,0.01001358
2013-11-06 03:00:00,0,14.5,121.0,0001,0.03671646
2013-11-06 06:00:00,0,14.5,121.0,0001,0.0023841858
2013-11-06 09:00:00,0,14.5,121.0,0001,0.0009536743
2013-11-06 12:00:00,0,14.5,121.0,0001,0.00047683716
2013-11-06 15:00:00,0,14.5,121.0,0001,0.00667572
2013-11-06 18:00:00,0,14.5,121.0,0001,0.0014305115
2013-11-06 21:00:00,0,14.5,121.0,0001,0.0
2013-11-07 00:00:00,0,14.5,121.0,0001,0.002861023
2013-11-07 03:00:00,0,14.5,121.0,0001,0.10108948
2013-11-07 06:00:00,0,14.5,121.0,0001,0.0019073486
2013-11-07 09:00:00,0,14.5,121.0,0001,0.015258789
2013-11-07 12:00:00,0,14.5,121.0,0001,0.041007996
2013-11-07 15:00:00,0,14.5,121.0,0001,0.088214874
2013-11-07 18:00:00,0,14.5,121.0,0001,0.08392334
2013-11-07 21:00:00,0,14.5,121.0,0001,0.17499924
2013-11-08 00:00:00,0,14.5,121.0,0001,0.33330917
2013-11-08 03:00:00,0,14.5,121.0,0001,0.30899048
2013-11-08 06:00:00,0,14.5,121.0,0001,0.47636032
2013-11-08 09:00:00,0,14.5,121.0,0001,0.61416626
2013-11-08 12:00:00,0,14.5,121.0,0001,0.4143715
2013-11-08 15:00:00,0,14.5,121.0,0001,0.46396255
2013-11-08 18:00:00,0,14.5,121.0,0001,0.39482117
2013-11-08 21:00:00,0,14.5,121.0,0001,0.07247925
2013-11-09 00:00:00,0,14.5,121.0,0001,0.051498413
2013-11-09 03:00:00,0,14.5,121.0,0001,0.032901764
2013-11-09 06:00:00,0,14.5,121.0,0001,0.062465668
2013-11-09 09:00:00,0,14.5,121.0,0001,0.05531311
2013-11-09 12:00:00,0,14.5,121.0,0001,0.0014305115
2013-11-09 15:00:00,0,14.5,121.0,0001,0.0019073486
2013-11-09 18:00:00,0,14.5,121.0,0001,0.01335144
2013-11-09 21:00:00,0,14.5,121.0,0001,0.0023841858
2013-11-10 00:00:00,0,14.5,121.0,0001,0.015258789
2013-11-10 03:00:00,0,14.5,121.0,0001,0.019550323
2013-11-10 06:00:00,0,14.5,121.0,0001,0.00047683716
2013-11-10 09:00:00,0,14.5,121.0,0001,0.0
2013-11-10 12:00:00,0,14.5,121.0,0001,0.0
2013-11-10 15:00:00,0,14.5,121.0,0001,0.0019073486
2013-11-10 18:00:00,0,14.5,121.0,0001,0.0014305115
2013-11-10 21:00:00,0,14.5,121.0,0001,0.02527237
2013-11-11 00:00:00,0,14.5,121.0,0001,0.019073486
2013-11-11 03:00:00,0,14.5,121.0,0001,0.17309189
2013-11-11 06:00:00,0,14.5,121.0,0001,0.10061264
2013-11-11 09:00:00,0,14.5,121.0,0001,0.044822693
2013-11-11 12:00:00,0,14.5,121.0,0001,0.00333786
2013-11-11 15:00:00,0,14.5,121.0,0001,0.0023841858
2013-11-11 18:00:00,0,14.5,121.0,0001,0.017642975
2013-11-11 21:00:00,0,14.5,121.0,0001,0.0019073486
2013-11-12 00:00:00,0,14.5,121.0,0001,0.05197525
2013-11-12 03:00:00,0,14.5,121.0,0001,0.102996826
2013-11-12 06:00:00,0,14.5,121.0,0001,0.069618225
2013-11-12 09:00:00,0,14.5,121.0,0001,0.008583069
2013-11-12 12:00:00,0,14.5,121.0,0001,0.0
2013-11-12 15:00:00,0,14.5,121.0,0001,0.016212463
2013-11-12 18:00:00,0,14.5,121.0,0001,0.05865097
2013-11-12 21:00:00,0,14.5,121.0,0001,0.047683716
2013-11-13 00:00:00,0,14.5,121.0,0001,0.11730194
2013-11-13 03:00:00,0,14.5,121.0,0001,0.23031235
2013-11-13 06:00:00,0,14.5,121.0,0001,0.1296997
2013-11-13 09:00:00,0,14.5,121.0,0001,0.018119812
2013-11-13 12:00:00,0,14.5,121.0,0001,0.002861023
2013-11-13 15:00:00,0,14.5,121.0,0001,0.01335144
2013-11-13 18:00:00,0,14.5,121.0,0001,0.022411346
2013-11-13 21:00:00,0,14.5,121.0,0001,0.030040741
2013-11-14 00:00:00,0,14.5,121.0,0001,0.021457672
2013-11-14 03:00:00,0,14.5,121.0,0001,0.120162964
2013-11-14 06:00:00,0,14.5,121.0,0001,0.03862381
2013-11-14 09:00:00,0,14.5,121.0,0001,0.00333786
2013-11-14 12:00:00,0,14.5,121.0,0001,0.002861023
2013-11-14 15:00:00,0,14.5,121.0,0001,0.009059906
2013-11-14 18:00:00,0,14.5,121.0,0001,0.0023841858
2013-11-14 21:00:00,0,14.5,121.0,0001,0.0047683716
2013-11-15 00:00:00,0,14.5,121.0,0001,0.010967255
2013-11-15 03:00:00,0,14.5,121.0,0001,0.04863739
2013-11-15 06:00:00,0,14.5,121.0,0001,0.005722046
2013-11-15 09:00:00,0,14.5,121.0,0001,0.0
2013-11-15 12:00:00,0,14.5,121.0,0001,0.0014305115
2013-11-15 15:00:00,0,14.5,121.0,0001,0.0
2013-11-15 18:00:00,0,14.5,121.0,0001,0.00047683716
2013-11-15 21:00:00,0,14.5,121.0,0001,0.00047683716
2013-11-16 00:00:00,0,14.5,121.0,0001,0.0019073486
2013-11-16 03:00:00,0,14.5,121.0,0001,0.01001358
2013-11-16 06:00:00,0,14.5,121.0,0001,0.0071525574
2013-11-16 09:00:00,0,14.5,121.0,0001,0.0014305115
2013-11-16 12:00:00,0,14.5,121.0,0001,0.0
2013-11-16 15:00:00,0,14.5,121.0,0001,0.0
2013-11-16 18:00:00,0,14.5,121.0,0001,0.0
2013-11-16 21:00:00,0,14.5,121.0,0001,0.00047683716
2013-11-17 00:00:00,0,14.5,121.0,0001,0.0
2013-11-17 03:00:00,0,14.5,121.0,0001,0.0
2013-11-17 06:00:00,0,14.5,121.0,0001,0.0
2013-11-17 09:00:00,0,14.5,121.0,0001,0.0
2013-11-17 12:00:00,0,14.5,121.0,0001,0.0
2013-11-17 15:00:00,0,14.5,121.0,0001,0.0
2013-11-17 18:00:00,0,14.5,121.0,0001,0.0
2013-11-17 21:00:00,0,14.5,121.0,0001,0.0
2013-11-18 00:00:00,0,14.5,121.0,0001,0.0009536743
2013-11-18 03:00:00,0,14.5,121.0,0001,0.0166893
2013-11-18 06:00:00,0,14.5,121.0,0001,0.031471252
2013-11-18 09:00:00,0,14.5,121.0,0001,0.0014305115
2013-11-18 12:00:00,0,14.5,121.0,0001,0.0166893
2013-11-18 15:00:00,0,14.5,121.0,0001,0.062942505
2013-11-18 18:00:00,0,14.5,121.0,0001,0.094890594
2013-11-18 21:00:00,0,14.5,121.0,0001,0.04196167
2013-11-19 00:00:00,0,14.5,121.0,0001,0.017642975
2013-11-19 03:00:00,0,14.5,121.0,0001,0.025749207
2013-11-19 06:00:00,0,14.5,121.0,0001,0.056266785
2013-11-19 09:00:00,0,14.5,121.0,0001,0.019550323
2013-11-19 12:00:00,0,14.5,121.0,0001,0.039100647
2013-11-19 15:00:00,0,14.5,121.0,0001,0.046253204
2013-11-19 18:00:00,0,14.5,121.0,0001,0.031471252
2013-11-19 21:00:00,0,14.5,121.0,0001,0.07867813
2013-11-20 00:00:00,0,14.5,121.0,0001,0.036239624
2013-11-20 03:00:00,0,14.5,121.0,0001,0.06198883
2013-11-20 06:00:00,0,14.5,121.0,0001,0.01859665
2013-11-20 09:00:00,0,14.5,121.0,0001,0.014305115
2013-11-20 12:00:00,0,14.5,121.0,0001,0.041007996
2013-11-20 15:00:00,0,14.5,121.0,0001,0.02861023
2013-11-20 18:00:00,0,14.5,121.0,0001,0.0166893
2013-11-20 21:00:00,0,14.5,121.0,0001,0.017166138
2013-11-21 00:00:00,0,14.5,121.0,0001,0.012874603
2013-11-21 03:00:00,0,14.5,121.0,0001,0.102996826
2013-11-21 06:00:00,0,14.5,121.0,0001,0.0019073486
2013-11-21 09:00:00,0,14.5,121.0,0001,0.01859665
2013-11-21 12:00:00,0,14.5,121.0,0001,0.017166138
2013-11-21 15:00:00,0,14.5,121.0,0001,0.062942505
2013-11-21 18:00:00,0,14.5,121.0,0001,0.16307831
2013-11-21 21:00:00,0,14.5,121.0,0001,0.015258789
2013-11-22 00:00:00,0,14.5,121.0,0001,0.013828278
2013-11-22 03:00:00,0,14.5,121.0,0001,0.17166138
2013-11-22 06:00:00,0,14.5,121.0,0001,0.12540817
2013-11-22 09:00:00,0,14.5,121.0,0001,0.0014305115
2013-11-22 12:00:00,0,14.5,121.0,0001,0.0019073486
2013-11-22 15:00:00,0,14.5,121.0,0001,0.01335144
2013-11-22 18:00:00,0,14.5,121.0,0001,0.0076293945
2013-11-22 21:00:00,0,14.5,121.0,0001,0.09918213
2013-11-23 00:00:00,0,14.5,121.0,0001,0.19741058
2013-11-23 03:00:00,0,14.5,121.0,0001,0.31137466
2013-11-23 06:00:00,0,14.5,121.0,0001,0.53167343
2013-11-23 09:00:00,0,14.5,121.0,0001,0.0023841858
2013-11-23 12:00:00,0,14.5,121.0,0001,0.08392334
2013-11-23 15:00:00,0,14.5,121.0,0001,0.016212463
2013-11-23 18:00:00,0,14.5,121.0,0001,0.0104904175
2013-11-23 21:00:00,0,14.5,121.0,0001,0.011920929
2013-11-24 00:00:00,0,14.5,121.0,0001,0.008583069
2013-11-24 03:00:00,0,14.5,121.0,0001,0.12683868
2013-11-24 06:00:00,0,14.5,121.0,0001,0.022411346
2013-11-24 09:00:00,0,14.5,121.0,0001,0.0076293945
2013-11-24 12:00:00,0,14.5,121.0,0001,0.011444092
2013-11-24 15:00:00,0,14.5,121.0,0001,0.0009536743
2013-11-24 18:00:00,0,14.5,121.0,0001,0.0009536743
2013-11-24 21:00:00,0,14.5,121.0,0001,0.0019073486
2013-11-25 00:00:00,0,14.5,121.0,0001,0.00047683716
2013-11-25 03:00:00,0,14.5,121.0,0001,0.012397766
2013-11-25 06:00:00,0,14.5,121.0,0001,0.023841858
2013-11-25 09:00:00,0,14.5,121.0,0001,0.13256073
2013-11-25 12:00:00,0,14.5,121.0,0001,0.20837784
2013-11-25 15:00:00,0,14.5,121.0,0001,0.011444092
2013-11-25 18:00:00,0,14.5,121.0,0001,0.0047683716
2013-11-25 21:00:00,0,14.5,121.0,0001,0.0019073486
2013-11-26 00:00:00,0,14.5,121.0,0001,0.0333786
2013-11-26 03:00:00,0,14.5,121.0,0001,0.07009506
2013-11-26 06:00:00,0,14.5,121.0,0001,0.021457672
2013-11-26 09:00:00,0,14.5,121.0,0001,0.0
2013-11-26 12:00:00,0,14.5,121.0,0001,0.0009536743
2013-11-26 15:00:00,0,14.5,121.0,0001,0.0009536743
2013-11-26 18:00:00,0,14.5,121.0,0001,0.005722046
2013-11-26 21:00:00,0,14.5,121.0,0001,0.0
2013-11-27 00:00:00,0,14.5,121.0,0001,0.0019073486
2013-11-27 03:00:00,0,14.5,121.0,0001,0.0009536743
2013-11-27 06:00:00,0,14.5,121.0,0001,0.09059906
2013-11-27 09:00:00,0,14.5,121.0,0001,0.0
2013-11-27 12:00:00,0,14.5,121.0,0001,0.00047683716
2013-11-27 15:00:00,0,14.5,121.0,0001,0.0
2013-11-27 18:00:00,0,14.5,121.0,0001,0.0
2013-11-27 21:00:00,0,14.5,121.0,0001,0.0
2013-11-28 00:00:00,0,14.5,121.0,0001,0.0
2013-11-28 03:00:00,0,14.5,121.0,0001,0.1282692
2013-11-28 06:00:00,0,14.5,121.0,0001,0.038146973
2013-11-28 09:00:00,0,14.5,121.0,0001,0.0
2013-11-28 12:00:00,0,14.5,121.0,0001,0.0009536743
2013-11-28 15:00:00,0,14.5,121.0,0001,0.0014305115
2013-11-28 18:00:00,0,14.5,121.0,0001,0.0038146973
2013-11-28 21:00:00,0,14.5,121.0,0001,0.012397766
2013-11-29 00:00:00,0,14.5,121.0,0001,0.013828278
2013-11-29 03:00:00,0,14.5,121.0,0001,0.01859665
2013-11-29 06:00:00,0,14.5,121.0,0001,0.0
2013-11-29 09:00:00,0,14.5,121.0,0001,0.05054474
2013-11-29 12:00:00,0,14.5,121.0,0001,0.005722046
2013-11-29 15:00:00,0,14.5,121.0,0001,0.015258789
2013-11-29 18:00:00,0,14.5,121.0,0001,0.034809113
2013-11-29 21:00:00,0,14.5,121.0,0001,0.038146973
2013-11-30 00:00:00,0,14.5,121.0,0001,0.06055832
2013-11-30 03:00:00,0,14.5,121.0,0001,0.0333786
2013-11-30 06:00:00,0,14.5,121.0,0001,0.006198883
2013-11-30 09:00:00,0,14.5,121.0,0001,1.742363
2013-11-30 12:00:00,0,14.5,121.0,0001,3.9949417
2013-11-30 15:00:00,0,14.5,121.0,0001,2.4051666
2013-11-30 18:00:00,0,14.5,121.0,0001,0.23269653
2013-11-30 21:00:00,0,14.5,121.0,0001,0.005722046
2014-06-01 00:00:00,0,14.5,121.0,0001,0.01001358
2014-06-01 03:00:00,0,14.5,121.0,0001,0.008583069
2014-06-01 06:00:00,0,14.5,121.0,0001,0.0052452087
2014-06-01 09:00:00,0,14.5,121.0,0001,0.14686584
2014-06-01 12:00:00,0,14.5,121.0,0001,0.061511993
2014-06-01 15:00:00,0,14.5,121.0,0001,0.08869171
2014-06-01 18:00:00,0,14.5,121.0,0001,0.24652481
2014-06-01 21:00:00,0,14.5,121.0,0001,0.024795532
2014-06-02 00:00:00,0,14.5,121.0,0001,0.0019073486
2014-06-02 03:00:00,0,14.5,121.0,0001,0.00047683716
2014-06-02 06:00:00,0,14.5,121.0,0001,0.020503998
2014-06-02 09:00:00,0,14.5,121.0,0001,0.12254715
2014-06-02 12:00:00,0,14.5,121.0,0001,0.11301041
2014-06-02 15:00:00,0,14.5,121.0,0001,0.4940033
2014-06-02 18:00:00,0,14.5,121.0,0001,0.0
2014-06-02 21:00:00,0,14.5,121.0,0001,1.0457039
2014-06-03 00:00:00,0,14.5,121.0,0001,0.047683716
2014-06-03 03:00:00,0,14.5,121.0,0001,0.25749207
2014-06-03 06:00:00,0,14.5,121.0,0001,0.38576126
2014-06-03 09:00:00,0,14.5,121.0,0001,0.2708435
2014-06-03 12:00:00,0,14.5,121.0,0001,0.0
2014-06-03 15:00:00,0,14.5,121.0,0001,0.008583069
2014-06-03 18:00:00,0,14.5,121.0,0001,0.0047683716
2014-06-03 21:00:00,0,14.5,121.0,0001,0.579834
2014-06-04 00:00:00,0,14.5,121.0,0001,0.009059906
2014-06-04 03:00:00,0,14.5,121.0,0001,0.25892258
2014-06-04 06:00:00,0,14.5,121.0,0001,0.026226044
2014-06-04 09:00:00,0,14.5,121.0,0001,1.5745163
2014-06-04 12:00:00,0,14.5,121.0,0001,0.19788742
2014-06-04 15:00:00,0,14.5,121.0,0001,0.04196167
2014-06-04 18:00:00,0,14.5,121.0,0001,0.0019073486
2014-06-04 21:00:00,0,14.5,121.0,0001,0.0038146973
2014-06-05 00:00:00,0,14.5,121.0,0001,0.16260147
2014-06-05 03:00:00,0,14.5,121.0,0001,0.09870529
2014-06-05 06:00:00,0,14.5,121.0,0001,0.026226044
2014-06-05 09:00:00,0,14.5,121.0,0001,0.032901764
2014-06-05 12:00:00,0,14.5,121.0,0001,0.029563904
2014-06-05 15:00:00,0,14.5,121.0,0001,0.0
2014-06-05 18:00:00,0,14.5,121.0,0001,0.005722046
2014-06-05 21:00:00,0,14.5,121.0,0001,0.006198883
2014-06-06 00:00:00,0,14.5,121.0,0001,0.20933151
2014-06-06 03:00:00,0,14.5,121.0,0001,0.079631805
2014-06-06 06:00:00,0,14.5,121.0,0001,0.1282692
2014-06-06 09:00:00,0,14.5,121.0,0001,0.2603531
2014-06-06 12:00:00,0,14.5,121.0,0001,0.0009536743
2014-06-06 15:00:00,0,14.5,121.0,0001,0.1077652
2014-06-06 18:00:00,0,14.5,121.0,0001,0.0104904175
2014-06-06 21:00:00,0,14.5,121.0,0001,0.0042915344
2014-06-07 00:00:00,0,14.5,121.0,0001,0.13494492
2014-06-07 03:00:00,0,14.5,121.0,0001,0.22029877
2014-06-07 06:00:00,0,14.5,121.0,0001,0.20885468
2014-06-07 09:00:00,0,14.5,121.0,0001,0.22411346
2014-06-07 12:00:00,0,14.5,121.0,0001,0.0038146973
2014-06-07 15:00:00,0,14.5,121.0,0001,0.011444092
2014-06-07 18:00:00,0,14.5,121.0,0001,0.166893
2014-06-07 21:00:00,0,14.5,121.0,0001,0.0
2014-06-08 00:00:00,0,14.5,121.0,0001,0.05531311
2014-06-08 03:00:00,0,14.5,121.0,0001,0.059604645
2014-06-08 06:00:00,0,14.5,121.0,0001,0.2770424
2014-06-08 09:00:00,0,14.5,121.0,0001,0.18882751
2014-06-08 12:00:00,0,14.5,121.0,0001,0.032424927
2014-06-08 15:00:00,0,14.5,121.0,0001,0.005722046
2014-06-08 18:00:00,0,14.5,121.0,0001,0.04196167
2014-06-08 21:00:00,0,14.5,121.0,0001,0.0009536743
2014-06-09 00:00:00,0,14.5,121.0,0001,0.062942505
2014-06-09 03:00:00,0,14.5,121.0,0001,0.104904175
2014-06-09 06:00:00,0,14.5,121.0,0001,3.7975311
2014-06-09 09:00:00,0,14.5,121.0,0001,0.02002716
2014-06-09 12:00:00,0,14.5,121.0,0001,0.044345856
2014-06-09 15:00:00,0,14.5,121.0,0001,0.15163422
2014-06-09 18:00:00,0,14.5,121.0,0001,0.13971329
2014-06-09 21:00:00,0,14.5,121.0,0001,0.20217896
2014-06-10 00:00:00,0,14.5,121.0,0001,0.19931793
2014-06-10 03:00:00,0,14.5,121.0,0001,0.0872612
2014-06-10 06:00:00,0,14.5,121.0,0001,0.72956085
2014-06-10 09:00:00,0,14.5,121.0,0001,1.6469955
2014-06-10 12:00:00,0,14.5,121.0,0001,1.335144
2014-06-10 15:00:00,0,14.5,121.0,0001,0.2670288
2014-06-10 18:00:00,0,14.5,121.0,0001,0.1487732
2014-06-10 21:00:00,0,14.5,121.0,0001,0.09059906
2014-06-11 00:00:00,0,14.5,121.0,0001,0.579834
2014-06-11 03:00:00,0,14.5,121.0,0001,0.17166138
2014-06-11 06:00:00,0,14.5,121.0,0001,1.2259483
2014-06-11 09:00:00,0,14.5,121.0,0001,1.7318726
2014-06-11 12:00:00,0,14.5,121.0,0001,0.74386597
2014-06-11 15:00:00,0,14.5,121.0,0001,0.08392334
2014-06-11 18:00:00,0,14.5,121.0,0001,0.1335144
2014-06-11 21:00:00,0,14.5,121.0,0001,0.089645386
2014-06-12 00:00:00,0,14.5,121.0,0001,0.11634827
2014-06-12 03:00:00,0,14.5,121.0,0001,0.6928444
2014-06-12 06:00:00,0,14.5,121.0,0001,1.2755394
2014-06-12 09:00:00,0,14.5,121.0,0001,0.50878525
2014-06-12 12:00:00,0,14.5,121.0,0001,0.97703934
2014-06-12 15:00:00,0,14.5,121.0,0001,0.51784515
2014-06-12 18:00:00,0,14.5,121.0,0001,0.7786751
2014-06-12 21:00:00,0,14.5,121.0,0001,0.23984909
2014-06-13 00:00:00,0,14.5,121.0,0001,0.48446655
2014-06-13 03:00:00,0,14.5,121.0,0001,0.67043304
2014-06-13 06:00:00,0,14.5,121.0,0001,0.061035156
2014-06-13 09:00:00,0,14.5,121.0,0001,0.0910759
2014-06-13 12:00:00,0,14.5,121.0,0001,0.072956085
2014-06-13 15:00:00,0,14.5,121.0,0001,0.22792816
2014-06-13 18:00:00,0,14.5,121.0,0001,0.1783371
2014-06-13 21:00:00,0,14.5,121.0,0001,0.029563904
2014-06-14 00:00:00,0,14.5,121.0,0001,0.056266785
2014-06-14 03:00:00,0,14.5,121.0,0001,0.14209747
2014-06-14 06:00:00,0,14.5,121.0,0001,0.09441376
2014-06-14 09:00:00,0,14.5,121.0,0001,0.13446808
2014-06-14 12:00:00,0,14.5,121.0,0001,0.005722046
2014-06-14 15:00:00,0,14.5,121.0,0001,0.020503998
2014-06-14 18:00:00,0,14.5,121.0,0001,0.01001358
2014-06-14 21:00:00,0,14.5,121.0,0001,0.027656555
2014-06-15 00:00:00,0,14.5,121.0,0001,0.12874603
2014-06-15 03:00:00,0,14.5,121.0,0001,0.030517578
2014-06-15 06:00:00,0,14.5,121.0,0001,1.1739731
2014-06-15 09:00:00,0,14.5,121.0,0001,0.032901764
2014-06-15 12:00:00,0,14.5,121.0,0001,0.041007996
2014-06-15 15:00:00,0,14.5,121.0,0001,0.0009536743
2014-06-15 18:00:00,0,14.5,121.0,0001,0.0
2014-06-15 21:00:00,0,14.5,121.0,0001,0.0
2014-06-16 00:00:00,0,14.5,121.0,0001,0.0
2014-06-16 03:00:00,0,14.5,121.0,0001,0.071525574
2014-06-16 06:00:00,0,14.5,121.0,0001,0.118255615
2014-06-16 09:00:00,0,14.5,121.0,0001,0.17738342
2014-06-16 12:00:00,0,14.5,121.0,0001,0.42819977
2014-06-16 15:00:00,0,14.5,121.0,0001,0.0023841858
2014-06-16 18:00:00,0,14.5,121.0,0001,0.13828278
2014-06-16 21:00:00,0,14.5,121.0,0001,0.0
2014-06-17 00:00:00,0,14.5,121.0,0001,0.0
2014-06-17 03:00:00,0,14.5,121.0,0001,0.19550323
2014-06-17 06:00:00,0,14.5,121.0,0001,0.030994415
2014-06-17 09:00:00,0,14.5,121.0,0001,1.554966
2014-06-17 12:00:00,0,14.5,121.0,0001,0.6599426
2014-06-17 15:00:00,0,14.5,121.0,0001,0.071525574
2014-06-17 18:00:00,0,14.5,121.0,0001,0.01335144
2014-06-17 21:00:00,0,14.5,121.0,0001,0.5373955
2014-06-18 00:00:00,0,14.5,121.0,0001,0.020980835
2014-06-18 03:00:00,0,14.5,121.0,0001,0.17356873
2014-06-18 06:00:00,0,14.5,121.0,0001,3.917694
2014-06-18 09:00:00,0,14.5,121.0,0001,5.6238174
2014-06-18 12:00:00,0,14.5,121.0,0001,2.4032593
2014-06-18 15:00:00,0,14.5,121.0,0001,0.664711
2014-06-18 18:00:00,0,14.5,121.0,0001,0.2746582
2014-06-18 21:00:00,0,14.5,121.0,0001,1.537323
2014-06-19 00:00:00,0,14.5,121.0,0001,0.19979477
2014-06-19 03:00:00,0,14.5,121.0,0001,0.49304962
2014-06-19 06:00:00,0,14.5,121.0,0001,0.5531311
2014-06-19 09:00:00,0,14.5,121.0,0001,0.21028519
2014-06-19 12:00:00,0,14.5,121.0,0001,0.16355515
2014-06-19 15:00:00,0,14.5,121.0,0001,0.09918213
2014-06-19 18:00:00,0,14.5,121.0,0001,0.45585632
2014-06-19 21:00:00,0,14.5,121.0,0001,0.089645386
2014-06-20 00:00:00,0,14.5,121.0,0001,0.6055832
2014-06-20 03:00:00,0,14.5,121.0,0001,0.20885468
2014-06-20 06:00:00,0,14.5,121.0,0001,0.67710876
2014-06-20 09:00:00,0,14.5,121.0,0001,0.12636185
2014-06-20 12:00:00,0,14.5,121.0,0001,0.2861023
2014-06-20 15:00:00,0,14.5,121.0,0001,0.5302429
2014-06-20 18:00:00,0,14.5,121.0,0001,0.16736984
2014-06-20 21:00:00,0,14.5,121.0,0001,0.13256073
2014-06-21 00:00:00,0,14.5,121.0,0001,0.07867813
2014-06-21 03:00:00,0,14.5,121.0,0001,0.07867813
2014-06-21 06:00:00,0,14.5,121.0,0001,0.04720688
2014-06-21 09:00:00,0,14.5,121.0,0001,0.019550323
2014-06-21 12:00:00,0,14.5,121.0,0001,0.020980835
2014-06-21 15:00:00,0,14.5,121.0,0001,0.027179718
2014-06-21 18:00:00,0,14.5,121.0,0001,0.06866455
2014-06-21 21:00:00,0,14.5,121.0,0001,0.17642975
2014-06-22 00:00:00,0,14.5,121.0,0001,0.038146973
2014-06-22 03:00:00,0,14.5,121.0,0001,0.10585785
2014-06-22 06:00:00,0,14.5,121.0,0001,0.3209114
2014-06-22 09:00:00,0,14.5,121.0,0001,0.10538101
2014-06-22 12:00:00,0,14.5,121.0,0001,0.09870529
2014-06-22 15:00:00,0,14.5,121.0,0001,0.06198883
2014-06-22 18:00:00,0,14.5,121.0,0001,0.04196167
2014-06-22 21:00:00,0,14.5,121.0,0001,0.03194809
2014-06-23 00:00:00,0,14.5,121.0,0001,0.11539459
2014-06-23 03:00:00,0,14.5,121.0,0001,0.08392334
2014-06-23 06:00:00,0,14.5,121.0,0001,2.3889542
2014-06-23 09:00:00,0,14.5,121.0,0001,0.015258789
2014-06-23 12:00:00,0,14.5,121.0,0001,0.00667572
2014-06-23 15:00:00,0,14.5,121.0,0001,0.00333786
2014-06-23 18:00:00,0,14.5,121.0,0001,0.01001358
2014-06-23 21:00:00,0,14.5,121.0,0001,0.06771088
2014-06-24 00:00:00,0,14.5,121.0,0001,0.047683716
2014-06-24 03:00:00,0,14.5,121.0,0001,0.06198883
2014-06-24 06:00:00,0,14.5,121.0,0001,0.11062622
2014-06-24 09:00:00,0,14.5,121.0,0001,0.0
2014-06-24 12:00:00,0,14.5,121.0,0001,0.0
2014-06-24 15:00:00,0,14.5,121.0,0001,0.0
2014-06-24 18:00:00,0,14.5,121.0,0001,0.002861023
2014-06-24 21:00:00,0,14.5,121.0,0001,0.014305115
2014-06-25 00:00:00,0,14.5,121.0,0001,0.21886826
2014-06-25 03:00:00,0,14.5,121.0,0001,0.08869171
2014-06-25 06:00:00,0,14.5,121.0,0001,6.4735413
2014-06-25 09:00:00,0,14.5,121.0,0001,0.047683716
2014-06-25 12:00:00,0,14.5,121.0,0001,0.010967255
2014-06-25 15:00:00,0,14.5,121.0,0001,0.3528595
2014-06-25 18:00:00,0,14.5,121.0,0001,0.00667572
2014-06-25 21:00:00,0,14.5,121.0,0001,0.0071525574
2014-06-26 00:00:00,0,14.5,121.0,0001,0.17309189
2014-06-26 03:00:00,0,14.5,121.0,0001,0.09918213
2014-06-26 06:00:00,0,14.5,121.0,0001,1.2607574
2014-06-26 09:00:00,0,14.5,121.0,0001,2.7542114
2014-06-26 12:00:00,0,14.5,121.0,0001,2.3441315
2014-06-26 15:00:00,0,14.5,121.0,0001,1.2044907
2014-06-26 18:00:00,0,14.5,121.0,0001,0.10728836
2014-06-26 21:00:00,0,14.5,121.0,0001,0.50258636
2014-06-27 00:00:00,0,14.5,121.0,0001,0.58460236
2014-06-27 03:00:00,0,14.5,121.0,0001,0.93078613
2014-06-27 06:00:00,0,14.5,121.0,0001,0.310421
2014-06-27 09:00:00,0,14.5,121.0,0001,0.17261505
2014-06-27 12:00:00,0,14.5,121.0,0001,0.11301041
2014-06-27 15:00:00,0,14.5,121.0,0001,0.06866455
2014-06-27 18:00:00,0,14.5,121.0,0001,0.1912117
2014-06-27 21:00:00,0,14.5,121.0,0001,0.04005432
2014-06-28 00:00:00,0,14.5,121.0,0001,0.076293945
2014-06-28 03:00:00,0,14.5,121.0,0001,0.10442734
2014-06-28 06:00:00,0,14.5,121.0,0001,0.18501282
2014-06-28 09:00:00,0,14.5,121.0,0001,0.046253204
2014-06-28 12:00:00,0,14.5,121.0,0001,0.015735626
2014-06-28 15:00:00,0,14.5,121.0,0001,0.0104904175
2014-06-28 18:00:00,0,14.5,121.0,0001,0.020980835
2014-06-28 21:00:00,0,14.5,121.0,0001,0.011920929
2014-06-29 00:00:00,0,14.5,121.0,0001,0.01001358
2014-06-29 03:00:00,0,14.5,121.0,0001,0.4439354
2014-06-29 06:00:00,0,14.5,121.0,0001,0.45490265
2014-06-29 09:00:00,0,14.5,121.0,0001,0.104904175
2014-06-29 12:00:00,0,14.5,121.0,0001,0.0019073486
2014-06-29 15:00:00,0,14.5,121.0,0001,0.00047683716
2014-06-29 18:00:00,0,14.5,121.0,0001,0.5326271
2014-06-29 21:00:00,0,14.5,121.0,0001,0.017642975
2014-06-30 00:00:00,0,14.5,121.0,0001,0.20074844
2014-06-30 03:00:00,0,14.5,121.0,0001,0.50497055
2014-06-30 06:00:00,0,14.5,121.0,0001,0.15544891
2014-06-30 09:00:00,0,14.5,121.0,0001,0.012874603
2014-06-30 12:00:00,0,14.5,121.0,0001,0.0
2014-06-30 15:00:00,0,14.5,121.0,0001,1.0504723
2014-06-30 18:00:00,0,14.5,121.0,0001,0.26226044
2014-06-30 21:00:00,0,14.5,121.0,0001,0.49495697
2014-07-01 00:00:00,0,14.5,121.0,0001,0.06437302
2014-07-01 03:00:00,0,14.5,121.0,0001,0.08392334
2014-07-01 06:00:00,0,14.5,121.0,0001,0.21457672
2014-07-01 09:00:00,0,14.5,121.0,0001,0.10585785
2014-07-01 12:00:00,0,14.5,121.0,0001,0.046253204
2014-07-01 15:00:00,0,14.5,121.0,0001,0.0500679
2014-07-01 18:00:00,0,14.5,121.0,0001,0.025749207
2014-07-01 21:00:00,0,14.5,121.0,0001,0.055789948
2014-07-02 00:00:00,0,14.5,121.0,0001,0.05722046
2014-07-02 03:00:00,0,14.5,121.0,0001,0.19693375
2014-07-02 06:00:00,0,14.5,121.0,0001,0.06866455
2014-07-02 09:00:00,0,14.5,121.0,0001,0.10442734
2014-07-02 12:00:00,0,14.5,121.0,0001,0.47540665
2014-07-02 15:00:00,0,14.5,121.0,0001,0.1654625
2014-07-02 18:00:00,0,14.5,121.0,0001,0.1296997
2014-07-02 21:00:00,0,14.5,121.0,0001,0.0
2014-07-03 00:00:00,0,14.5,121.0,0001,0.0076293945
2014-07-03 03:00:00,0,14.5,121.0,0001,0.0705719
2014-07-03 06:00:00,0,14.5,121.0,0001,0.12207031
2014-07-03 09:00:00,0,14.5,121.0,0001,0.38433075
2014-07-03 12:00:00,0,14.5,121.0,0001,0.63180923
2014-07-03 15:00:00,0,14.5,121.0,0001,0.028133392
2014-07-03 18:00:00,0,14.5,121.0,0001,0.9083748
2014-07-03 21:00:00,0,14.5,121.0,0001,0.85401535
2014-07-04 00:00:00,0,14.5,121.0,0001,1.8153191
2014-07-04 03:00:00,0,14.5,121.0,0001,0.87594986
2014-07-04 06:00:00,0,14.5,121.0,0001,0.77724457
2014-07-04 09:00:00,0,14.5,121.0,0001,0.34618378
2014-07-04 12:00:00,0,14.5,121.0,0001,0.13589859
2014-07-04 15:00:00,0,14.5,121.0,0001,0.19645691
2014-07-04 18:00:00,0,14.5,121.0,0001,0.120162964
2014-07-04 21:00:00,0,14.5,121.0,0001,0.18787384
2014-07-05 00:00:00,0,14.5,121.0,0001,0.08249283
2014-07-05 03:00:00,0,14.5,121.0,0001,0.10442734
2014-07-05 06:00:00,0,14.5,121.0,0001,0.13446808
2014-07-05 09:00:00,0,14.5,121.0,0001,1.0299683
2014-07-05 12:00:00,0,14.5,121.0,0001,0.06818771
2014-07-05 15:00:00,0,14.5,121.0,0001,0.09727478
2014-07-05 18:00:00,0,14.5,121.0,0001,0.056266785
2014-07-05 21:00:00,0,14.5,121.0,0001,0.14781952
2014-07-06 00:00:00,0,14.5,121.0,0001,0.16260147
2014-07-06 03:00:00,0,14.5,121.0,0001,0.20217896
2014-07-06 06:00:00,0,14.5,121.0,0001,0.24795532
2014-07-06 09:00:00,0,14.5,121.0,0001,0.19264221
2014-07-06 12:00:00,0,14.5,121.0,0001,0.10633469
2014-07-06 15:00:00,0,14.5,121.0,0001,0.14019012
2014-07-06 18:00:00,0,14.5,121.0,0001,0.2770424
2014-07-06 21:00:00,0,14.5,121.0,0001,0.1821518
2014-07-07 00:00:00,0,14.5,121.0,0001,0.15735626
2014-07-07 03:00:00,0,14.5,121.0,0001,1.2750626
2014-07-07 06:00:00,0,14.5,121.0,0001,0.45585632
2014-07-07 09:00:00,0,14.5,121.0,0001,0.28419495
2014-07-07 12:00:00,0,14.5,121.0,0001,1.0251999
2014-07-07 15:00:00,0,14.5,121.0,0001,0.12111664
2014-07-07 18:00:00,0,14.5,121.0,0001,0.17595291
2014-07-07 21:00:00,0,14.5,121.0,0001,0.12397766
2014-07-08 00:00:00,0,14.5,121.0,0001,0.313282
2014-07-08 03:00:00,0,14.5,121.0,0001,0.23078918
2014-07-08 06:00:00,0,14.5,121.0,0001,0.39291382
2014-07-08 09:00:00,0,14.5,121.0,0001,0.19645691
2014-07-08 12:00:00,0,14.5,121.0,0001,0.5607605
2014-07-08 15:00:00,0,14.5,121.0,0001,1.11866
2014-07-08 18:00:00,0,14.5,121.0,0001,1.7390251
2014-07-08 21:00:00,0,14.5,121.0,0001,0.39291382
2014-07-09 00:00:00,0,14.5,121.0,0001,0.3695488
2014-07-09 03:00:00,0,14.5,121.0,0001,0.55503845
2014-07-09 06:00:00,0,14.5,121.0,0001,0.59843063
2014-07-09 09:00:00,0,14.5,121.0,0001,0.5660057
2014-07-09 12:00:00,0,14.5,121.0,0001,0.63705444
2014-07-09 15:00:00,0,14.5,121.0,0001,0.032424927
2014-07-09 18:00:00,0,14.5,121.0,0001,0.008583069
2014-07-09 21:00:00,0,14.5,121.0,0001,0.002861023
2014-07-10 00:00:00,0,14.5,121.0,0001,0.06818771
2014-07-10 03:00:00,0,14.5,121.0,0001,0.084877014
2014-07-10 06:00:00,0,14.5,121.0,0001,0.31852722
2014-07-10 09:00:00,0,14.5,121.0,0001,0.14972687
2014-07-10 12:00:00,0,14.5,121.0,0001,0.030517578
2014-07-10 15:00:00,0,14.5,121.0,0001,0.0052452087
2014-07-10 18:00:00,0,14.5,121.0,0001,0.002861023
2014-07-10 21:00:00,0,14.5,121.0,0001,0.03528595
2014-07-11 00:00:00,0,14.5,121.0,0001,0.0
2014-07-11 03:00:00,0,14.5,121.0,0001,0.051021576
2014-07-11 06:00:00,0,14.5,121.0,0001,0.3361702
2014-07-11 09:00:00,0,14.5,121.0,0001,0.0333786
2014-07-11 12:00:00,0,14.5,121.0,0001,0.415802
2014-07-11 15:00:00,0,14.5,121.0,0001,0.0
2014-07-11 18:00:00,0,14.5,121.0,0001,0.00047683716
2014-07-11 21:00:00,0,14.5,121.0,0001,0.55933
2014-07-12 00:00:00,0,14.5,121.0,0001,0.02527237
2014-07-12 03:00:00,0,14.5,121.0,0001,0.048160553
2014-07-12 06:00:00,0,14.5,121.0,0001,0.0047683716
2014-07-12 09:00:00,0,14.5,121.0,0001,0.0052452087
2014-07-12 12:00:00,0,14.5,121.0,0001,0.00047683716
2014-07-12 15:00:00,0,14.5,121.0,0001,0.022888184
2014-07-12 18:00:00,0,14.5,121.0,0001,0.019550323
2014-07-12 21:00:00,0,14.5,121.0,0001,0.10967255
2014-07-13 00:00:00,0,14.5,121.0,0001,0.038146973
2014-07-13 03:00:00,0,14.5,121.0,0001,0.062942505
2014-07-13 06:00:00,0,14.5,121.0,0001,0.0047683716
2014-07-13 09:00:00,0,14.5,121.0,0001,0.15544891
2014-07-13 12:00:00,0,14.5,121.0,0001,0.066280365
2014-07-13 15:00:00,0,14.5,121.0,0001,0.05340576
2014-07-13 18:00:00,0,14.5,121.0,0001,0.34236908
2014-07-13 21:00:00,0,14.5,121.0,0001,0.002861023
2014-07-14 00:00:00,0,14.5,121.0,0001,0.0
2014-07-14 03:00:00,0,14.5,121.0,0001,0.098228455
2014-07-14 06:00:00,0,14.5,121.0,0001,0.18978119
2014-07-14 09:00:00,0,14.5,121.0,0001,0.5021095
2014-07-14 12:00:00,0,14.5,121.0,0001,0.034332275
2014-07-14 15:00:00,0,14.5,121.0,0001,0.06484985
2014-07-14 18:00:00,0,14.5,121.0,0001,0.14972687
2014-07-14 21:00:00,0,14.5,121.0,0001,0.012397766
2014-07-15 00:00:00,0,14.5,121.0,0001,0.15449524
2014-07-15 03:00:00,0,14.5,121.0,0001,0.4954338
2014-07-15 06:00:00,0,14.5,121.0,0001,0.6132126
2014-07-15 09:00:00,0,14.5,121.0,0001,3.3535957
2014-07-15 12:00:00,0,14.5,121.0,0001,2.3584366
2014-07-15 15:00:00,0,14.5,121.0,0001,0.21839142
2014-07-15 18:00:00,0,14.5,121.0,0001,0.91171265
2014-07-15 21:00:00,0,14.5,121.0,0001,11.580944
2014-07-16 00:00:00,0,14.5,121.0,0001,5.106926
2014-07-16 03:00:00,0,14.5,121.0,0001,10.508537
2014-07-16 06:00:00,0,14.5,121.0,0001,1.9407272
2014-07-16 09:00:00,0,14.5,121.0,0001,2.236843
2014-07-16 12:00:00,0,14.5,121.0,0001,0.313282
2014-07-16 15:00:00,0,14.5,121.0,0001,0.058174133
2014-07-16 18:00:00,0,14.5,121.0,0001,0.031471252
2014-07-16 21:00:00,0,14.5,121.0,0001,0.0333786
2014-07-17 00:00:00,0,14.5,121.0,0001,0.101566315
2014-07-17 03:00:00,0,14.5,121.0,0001,0.1783371
2014-07-17 06:00:00,0,14.5,121.0,0001,0.1988411
2014-07-17 09:00:00,0,14.5,121.0,0001,0.7472038
2014-07-17 12:00:00,0,14.5,121.0,0001,0.020980835
2014-07-17 15:00:00,0,14.5,121.0,0001,0.045776367
2014-07-17 18:00:00,0,14.5,121.0,0001,0.012397766
2014-07-17 21:00:00,0,14.5,121.0,0001,0.04196167
2014-07-18 00:00:00,0,14.5,121.0,0001,0.13160706
2014-07-18 03:00:00,0,14.5,121.0,0001,0.67043304
2014-07-18 06:00:00,0,14.5,121.0,0001,0.1502037
2014-07-18 09:00:00,0,14.5,121.0,0001,0.06580353
2014-07-18 12:00:00,0,14.5,121.0,0001,0.005722046
2014-07-18 15:00:00,0,14.5,121.0,0001,0.054359436
2014-07-18 18:00:00,0,14.5,121.0,0001,0.1206398
2014-07-18 21:00:00,0,14.5,121.0,0001,0.1320839
2014-07-19 00:00:00,0,14.5,121.0,0001,0.1335144
2014-07-19 03:00:00,0,14.5,121.0,0001,0.6508827
2014-07-19 06:00:00,0,14.5,121.0,0001,0.2670288
2014-07-19 09:00:00,0,14.5,121.0,0001,0.69999695
2014-07-19 12:00:00,0,14.5,121.0,0001,1.4886856
2014-07-19 15:00:00,0,14.5,121.0,0001,0.6418228
2014-07-19 18:00:00,0,14.5,121.0,0001,2.4876595
2014-07-19 21:00:00,0,14.5,121.0,0001,0.47016144
2014-07-20 00:00:00,0,14.5,121.0,0001,0.15878677
2014-07-20 03:00:00,0,14.5,121.0,0001,0.096321106
2014-07-20 06:00:00,0,14.5,121.0,0001,0.52309036
2014-07-20 09:00:00,0,14.5,121.0,0001,1.1463165
2014-07-20 12:00:00,0,14.5,121.0,0001,0.08916855
2014-07-20 15:00:00,0,14.5,121.0,0001,0.05531311
2014-07-20 18:00:00,0,14.5,121.0,0001,0.1206398
2014-07-20 21:00:00,0,14.5,121.0,0001,0.04005432
2014-07-21 00:00:00,0,14.5,121.0,0001,0.059127808
2014-07-21 03:00:00,0,14.5,121.0,0001,0.8234978
2014-07-21 06:00:00,0,14.5,121.0,0001,0.85401535
2014-07-21 09:00:00,0,14.5,121.0,0001,0.23651123
2014-07-21 12:00:00,0,14.5,121.0,0001,0.12111664
2014-07-21 15:00:00,0,14.5,121.0,0001,0.069618225
2014-07-21 18:00:00,0,14.5,121.0,0001,0.2822876
2014-07-21 21:00:00,0,14.5,121.0,0001,2.521515
2014-07-22 00:00:00,0,14.5,121.0,0001,2.9797554
2014-07-22 03:00:00,0,14.5,121.0,0001,1.4390945
2014-07-22 06:00:00,0,14.5,121.0,0001,0.35476685
2014-07-22 09:00:00,0,14.5,121.0,0001,0.88882446
2014-07-22 12:00:00,0,14.5,121.0,0001,0.7162094
2014-07-22 15:00:00,0,14.5,121.0,0001,0.57697296
2014-07-22 18:00:00,0,14.5,121.0,0001,0.49352646
2014-07-22 21:00:00,0,14.5,121.0,0001,0.31375885
2014-07-23 00:00:00,0,14.5,121.0,0001,0.30517578
2014-07-23 03:00:00,0,14.5,121.0,0001,0.42390823
2014-07-23 06:00:00,0,14.5,121.0,0001,0.54836273
2014-07-23 09:00:00,0,14.5,121.0,0001,0.24461746
2014-07-23 12:00:00,0,14.5,121.0,0001,0.17881393
2014-07-23 15:00:00,0,14.5,121.0,0001,0.16212463
2014-07-23 18:00:00,0,14.5,121.0,0001,0.15449524
2014-07-23 21:00:00,0,14.5,121.0,0001,0.84877014
2014-07-24 00:00:00,0,14.5,121.0,0001,0.4014969
2014-07-24 03:00:00,0,14.5,121.0,0001,1.7023087
2014-07-24 06:00:00,0,14.5,121.0,0001,0.5412102
2014-07-24 09:00:00,0,14.5,121.0,0001,2.8066635
2014-07-24 12:00:00,0,14.5,121.0,0001,0.061035156
2014-07-24 15:00:00,0,14.5,121.0,0001,0.12588501
2014-07-24 18:00:00,0,14.5,121.0,0001,0.07581711
2014-07-24 21:00:00,0,14.5,121.0,0001,0.04196167
2014-07-25 00:00:00,0,14.5,121.0,0001,0.3452301
2014-07-25 03:00:00,0,14.5,121.0,0001,0.12397766
2014-07-25 06:00:00,0,14.5,121.0,0001,0.32281876
2014-07-25 09:00:00,0,14.5,121.0,0001,0.5078316
2014-07-25 12:00:00,0,14.5,121.0,0001,0.09727478
2014-07-25 15:00:00,0,14.5,121.0,0001,0.027656555
2014-07-25 18:00:00,0,14.5,121.0,0001,0.024795532
2014-07-25 21:00:00,0,14.5,121.0,0001,0.2822876
2014-07-26 00:00:00,0,14.5,121.0,0001,0.11920929
2014-07-26 03:00:00,0,14.5,121.0,0001,0.17213821
2014-07-26 06:00:00,0,14.5,121.0,0001,0.1821518
2014-07-26 09:00:00,0,14.5,121.0,0001,1.742363
2014-07-26 12:00:00,0,14.5,121.0,0001,1.595974
2014-07-26 15:00:00,0,14.5,121.0,0001,0.35381317
2014-07-26 18:00:00,0,14.5,121.0,0001,0.17786026
2014-07-26 21:00:00,0,14.5,121.0,0001,0.015258789
2014-07-27 00:00:00,0,14.5,121.0,0001,0.09202957
2014-07-27 03:00:00,0,14.5,121.0,0001,0.18692017
2014-07-27 06:00:00,0,14.5,121.0,0001,0.6504059
2014-07-27 09:00:00,0,14.5,121.0,0001,0.12588501
2014-07-27 12:00:00,0,14.5,121.0,0001,0.2155304
2014-07-27 15:00:00,0,14.5,121.0,0001,0.10681152
2014-07-27 18:00:00,0,14.5,121.0,0001,0.08773804
2014-07-27 21:00:00,0,14.5,121.0,0001,0.17595291
2014-07-28 00:00:00,0,14.5,121.0,0001,0.10967255
2014-07-28 03:00:00,0,14.5,121.0,0001,0.25749207
2014-07-28 06:00:00,0,14.5,121.0,0001,0.41866302
2014-07-28 09:00:00,0,14.5,121.0,0001,0.46348572
2014-07-28 12:00:00,0,14.5,121.0,0001,0.19788742
2014-07-28 15:00:00,0,14.5,121.0,0001,0.07247925
2014-07-28 18:00:00,0,14.5,121.0,0001,0.02670288
2014-07-28 21:00:00,0,14.5,121.0,0001,0.07534027
2014-07-29 00:00:00,0,14.5,121.0,0001,0.11777878
2014-07-29 03:00:00,0,14.5,121.0,0001,0.17213821
2014-07-29 06:00:00,0,14.5,121.0,0001,0.5712509
2014-07-29 09:00:00,0,14.5,121.0,0001,0.6494522
2014-07-29 12:00:00,0,14.5,121.0,0001,0.5989075
2014-07-29 15:00:00,0,14.5,121.0,0001,0.076293945
2014-07-29 18:00:00,0,14.5,121.0,0001,0.18167496
2014-07-29 21:00:00,0,14.5,121.0,0001,0.1502037
2014-07-30 00:00:00,0,14.5,121.0,0001,0.13256073
2014-07-30 03:00:00,0,14.5,121.0,0001,0.29802322
2014-07-30 06:00:00,0,14.5,121.0,0001,0.1707077
2014-07-30 09:00:00,0,14.5,121.0,0001,2.2201538
2014-07-30 12:00:00,0,14.5,121.0,0001,1.7957687
2014-07-30 15:00:00,0,14.5,121.0,0001,0.37956238
2014-07-30 18:00:00,0,14.5,121.0,0001,0.19359589
2014-07-30 21:00:00,0,14.5,121.0,0001,0.19931793
2014-07-31 00:00:00,0,14.5,121.0,0001,0.23841858
2014-07-31 03:00:00,0,14.5,121.0,0001,0.6198883
2014-07-31 06:00:00,0,14.5,121.0,0001,0.3399849
2014-07-31 09:00:00,0,14.5,121.0,0001,0.25701523
2014-07-31 12:00:00,0,14.5,121.0,0001,0.19073486
2014-07-31 15:00:00,0,14.5,121.0,0001,0.4720688
2014-07-31 18:00:00,0,14.5,121.0,0001,0.23508072
2014-07-31 21:00:00,0,14.5,121.0,0001,0.4720688
2014-08-01 00:00:00,0,14.5,121.0,0001,0.37622452
2014-08-01 03:00:00,0,14.5,121.0,0001,1.4953613
2014-08-01 06:00:00,0,14.5,121.0,0001,0.46634674
2014-08-01 09:00:00,0,14.5,121.0,0001,0.35238266
2014-08-01 12:00:00,0,14.5,121.0,0001,0.19931793
2014-08-01 15:00:00,0,14.5,121.0,0001,0.5636215
2014-08-01 18:00:00,0,14.5,121.0,0001,0.19550323
2014-08-01 21:00:00,0,14.5,121.0,0001,0.25749207
2014-08-02 00:00:00,0,14.5,121.0,0001,0.20837784
2014-08-02 03:00:00,0,14.5,121.0,0001,0.39100647
2014-08-02 06:00:00,0,14.5,121.0,0001,0.42581558
2014-08-02 09:00:00,0,14.5,121.0,0001,0.21076202
2014-08-02 12:00:00,0,14.5,121.0,0001,0.22602081
2014-08-02 15:00:00,0,14.5,121.0,0001,0.42819977
2014-08-02 18:00:00,0,14.5,121.0,0001,0.3671646
2014-08-02 21:00:00,0,14.5,121.0,0001,1.4123917
2014-08-03 00:00:00,0,14.5,121.0,0001,0.086307526
2014-08-03 03:00:00,0,14.5,121.0,0001,0.9403229
2014-08-03 06:00:00,0,14.5,121.0,0001,0.092983246
2014-08-03 09:00:00,0,14.5,121.0,0001,1.0290146
2014-08-03 12:00:00,0,14.5,121.0,0001,0.1244545
2014-08-03 15:00:00,0,14.5,121.0,0001,0.4339218
2014-08-03 18:00:00,0,14.5,121.0,0001,1.039505
2014-08-03 21:00:00,0,14.5,121.0,0001,1.0557175
2014-08-04 00:00:00,0,14.5,121.0,0001,0.6389618
2014-08-04 03:00:00,0,14.5,121.0,0001,0.20360947
2014-08-04 06:00:00,0,14.5,121.0,0001,0.6623268
2014-08-04 09:00:00,0,14.5,121.0,0001,0.4553795
2014-08-04 12:00:00,0,14.5,121.0,0001,0.90408325
2014-08-04 15:00:00,0,14.5,121.0,0001,1.3313293
2014-08-04 18:00:00,0,14.5,121.0,0001,0.7610321
2014-08-04 21:00:00,0,14.5,121.0,0001,1.502037
2014-08-05 00:00:00,0,14.5,121.0,0001,2.2068024
2014-08-05 03:00:00,0,14.5,121.0,0001,2.4886131
2014-08-05 06:00:00,0,14.5,121.0,0001,1.7266273
2014-08-05 09:00:00,0,14.5,121.0,0001,2.3503304
2014-08-05 12:00:00,0,14.5,121.0,0001,1.0318756
2014-08-05 15:00:00,0,14.5,121.0,0001,0.5226135
2014-08-05 18:00:00,0,14.5,121.0,0001,0.21648407
2014-08-05 21:00:00,0,14.5,121.0,0001,0.12254715
2014-08-06 00:00:00,0,14.5,121.0,0001,0.15592575
2014-08-06 03:00:00,0,14.5,121.0,0001,0.4234314
2014-08-06 06:00:00,0,14.5,121.0,0001,0.21791458
2014-08-06 09:00:00,0,14.5,121.0,0001,0.05865097
2014-08-06 12:00:00,0,14.5,121.0,0001,0.099658966
2014-08-06 15:00:00,0,14.5,121.0,0001,0.0371933
2014-08-06 18:00:00,0,14.5,121.0,0001,0.14448166
2014-08-06 21:00:00,0,14.5,121.0,0001,0.14591217
2014-08-07 00:00:00,0,14.5,121.0,0001,0.08440018
2014-08-07 03:00:00,0,14.5,121.0,0001,0.08058548
2014-08-07 06:00:00,0,14.5,121.0,0001,0.05865097
2014-08-07 09:00:00,0,14.5,121.0,0001,0.020980835
2014-08-07 12:00:00,0,14.5,121.0,0001,0.06341934
2014-08-07 15:00:00,0,14.5,121.0,0001,0.069618225
2014-08-07 18:00:00,0,14.5,121.0,0001,0.096321106
2014-08-07 21:00:00,0,14.5,121.0,0001,0.15068054
2014-08-08 00:00:00,0,14.5,121.0,0001,0.11730194
2014-08-08 03:00:00,0,14.5,121.0,0001,0.032901764
2014-08-08 06:00:00,0,14.5,121.0,0001,0.021457672
2014-08-08 09:00:00,0,14.5,121.0,0001,0.0047683716
2014-08-08 12:00:00,0,14.5,121.0,0001,0.035762787
2014-08-08 15:00:00,0,14.5,121.0,0001,0.024795532
2014-08-08 18:00:00,0,14.5,121.0,0001,0.06818771
2014-08-08 21:00:00,0,14.5,121.0,0001,0.058174133
2014-08-09 00:00:00,0,14.5,121.0,0001,0.10633469
2014-08-09 03:00:00,0,14.5,121.0,0001,0.038146973
2014-08-09 06:00:00,0,14.5,121.0,0001,0.044345856
2014-08-09 09:00:00,0,14.5,121.0,0001,0.0009536743
2014-08-09 12:00:00,0,14.5,121.0,0001,0.0042915344
2014-08-09 15:00:00,0,14.5,121.0,0001,0.02670288
2014-08-09 18:00:00,0,14.5,121.0,0001,0.055789948
2014-08-09 21:00:00,0,14.5,121.0,0001,0.06341934
2014-08-10 00:00:00,0,14.5,121.0,0001,0.12731552
2014-08-10 03:00:00,0,14.5,121.0,0001,0.00667572
2014-08-10 06:00:00,0,14.5,121.0,0001,0.0
2014-08-10 09:00:00,0,14.5,121.0,0001,0.00333786
2014-08-10 12:00:00,0,14.5,121.0,0001,0.0023841858
2014-08-10 15:00:00,0,14.5,121.0,0001,0.031471252
2014-08-10 18:00:00,0,14.5,121.0,0001,0.05054474
2014-08-10 21:00:00,0,14.5,121.0,0001,0.123500824
2014-08-11 00:00:00,0,14.5,121.0,0001,0.13542175
2014-08-11 03:00:00,0,14.5,121.0,0001,0.049591064
2014-08-11 06:00:00,0,14.5,121.0,0001,0.00047683716
2014-08-11 09:00:00,0,14.5,121.0,0001,0.0009536743
2014-08-11 12:00:00,0,14.5,121.0,0001,0.0
2014-08-11 15:00:00,0,14.5,121.0,0001,0.0076293945
2014-08-11 18:00:00,0,14.5,121.0,0001,0.02670288
2014-08-11 21:00:00,0,14.5,121.0,0001,0.04529953
2014-08-12 00:00:00,0,14.5,121.0,0001,0.09012222
2014-08-12 03:00:00,0,14.5,121.0,0001,0.051021576
2014-08-12 06:00:00,0,14.5,121.0,0001,0.0023841858
2014-08-12 09:00:00,0,14.5,121.0,0001,0.0009536743
2014-08-12 12:00:00,0,14.5,121.0,0001,0.0
2014-08-12 15:00:00,0,14.5,121.0,0001,0.0076293945
2014-08-12 18:00:00,0,14.5,121.0,0001,0.024795532
2014-08-12 21:00:00,0,14.5,121.0,0001,0.024795532
2014-08-13 00:00:00,0,14.5,121.0,0001,0.0333786
2014-08-13 03:00:00,0,14.5,121.0,0001,0.010967255
2014-08-13 06:00:00,0,14.5,121.0,0001,0.0023841858
2014-08-13 09:00:00,0,14.5,121.0,0001,0.0
2014-08-13 12:00:00,0,14.5,121.0,0001,0.0
2014-08-13 15:00:00,0,14.5,121.0,0001,0.0
2014-08-13 18:00:00,0,14.5,121.0,0001,0.0038146973
2014-08-13 21:00:00,0,14.5,121.0,0001,0.0019073486
2014-08-14 00:00:00,0,14.5,121.0,0001,0.0
2014-08-14 03:00:00,0,14.5,121.0,0001,0.0
2014-08-14 06:00:00,0,14.5,121.0,0001,0.0
2014-08-14 09:00:00,0,14.5,121.0,0001,0.0047683716
2014-08-14 12:00:00,0,14.5,121.0,0001,0.009059906
2014-08-14 15:00:00,0,14.5,121.0,0001,0.0076293945
2014-08-14 18:00:00,0,14.5,121.0,0001,0.01335144
2014-08-14 21:00:00,0,14.5,121.0,0001,0.0019073486
2014-08-15 00:00:00,0,14.5,121.0,0001,0.0019073486
2014-08-15 03:00:00,0,14.5,121.0,0001,0.047683716
2014-08-15 06:00:00,0,14.5,121.0,0001,0.13494492
2014-08-15 09:00:00,0,14.5,121.0,0001,1.1534691
2014-08-15 12:00:00,0,14.5,121.0,0001,0.00667572
2014-08-15 15:00:00,0,14.5,121.0,0001,0.012397766
2014-08-15 18:00:00,0,14.5,121.0,0001,0.14019012
2014-08-15 21:00:00,0,14.5,121.0,0001,0.0009536743
2014-08-16 00:00:00,0,14.5,121.0,0001,0.00047683716
2014-08-16 03:00:00,0,14.5,121.0,0001,0.00667572
2014-08-16 06:00:00,0,14.5,121.0,0001,0.00047683716
2014-08-16 09:00:00,0,14.5,121.0,0001,0.59366226
2014-08-16 12:00:00,0,14.5,121.0,0001,0.08869171
2014-08-16 15:00:00,0,14.5,121.0,0001,0.2784729
2014-08-16 18:00:00,0,14.5,121.0,0001,0.5326271
2014-08-16 21:00:00,0,14.5,121.0,0001,0.4863739
2014-08-17 00:00:00,0,14.5,121.0,0001,0.32138824
2014-08-17 03:00:00,0,14.5,121.0,0001,0.787735
2014-08-17 06:00:00,0,14.5,121.0,0001,0.46348572
2014-08-17 09:00:00,0,14.5,121.0,0001,0.28514862
2014-08-17 12:00:00,0,14.5,121.0,0001,0.04863739
2014-08-17 15:00:00,0,14.5,121.0,0001,0.1821518
2014-08-17 18:00:00,0,14.5,121.0,0001,0.05340576
2014-08-17 21:00:00,0,14.5,121.0,0001,0.25987625
2014-08-18 00:00:00,0,14.5,121.0,0001,0.042438507
2014-08-18 03:00:00,0,14.5,121.0,0001,0.074863434
2014-08-18 06:00:00,0,14.5,121.0,0001,0.052928925
2014-08-18 09:00:00,0,14.5,121.0,0001,0.3476143
2014-08-18 12:00:00,0,14.5,121.0,0001,0.06723404
2014-08-18 15:00:00,0,14.5,121.0,0001,0.32138824
2014-08-18 18:00:00,0,14.5,121.0,0001,0.17786026
2014-08-18 21:00:00,0,14.5,121.0,0001,0.0
2014-08-19 00:00:00,0,14.5,121.0,0001,0.0
2014-08-19 03:00:00,0,14.5,121.0,0001,0.06055832
2014-08-19 06:00:00,0,14.5,121.0,0001,0.048160553
2014-08-19 09:00:00,0,14.5,121.0,0001,2.9201508
2014-08-19 12:00:00,0,14.5,121.0,0001,0.0
2014-08-19 15:00:00,0,14.5,121.0,0001,0.015258789
2014-08-19 18:00:00,0,14.5,121.0,0001,0.018119812
2014-08-19 21:00:00,0,14.5,121.0,0001,0.0
2014-08-20 00:00:00,0,14.5,121.0,0001,0.0038146973
2014-08-20 03:00:00,0,14.5,121.0,0001,0.24604797
2014-08-20 06:00:00,0,14.5,121.0,0001,2.7799606
2014-08-20 09:00:00,0,14.5,121.0,0001,2.6397705
2014-08-20 12:00:00,0,14.5,121.0,0001,0.1707077
2014-08-20 15:00:00,0,14.5,121.0,0001,0.19407272
2014-08-20 18:00:00,0,14.5,121.0,0001,0.06914139
2014-08-20 21:00:00,0,14.5,121.0,0001,0.026226044
2014-08-21 00:00:00,0,14.5,121.0,0001,0.0019073486
2014-08-21 03:00:00,0,14.5,121.0,0001,0.13494492
2014-08-21 06:00:00,0,14.5,121.0,0001,0.26226044
2014-08-21 09:00:00,0,14.5,121.0,0001,0.64229965
2014-08-21 12:00:00,0,14.5,121.0,0001,0.08773804
2014-08-21 15:00:00,0,14.5,121.0,0001,0.044345856
2014-08-21 18:00:00,0,14.5,121.0,0001,0.61798096
2014-08-21 21:00:00,0,14.5,121.0,0001,2.8629303
2014-08-22 00:00:00,0,14.5,121.0,0001,1.0652542
2014-08-22 03:00:00,0,14.5,121.0,0001,1.0142326
2014-08-22 06:00:00,0,14.5,121.0,0001,0.54979324
2014-08-22 09:00:00,0,14.5,121.0,0001,0.17499924
2014-08-22 12:00:00,0,14.5,121.0,0001,0.3581047
2014-08-22 15:00:00,0,14.5,121.0,0001,0.062942505
2014-08-22 18:00:00,0,14.5,121.0,0001,0.008106232
2014-08-22 21:00:00,0,14.5,121.0,0001,0.11062622
2014-08-23 00:00:00,0,14.5,121.0,0001,0.016212463
2014-08-23 03:00:00,0,14.5,121.0,0001,0.09727478
2014-08-23 06:00:00,0,14.5,121.0,0001,0.19836426
2014-08-23 09:00:00,0,14.5,121.0,0001,0.45776367
2014-08-23 12:00:00,0,14.5,121.0,0001,0.039100647
2014-08-23 15:00:00,0,14.5,121.0,0001,0.0019073486
2014-08-23 18:00:00,0,14.5,121.0,0001,0.049114227
2014-08-23 21:00:00,0,14.5,121.0,0001,0.018119812
2014-08-24 00:00:00,0,14.5,121.0,0001,0.041007996
2014-08-24 03:00:00,0,14.5,121.0,0001,0.19264221
2014-08-24 06:00:00,0,14.5,121.0,0001,0.37193298
2014-08-24 09:00:00,0,14.5,121.0,0001,1.8372536
2014-08-24 12:00:00,0,14.5,121.0,0001,0.059604645
2014-08-24 15:00:00,0,14.5,121.0,0001,0.0104904175
2014-08-24 18:00:00,0,14.5,121.0,0001,0.18405914
2014-08-24 21:00:00,0,14.5,121.0,0001,0.5617142
2014-08-25 00:00:00,0,14.5,121.0,0001,0.13303757
2014-08-25 03:00:00,0,14.5,121.0,0001,0.10108948
2014-08-25 06:00:00,0,14.5,121.0,0001,0.06580353
2014-08-25 09:00:00,0,14.5,121.0,0001,0.25320053
2014-08-25 12:00:00,0,14.5,121.0,0001,2.1018982
2014-08-25 15:00:00,0,14.5,121.0,0001,4.558563
2014-08-25 18:00:00,0,14.5,121.0,0001,2.69413
2014-08-25 21:00:00,0,14.5,121.0,0001,0.4696846
2014-08-26 00:00:00,0,14.5,121.0,0001,0.7777214
2014-08-26 03:00:00,0,14.5,121.0,0001,0.21266937
2014-08-26 06:00:00,0,14.5,121.0,0001,0.19836426
2014-08-26 09:00:00,0,14.5,121.0,0001,15.984058
2014-08-26 12:00:00,0,14.5,121.0,0001,3.4065247
2014-08-26 15:00:00,0,14.5,121.0,0001,0.09393692
2014-08-26 18:00:00,0,14.5,121.0,0001,0.005722046
2014-08-26 21:00:00,0,14.5,121.0,0001,0.0
2014-08-27 00:00:00,0,14.5,121.0,0001,0.03385544
2014-08-27 03:00:00,0,14.5,121.0,0001,0.19168854
2014-08-27 06:00:00,0,14.5,121.0,0001,0.022888184
2014-08-27 09:00:00,0,14.5,121.0,0001,1.5211105
2014-08-27 12:00:00,0,14.5,121.0,0001,0.0
2014-08-27 15:00:00,0,14.5,121.0,0001,0.0
2014-08-27 18:00:00,0,14.5,121.0,0001,0.0009536743
2014-08-27 21:00:00,0,14.5,121.0,0001,0.0019073486
2014-08-28 00:00:00,0,14.5,121.0,0001,0.13256073
2014-08-28 03:00:00,0,14.5,121.0,0001,0.082969666
2014-08-28 06:00:00,0,14.5,121.0,0001,0.13542175
2014-08-28 09:00:00,0,14.5,121.0,0001,0.14257431
2014-08-28 12:00:00,0,14.5,121.0,0001,0.045776367
2014-08-28 15:00:00,0,14.5,121.0,0001,0.041007996
2014-08-28 18:00:00,0,14.5,121.0,0001,0.0076293945
2014-08-28 21:00:00,0,14.5,121.0,0001,0.08058548
2014-08-29 00:00:00,0,14.5,121.0,0001,0.061035156
2014-08-29 03:00:00,0,14.5,121.0,0001,0.17213821
2014-08-29 06:00:00,0,14.5,121.0,0001,0.079631805
2014-08-29 09:00:00,0,14.5,121.0,0001,0.87976456
2014-08-29 12:00:00,0,14.5,121.0,0001,0.12779236
2014-08-29 15:00:00,0,14.5,121.0,0001,0.038146973
2014-08-29 18:00:00,0,14.5,121.0,0001,0.04196167
2014-08-29 21:00:00,0,14.5,121.0,0001,0.009536743
2014-08-30 00:00:00,0,14.5,121.0,0001,0.08535385
2014-08-30 03:00:00,0,14.5,121.0,0001,0.060081482
2014-08-30 06:00:00,0,14.5,121.0,0001,0.02670288
2014-08-30 09:00:00,0,14.5,121.0,0001,0.10633469
2014-08-30 12:00:00,0,14.5,121.0,0001,0.009059906
2014-08-30 15:00:00,0,14.5,121.0,0001,0.029563904
2014-08-30 18:00:00,0,14.5,121.0,0001,0.07200241
2014-08-30 21:00:00,0,14.5,121.0,0001,1.5611649
2014-08-31 00:00:00,0,14.5,121.0,0001,0.05197525
2014-08-31 03:00:00,0,14.5,121.0,0001,0.074863434
2014-08-31 06:00:00,0,14.5,121.0,0001,0.0166893
2014-08-31 09:00:00,0,14.5,121.0,0001,2.0513535
2014-08-31 12:00:00,0,14.5,121.0,0001,0.102996826
2014-08-31 15:00:00,0,14.5,121.0,0001,0.0
2014-08-31 18:00:00,0,14.5,121.0,0001,0.19598007
2014-08-31 21:00:00,0,14.5,121.0,0001,0.069618225
2014-09-01 00:00:00,0,14.5,121.0,0001,0.019073486
2014-09-01 03:00:00,0,14.5,121.0,0001,0.0166893
2014-09-01 06:00:00,0,14.5,121.0,0001,0.29039383
2014-09-01 09:00:00,0,14.5,121.0,0001,0.1540184
2014-09-01 12:00:00,0,14.5,121.0,0001,0.51498413
2014-09-01 15:00:00,0,14.5,121.0,0001,0.42915344
2014-09-01 18:00:00,0,14.5,121.0,0001,0.0104904175
2014-09-01 21:00:00,0,14.5,121.0,0001,0.07343292
2014-09-02 00:00:00,0,14.5,121.0,0001,0.166893
2014-09-02 03:00:00,0,14.5,121.0,0001,0.0009536743
2014-09-02 06:00:00,0,14.5,121.0,0001,0.002861023
2014-09-02 09:00:00,0,14.5,121.0,0001,0.1835823
2014-09-02 12:00:00,0,14.5,121.0,0001,0.11444092
2014-09-02 15:00:00,0,14.5,121.0,0001,0.0014305115
2014-09-02 18:00:00,0,14.5,121.0,0001,0.058174133
2014-09-02 21:00:00,0,14.5,121.0,0001,0.0
2014-09-03 00:00:00,0,14.5,121.0,0001,0.0
2014-09-03 03:00:00,0,14.5,121.0,0001,0.10871887
2014-09-03 06:00:00,0,14.5,121.0,0001,0.07104874
2014-09-03 09:00:00,0,14.5,121.0,0001,1.1897087
2014-09-03 12:00:00,0,14.5,121.0,0001,1.2102127
2014-09-03 15:00:00,0,14.5,121.0,0001,1.3890266
2014-09-03 18:00:00,0,14.5,121.0,0001,1.1262894
2014-09-03 21:00:00,0,14.5,121.0,0001,0.2002716
2014-09-04 00:00:00,0,14.5,121.0,0001,0.14543533
2014-09-04 03:00:00,0,14.5,121.0,0001,0.27370453
2014-09-04 06:00:00,0,14.5,121.0,0001,0.3771782
2014-09-04 09:00:00,0,14.5,121.0,0001,1.1239052
2014-09-04 12:00:00,0,14.5,121.0,0001,0.21600723
2014-09-04 15:00:00,0,14.5,121.0,0001,0.06484985
2014-09-04 18:00:00,0,14.5,121.0,0001,0.026226044
2014-09-04 21:00:00,0,14.5,121.0,0001,0.058174133
2014-09-05 00:00:00,0,14.5,121.0,0001,0.7610321
2014-09-05 03:00:00,0,14.5,121.0,0001,0.16832352
2014-09-05 06:00:00,0,14.5,121.0,0001,0.20456314
2014-09-05 09:00:00,0,14.5,121.0,0001,1.5559196
2014-09-05 12:00:00,0,14.5,121.0,0001,0.49972534
2014-09-05 15:00:00,0,14.5,121.0,0001,0.0104904175
2014-09-05 18:00:00,0,14.5,121.0,0001,0.02193451
2014-09-05 21:00:00,0,14.5,121.0,0001,0.02336502
2014-09-06 00:00:00,0,14.5,121.0,0001,0.028133392
2014-09-06 03:00:00,0,14.5,121.0,0001,0.046253204
2014-09-06 06:00:00,0,14.5,121.0,0001,0.15449524
2014-09-06 09:00:00,0,14.5,121.0,0001,0.099658966
2014-09-06 12:00:00,0,14.5,121.0,0001,0.019550323
2014-09-06 15:00:00,0,14.5,121.0,0001,0.06484985
2014-09-06 18:00:00,0,14.5,121.0,0001,0.076293945
2014-09-06 21:00:00,0,14.5,121.0,0001,0.016212463
2014-09-07 00:00:00,0,14.5,121.0,0001,0.03528595
2014-09-07 03:00:00,0,14.5,121.0,0001,0.104904175
2014-09-07 06:00:00,0,14.5,121.0,0001,0.024795532
2014-09-07 09:00:00,0,14.5,121.0,0001,0.066280365
2014-09-07 12:00:00,0,14.5,121.0,0001,0.02193451
2014-09-07 15:00:00,0,14.5,121.0,0001,0.032901764
2014-09-07 18:00:00,0,14.5,121.0,0001,0.5393028
2014-09-07 21:00:00,0,14.5,121.0,0001,0.6585121
2014-09-08 00:00:00,0,14.5,121.0,0001,0.21362305
2014-09-08 03:00:00,0,14.5,121.0,0001,0.46396255
2014-09-08 06:00:00,0,14.5,121.0,0001,1.0509491
2014-09-08 09:00:00,0,14.5,121.0,0001,0.6747246
2014-09-08 12:00:00,0,14.5,121.0,0001,0.05722046
2014-09-08 15:00:00,0,14.5,121.0,0001,0.7572174
2014-09-08 18:00:00,0,14.5,121.0,0001,1.7666817
2014-09-08 21:00:00,0,14.5,121.0,0001,0.051021576
2014-09-09 00:00:00,0,14.5,121.0,0001,1.1296272
2014-09-09 03:00:00,0,14.5,121.0,0001,0.066280365
2014-09-09 06:00:00,0,14.5,121.0,0001,2.0813942
2014-09-09 09:00:00,0,14.5,121.0,0001,1.750946
2014-09-09 12:00:00,0,14.5,121.0,0001,0.7176399
2014-09-09 15:00:00,0,14.5,121.0,0001,1.0733604
2014-09-09 18:00:00,0,14.5,121.0,0001,0.19168854
2014-09-09 21:00:00,0,14.5,121.0,0001,0.16641617
2014-09-10 00:00:00,0,14.5,121.0,0001,0.36621094
2014-09-10 03:00:00,0,14.5,121.0,0001,1.9860268
2014-09-10 06:00:00,0,14.5,121.0,0001,1.3246536
2014-09-10 09:00:00,0,14.5,121.0,0001,1.4419556
2014-09-10 12:00:00,0,14.5,121.0,0001,0.40388107
2014-09-10 15:00:00,0,14.5,121.0,0001,0.5116463
2014-09-10 18:00:00,0,14.5,121.0,0001,0.25320053
2014-09-10 21:00:00,0,14.5,121.0,0001,0.16880035
2014-09-11 00:00:00,0,14.5,121.0,0001,0.23412704
2014-09-11 03:00:00,0,14.5,121.0,0001,0.19025803
2014-09-11 06:00:00,0,14.5,121.0,0001,0.30565262
2014-09-11 09:00:00,0,14.5,121.0,0001,0.048160553
2014-09-11 12:00:00,0,14.5,121.0,0001,0.018119812
2014-09-11 15:00:00,0,14.5,121.0,0001,0.013828278
2014-09-11 18:00:00,0,14.5,121.0,0001,0.036239624
2014-09-11 21:00:00,0,14.5,121.0,0001,0.044345856
2014-09-12 00:00:00,0,14.5,121.0,0001,0.049114227
2014-09-12 03:00:00,0,14.5,121.0,0001,0.12397766
2014-09-12 06:00:00,0,14.5,121.0,0001,0.08773804
2014-09-12 09:00:00,0,14.5,121.0,0001,0.011444092
2014-09-12 12:00:00,0,14.5,121.0,0001,0.34713745
2014-09-12 15:00:00,0,14.5,121.0,0001,0.08678436
2014-09-12 18:00:00,0,14.5,121.0,0001,0.3027916
2014-09-12 21:00:00,0,14.5,121.0,0001,0.025749207
2014-09-13 00:00:00,0,14.5,121.0,0001,0.047683716
2014-09-13 03:00:00,0,14.5,121.0,0001,0.0743866
2014-09-13 06:00:00,0,14.5,121.0,0001,1.7690659
2014-09-13 09:00:00,0,14.5,121.0,0001,0.23078918
2014-09-13 12:00:00,0,14.5,121.0,0001,1.4681816
2014-09-13 15:00:00,0,14.5,121.0,0001,2.1371841
2014-09-13 18:00:00,0,14.5,121.0,0001,1.5439987
2014-09-13 21:00:00,0,14.5,121.0,0001,0.70905685
2014-09-14 00:00:00,0,14.5,121.0,0001,1.9216537
2014-09-14 03:00:00,0,14.5,121.0,0001,3.3369064
2014-09-14 06:00:00,0,14.5,121.0,0001,3.6706924
2014-09-14 09:00:00,0,14.5,121.0,0001,3.2877922
2014-09-14 12:00:00,0,14.5,121.0,0001,3.0407906
2014-09-14 15:00:00,0,14.5,121.0,0001,3.745079
2014-09-14 18:00:00,0,14.5,121.0,0001,2.5839806
2014-09-14 21:00:00,0,14.5,121.0,0001,1.9059181
2014-09-15 00:00:00,0,14.5,121.0,0001,1.139164
2014-09-15 03:00:00,0,14.5,121.0,0001,0.41294098
2014-09-15 06:00:00,0,14.5,121.0,0001,0.18501282
2014-09-15 09:00:00,0,14.5,121.0,0001,0.047683716
2014-09-15 12:00:00,0,14.5,121.0,0001,0.05531311
2014-09-15 15:00:00,0,14.5,121.0,0001,0.04196167
2014-09-15 18:00:00,0,14.5,121.0,0001,0.020980835
2014-09-15 21:00:00,0,14.5,121.0,0001,0.012397766
2014-09-16 00:00:00,0,14.5,121.0,0001,0.044345856
2014-09-16 03:00:00,0,14.5,121.0,0001,0.07247925
2014-09-16 06:00:00,0,14.5,121.0,0001,0.12683868
2014-09-16 09:00:00,0,14.5,121.0,0001,0.002861023
2014-09-16 12:00:00,0,14.5,121.0,0001,0.00047683716
2014-09-16 15:00:00,0,14.5,121.0,0001,0.0
2014-09-16 18:00:00,0,14.5,121.0,0001,0.00047683716
2014-09-16 21:00:00,0,14.5,121.0,0001,0.0
2014-09-17 00:00:00,0,14.5,121.0,0001,0.0
2014-09-17 03:00:00,0,14.5,121.0,0001,0.028133392
2014-09-17 06:00:00,0,14.5,121.0,0001,0.054359436
2014-09-17 09:00:00,0,14.5,121.0,0001,0.0538826
2014-09-17 12:00:00,0,14.5,121.0,0001,0.16880035
2014-09-17 15:00:00,0,14.5,121.0,0001,0.0104904175
2014-09-17 18:00:00,0,14.5,121.0,0001,0.00333786
2014-09-17 21:00:00,0,14.5,121.0,0001,0.0
2014-09-18 00:00:00,0,14.5,121.0,0001,0.0
2014-09-18 03:00:00,0,14.5,121.0,0001,0.00047683716
2014-09-18 06:00:00,0,14.5,121.0,0001,0.18548965
2014-09-18 09:00:00,0,14.5,121.0,0001,0.1835823
2014-09-18 12:00:00,0,14.5,121.0,0001,0.28848648
2014-09-18 15:00:00,0,14.5,121.0,0001,0.3156662
2014-09-18 18:00:00,0,14.5,121.0,0001,3.1051636
2014-09-18 21:00:00,0,14.5,121.0,0001,2.6288033
2014-09-19 00:00:00,0,14.5,121.0,0001,2.524376
2014-09-19 03:00:00,0,14.5,121.0,0001,4.6277046
2014-09-19 06:00:00,0,14.5,121.0,0001,4.277706
2014-09-19 09:00:00,0,14.5,121.0,0001,7.458687
2014-09-19 12:00:00,0,14.5,121.0,0001,1.1687279
2014-09-19 15:00:00,0,14.5,121.0,0001,0.34236908
2014-09-19 18:00:00,0,14.5,121.0,0001,0.82826614
2014-09-19 21:00:00,0,14.5,121.0,0001,0.34046173
2014-09-20 00:00:00,0,14.5,121.0,0001,0.2746582
2014-09-20 03:00:00,0,14.5,121.0,0001,0.4119873
2014-09-20 06:00:00,0,14.5,121.0,0001,0.15258789
2014-09-20 09:00:00,0,14.5,121.0,0001,0.13399124
2014-09-20 12:00:00,0,14.5,121.0,0001,0.11873245
2014-09-20 15:00:00,0,14.5,121.0,0001,0.032424927
2014-09-20 18:00:00,0,14.5,121.0,0001,0.019550323
2014-09-20 21:00:00,0,14.5,121.0,0001,0.020503998
2014-09-21 00:00:00,0,14.5,121.0,0001,0.02527237
2014-09-21 03:00:00,0,14.5,121.0,0001,0.25177002
2014-09-21 06:00:00,0,14.5,121.0,0001,0.7414818
2014-09-21 09:00:00,0,14.5,121.0,0001,0.034332275
2014-09-21 12:00:00,0,14.5,121.0,0001,0.07104874
2014-09-21 15:00:00,0,14.5,121.0,0001,0.032424927
2014-09-21 18:00:00,0,14.5,121.0,0001,0.074863434
2014-09-21 21:00:00,0,14.5,121.0,0001,0.060081482
2014-09-22 00:00:00,0,14.5,121.0,0001,0.26655197
2014-09-22 03:00:00,0,14.5,121.0,0001,0.081539154
2014-09-22 06:00:00,0,14.5,121.0,0001,0.1578331
2014-09-22 09:00:00,0,14.5,121.0,0001,0.120162964
2014-09-22 12:00:00,0,14.5,121.0,0001,0.0014305115
2014-09-22 15:00:00,0,14.5,121.0,0001,0.008583069
2014-09-22 18:00:00,0,14.5,121.0,0001,0.020980835
2014-09-22 21:00:00,0,14.5,121.0,0001,0.017166138
2014-09-23 00:00:00,0,14.5,121.0,0001,0.08583069
2014-09-23 03:00:00,0,14.5,121.0,0001,0.15497208
2014-09-23 06:00:00,0,14.5,121.0,0001,0.074863434
2014-09-23 09:00:00,0,14.5,121.0,0001,0.12683868
2014-09-23 12:00:00,0,14.5,121.0,0001,0.00047683716
2014-09-23 15:00:00,0,14.5,121.0,0001,0.1077652
2014-09-23 18:00:00,0,14.5,121.0,0001,0.054836273
2014-09-23 21:00:00,0,14.5,121.0,0001,0.005722046
2014-09-24 00:00:00,0,14.5,121.0,0001,0.00047683716
2014-09-24 03:00:00,0,14.5,121.0,0001,0.13494492
2014-09-24 06:00:00,0,14.5,121.0,0001,0.47588348
2014-09-24 09:00:00,0,14.5,121.0,0001,1.7285347
2014-09-24 12:00:00,0,14.5,121.0,0001,0.017642975
2014-09-24 15:00:00,0,14.5,121.0,0001,0.0
2014-09-24 18:00:00,0,14.5,121.0,0001,0.041484833
2014-09-24 21:00:00,0,14.5,121.0,0001,0.008106232
2014-09-25 00:00:00,0,14.5,121.0,0001,0.0071525574
2014-09-25 03:00:00,0,14.5,121.0,0001,0.15068054
2014-09-25 06:00:00,0,14.5,121.0,0001,0.36621094
2014-09-25 09:00:00,0,14.5,121.0,0001,0.66137314
2014-09-25 12:00:00,0,14.5,121.0,0001,0.18548965
2014-09-25 15:00:00,0,14.5,121.0,0001,0.06437302
2014-09-25 18:00:00,0,14.5,121.0,0001,0.0023841858
2014-09-25 21:00:00,0,14.5,121.0,0001,0.0019073486
2014-09-26 00:00:00,0,14.5,121.0,0001,0.021457672
2014-09-26 03:00:00,0,14.5,121.0,0001,0.032424927
2014-09-26 06:00:00,0,14.5,121.0,0001,0.16641617
2014-09-26 09:00:00,0,14.5,121.0,0001,0.1654625
2014-09-26 12:00:00,0,14.5,121.0,0001,0.0
2014-09-26 15:00:00,0,14.5,121.0,0001,0.01335144
2014-09-26 18:00:00,0,14.5,121.0,0001,0.0038146973
2014-09-26 21:00:00,0,14.5,121.0,0001,0.0019073486
2014-09-27 00:00:00,0,14.5,121.0,0001,0.011444092
2014-09-27 03:00:00,0,14.5,121.0,0001,0.04339218
2014-09-27 06:00:00,0,14.5,121.0,0001,0.04053116
2014-09-27 09:00:00,0,14.5,121.0,0001,0.0009536743
2014-09-27 12:00:00,0,14.5,121.0,0001,0.19836426
2014-09-27 15:00:00,0,14.5,121.0,0001,0.0
2014-09-27 18:00:00,0,14.5,121.0,0001,0.0014305115
2014-09-27 21:00:00,0,14.5,121.0,0001,0.0
2014-09-28 00:00:00,0,14.5,121.0,0001,0.008106232
2014-09-28 03:00:00,0,14.5,121.0,0001,0.017166138
2014-09-28 06:00:00,0,14.5,121.0,0001,0.04720688
2014-09-28 09:00:00,0,14.5,121.0,0001,0.005722046
2014-09-28 12:00:00,0,14.5,121.0,0001,0.70381165
2014-09-28 15:00:00,0,14.5,121.0,0001,0.118255615
2014-09-28 18:00:00,0,14.5,121.0,0001,0.01859665
2014-09-28 21:00:00,0,14.5,121.0,0001,0.015258789
2014-09-29 00:00:00,0,14.5,121.0,0001,0.0
2014-09-29 03:00:00,0,14.5,121.0,0001,0.030040741
2014-09-29 06:00:00,0,14.5,121.0,0001,0.084877014
2014-09-29 09:00:00,0,14.5,121.0,0001,0.10251999
2014-09-29 12:00:00,0,14.5,121.0,0001,0.09441376
2014-09-29 15:00:00,0,14.5,121.0,0001,0.0
2014-09-29 18:00:00,0,14.5,121.0,0001,0.009536743
2014-09-29 21:00:00,0,14.5,121.0,0001,0.0
2014-09-30 00:00:00,0,14.5,121.0,0001,0.0019073486
2014-09-30 03:00:00,0,14.5,121.0,0001,0.011920929
2014-09-30 06:00:00,0,14.5,121.0,0001,0.024318695
2014-09-30 09:00:00,0,14.5,121.0,0001,0.21076202
2014-09-30 12:00:00,0,14.5,121.0,0001,0.0009536743
2014-09-30 15:00:00,0,14.5,121.0,0001,0.0
2014-09-30 18:00:00,0,14.5,121.0,0001,0.00047683716
2014-09-30 21:00:00,0,14.5,121.0,0001,0.00047683716
2014-10-01 00:00:00,0,14.5,121.0,0001,0.0038146973
2014-10-01 03:00:00,0,14.5,121.0,0001,0.011444092
2014-10-01 06:00:00,0,14.5,121.0,0001,0.08010864
2014-10-01 09:00:00,0,14.5,121.0,0001,1.8053055
2014-10-01 12:00:00,0,14.5,121.0,0001,0.1821518
2014-10-01 15:00:00,0,14.5,121.0,0001,0.022888184
2014-10-01 18:00:00,0,14.5,121.0,0001,0.060081482
2014-10-01 21:00:00,0,14.5,121.0,0001,0.0009536743
2014-10-02 00:00:00,0,14.5,121.0,0001,0.00047683716
2014-10-02 03:00:00,0,14.5,121.0,0001,0.05197525
2014-10-02 06:00:00,0,14.5,121.0,0001,0.011444092
2014-10-02 09:00:00,0,14.5,121.0,0001,0.3437996
2014-10-02 12:00:00,0,14.5,121.0,0001,0.39720535
2014-10-02 15:00:00,0,14.5,121.0,0001,0.034332275
2014-10-02 18:00:00,0,14.5,121.0,0001,0.017166138
2014-10-02 21:00:00,0,14.5,121.0,0001,0.022888184
2014-10-03 00:00:00,0,14.5,121.0,0001,0.04196167
2014-10-03 03:00:00,0,14.5,121.0,0001,0.03528595
2014-10-03 06:00:00,0,14.5,121.0,0001,0.05674362
2014-10-03 09:00:00,0,14.5,121.0,0001,0.02527237
2014-10-03 12:00:00,0,14.5,121.0,0001,0.77819824
2014-10-03 15:00:00,0,14.5,121.0,0001,0.008106232
2014-10-03 18:00:00,0,14.5,121.0,0001,0.0052452087
2014-10-03 21:00:00,0,14.5,121.0,0001,0.00047683716
2014-10-04 00:00:00,0,14.5,121.0,0001,0.01001358
2014-10-04 03:00:00,0,14.5,121.0,0001,0.10633469
2014-10-04 06:00:00,0,14.5,121.0,0001,0.19025803
2014-10-04 09:00:00,0,14.5,121.0,0001,0.97227097
2014-10-04 12:00:00,0,14.5,121.0,0001,1.8796921
2014-10-04 15:00:00,0,14.5,121.0,0001,0.37193298
2014-10-04 18:00:00,0,14.5,121.0,0001,0.0
2014-10-04 21:00:00,0,14.5,121.0,0001,0.0
2014-10-05 00:00:00,0,14.5,121.0,0001,0.11110306
2014-10-05 03:00:00,0,14.5,121.0,0001,0.17547607
2014-10-05 06:00:00,0,14.5,121.0,0001,0.22363663
2014-10-05 09:00:00,0,14.5,121.0,0001,4.2591095
2014-10-05 12:00:00,0,14.5,121.0,0001,0.0042915344
2014-10-05 15:00:00,0,14.5,121.0,0001,0.0009536743
2014-10-05 18:00:00,0,14.5,121.0,0001,0.012397766
2014-10-05 21:00:00,0,14.5,121.0,0001,0.1540184
2014-10-06 00:00:00,0,14.5,121.0,0001,0.022411346
2014-10-06 03:00:00,0,14.5,121.0,0001,0.002861023
2014-10-06 06:00:00,0,14.5,121.0,0001,0.042915344
2014-10-06 09:00:00,0,14.5,121.0,0001,0.04196167
2014-10-06 12:00:00,0,14.5,121.0,0001,0.19979477
2014-10-06 15:00:00,0,14.5,121.0,0001,0.08869171
2014-10-06 18:00:00,0,14.5,121.0,0001,0.13113022
2014-10-06 21:00:00,0,14.5,121.0,0001,0.58698654
2014-10-07 00:00:00,0,14.5,121.0,0001,0.0910759
2014-10-07 03:00:00,0,14.5,121.0,0001,0.022888184
2014-10-07 06:00:00,0,14.5,121.0,0001,0.13685226
2014-10-07 09:00:00,0,14.5,121.0,0001,3.170967
2014-10-07 12:00:00,0,14.5,121.0,0001,1.4486313
2014-10-07 15:00:00,0,14.5,121.0,0001,0.40912628
2014-10-07 18:00:00,0,14.5,121.0,0001,0.13446808
2014-10-07 21:00:00,0,14.5,121.0,0001,0.9818077
2014-10-08 00:00:00,0,14.5,121.0,0001,2.1944046
2014-10-08 03:00:00,0,14.5,121.0,0001,2.3088455
2014-10-08 06:00:00,0,14.5,121.0,0001,0.4506111
2014-10-08 09:00:00,0,14.5,121.0,0001,0.00047683716
2014-10-08 12:00:00,0,14.5,121.0,0001,0.0014305115
2014-10-08 15:00:00,0,14.5,121.0,0001,0.012397766
2014-10-08 18:00:00,0,14.5,121.0,0001,0.0038146973
2014-10-08 21:00:00,0,14.5,121.0,0001,0.00333786
2014-10-09 00:00:00,0,14.5,121.0,0001,0.014305115
2014-10-09 03:00:00,0,14.5,121.0,0001,0.21123886
2014-10-09 06:00:00,0,14.5,121.0,0001,0.19073486
2014-10-09 09:00:00,0,14.5,121.0,0001,0.07343292
2014-10-09 12:00:00,0,14.5,121.0,0001,0.03528595
2014-10-09 15:00:00,0,14.5,121.0,0001,0.027656555
2014-10-09 18:00:00,0,14.5,121.0,0001,0.006198883
2014-10-09 21:00:00,0,14.5,121.0,0001,0.0333786
2014-10-10 00:00:00,0,14.5,121.0,0001,0.002861023
2014-10-10 03:00:00,0,14.5,121.0,0001,0.013828278
2014-10-10 06:00:00,0,14.5,121.0,0001,0.0166893
2014-10-10 09:00:00,0,14.5,121.0,0001,0.36287308
2014-10-10 12:00:00,0,14.5,121.0,0001,0.19550323
2014-10-10 15:00:00,0,14.5,121.0,0001,0.16784668
2014-10-10 18:00:00,0,14.5,121.0,0001,0.13828278
2014-10-10 21:00:00,0,14.5,121.0,0001,0.3671646
2014-10-11 00:00:00,0,14.5,121.0,0001,0.0009536743
2014-10-11 03:00:00,0,14.5,121.0,0001,0.2617836
2014-10-11 06:00:00,0,14.5,121.0,0001,0.6990433
2014-10-11 09:00:00,0,14.5,121.0,0001,1.3718605
2014-10-11 12:00:00,0,14.5,121.0,0001,2.565384
2014-10-11 15:00:00,0,14.5,121.0,0001,3.5395622
2014-10-11 18:00:00,0,14.5,121.0,0001,0.08010864
2014-10-11 21:00:00,0,14.5,121.0,0001,0.834465
2014-10-12 00:00:00,0,14.5,121.0,0001,0.44345856
2014-10-12 03:00:00,0,14.5,121.0,0001,0.2784729
2014-10-12 06:00:00,0,14.5,121.0,0001,0.0023841858
2014-10-12 09:00:00,0,14.5,121.0,0001,1.4743805
2014-10-12 12:00:00,0,14.5,121.0,0001,0.0
2014-10-12 15:00:00,0,14.5,121.0,0001,0.0
2014-10-12 18:00:00,0,14.5,121.0,0001,0.0076293945
2014-10-12 21:00:00,0,14.5,121.0,0001,0.028133392
2014-10-13 00:00:00,0,14.5,121.0,0001,0.0052452087
2014-10-13 03:00:00,0,14.5,121.0,0001,0.23269653
2014-10-13 06:00:00,0,14.5,121.0,0001,0.27179718
2014-10-13 09:00:00,0,14.5,121.0,0001,0.63323975
2014-10-13 12:00:00,0,14.5,121.0,0001,0.33950806
2014-10-13 15:00:00,0,14.5,121.0,0001,0.0014305115
2014-10-13 18:00:00,0,14.5,121.0,0001,0.023841858
2014-10-13 21:00:00,0,14.5,121.0,0001,0.020980835
2014-10-14 00:00:00,0,14.5,121.0,0001,0.0076293945
2014-10-14 03:00:00,0,14.5,121.0,0001,0.16307831
2014-10-14 06:00:00,0,14.5,121.0,0001,0.25320053
2014-10-14 09:00:00,0,14.5,121.0,0001,0.02002716
2014-10-14 12:00:00,0,14.5,121.0,0001,0.19788742
2014-10-14 15:00:00,0,14.5,121.0,0001,0.11444092
2014-10-14 18:00:00,0,14.5,121.0,0001,0.038146973
2014-10-14 21:00:00,0,14.5,121.0,0001,0.22888184
2014-10-15 00:00:00,0,14.5,121.0,0001,0.54216385
2014-10-15 03:00:00,0,14.5,121.0,0001,0.45967102
2014-10-15 06:00:00,0,14.5,121.0,0001,0.0743866
2014-10-15 09:00:00,0,14.5,121.0,0001,0.0
2014-10-15 12:00:00,0,14.5,121.0,0001,0.0
2014-10-15 15:00:00,0,14.5,121.0,0001,0.0
2014-10-15 18:00:00,0,14.5,121.0,0001,0.0
2014-10-15 21:00:00,0,14.5,121.0,0001,0.0
2014-10-16 00:00:00,0,14.5,121.0,0001,0.00047683716
2014-10-16 03:00:00,0,14.5,121.0,0001,0.0019073486
2014-10-16 06:00:00,0,14.5,121.0,0001,0.0
2014-10-16 09:00:00,0,14.5,121.0,0001,0.0
2014-10-16 12:00:00,0,14.5,121.0,0001,0.2503395
2014-10-16 15:00:00,0,14.5,121.0,0001,1.3303757
2014-10-16 18:00:00,0,14.5,121.0,0001,0.14019012
2014-10-16 21:00:00,0,14.5,121.0,0001,0.061511993
2014-10-17 00:00:00,0,14.5,121.0,0001,0.046253204
2014-10-17 03:00:00,0,14.5,121.0,0001,0.015258789
2014-10-17 06:00:00,0,14.5,121.0,0001,0.012397766
2014-10-17 09:00:00,0,14.5,121.0,0001,0.3566742
2014-10-17 12:00:00,0,14.5,121.0,0001,0.2002716
2014-10-17 15:00:00,0,14.5,121.0,0001,0.18692017
2014-10-17 18:00:00,0,14.5,121.0,0001,0.23412704
2014-10-17 21:00:00,0,14.5,121.0,0001,0.64373016
2014-10-18 00:00:00,0,14.5,121.0,0001,0.47540665
2014-10-18 03:00:00,0,14.5,121.0,0001,0.21839142
2014-10-18 06:00:00,0,14.5,121.0,0001,0.030040741
2014-10-18 09:00:00,0,14.5,121.0,0001,0.071525574
2014-10-18 12:00:00,0,14.5,121.0,0001,0.018119812
2014-10-18 15:00:00,0,14.5,121.0,0001,0.01335144
2014-10-18 18:00:00,0,14.5,121.0,0001,0.03385544
2014-10-18 21:00:00,0,14.5,121.0,0001,0.13589859
2014-10-19 00:00:00,0,14.5,121.0,0001,0.02002716
2014-10-19 03:00:00,0,14.5,121.0,0001,0.041007996
2014-10-19 06:00:00,0,14.5,121.0,0001,0.0
2014-10-19 09:00:00,0,14.5,121.0,0001,0.0
2014-10-19 12:00:00,0,14.5,121.0,0001,0.0
2014-10-19 15:00:00,0,14.5,121.0,0001,0.0
2014-10-19 18:00:00,0,14.5,121.0,0001,0.0038146973
2014-10-19 21:00:00,0,14.5,121.0,0001,0.002861023
2014-10-20 00:00:00,0,14.5,121.0,0001,0.005722046
2014-10-20 03:00:00,0,14.5,121.0,0001,0.03862381
2014-10-20 06:00:00,0,14.5,121.0,0001,0.43916702
2014-10-20 09:00:00,0,14.5,121.0,0001,0.15926361
2014-10-20 12:00:00,0,14.5,121.0,0001,0.0009536743
2014-10-20 15:00:00,0,14.5,121.0,0001,0.00667572
2014-10-20 18:00:00,0,14.5,121.0,0001,0.03528595
2014-10-20 21:00:00,0,14.5,121.0,0001,0.395298
2014-10-21 00:00:00,0,14.5,121.0,0001,0.08678436
2014-10-21 03:00:00,0,14.5,121.0,0001,0.11539459
2014-10-21 06:00:00,0,14.5,121.0,0001,0.57935715
2014-10-21 09:00:00,0,14.5,121.0,0001,0.2579689
2014-10-21 12:00:00,0,14.5,121.0,0001,0.0
2014-10-21 15:00:00,0,14.5,121.0,0001,0.0
2014-10-21 18:00:00,0,14.5,121.0,0001,0.017166138
2014-10-21 21:00:00,0,14.5,121.0,0001,0.024795532
2014-10-22 00:00:00,0,14.5,121.0,0001,0.00667572
2014-10-22 03:00:00,0,14.5,121.0,0001,0.19168854
2014-10-22 06:00:00,0,14.5,121.0,0001,0.06914139
2014-10-22 09:00:00,0,14.5,121.0,0001,0.015735626
2014-10-22 12:00:00,0,14.5,121.0,0001,0.0
2014-10-22 15:00:00,0,14.5,121.0,0001,0.0019073486
2014-10-22 18:00:00,0,14.5,121.0,0001,0.0019073486
2014-10-22 21:00:00,0,14.5,121.0,0001,0.014781952
2014-10-23 00:00:00,0,14.5,121.0,0001,0.0076293945
2014-10-23 03:00:00,0,14.5,121.0,0001,0.006198883
2014-10-23 06:00:00,0,14.5,121.0,0001,0.00333786
2014-10-23 09:00:00,0,14.5,121.0,0001,0.0042915344
2014-10-23 12:00:00,0,14.5,121.0,0001,0.006198883
2014-10-23 15:00:00,0,14.5,121.0,0001,0.0
2014-10-23 18:00:00,0,14.5,121.0,0001,0.0
2014-10-23 21:00:00,0,14.5,121.0,0001,0.0009536743
2014-10-24 00:00:00,0,14.5,121.0,0001,0.0333786
2014-10-24 03:00:00,0,14.5,121.0,0001,0.08392334
2014-10-24 06:00:00,0,14.5,121.0,0001,0.12397766
2014-10-24 09:00:00,0,14.5,121.0,0001,0.0
2014-10-24 12:00:00,0,14.5,121.0,0001,0.00047683716
2014-10-24 15:00:00,0,14.5,121.0,0001,0.0076293945
2014-10-24 18:00:00,0,14.5,121.0,0001,0.0
2014-10-24 21:00:00,0,14.5,121.0,0001,0.0
2014-10-25 00:00:00,0,14.5,121.0,0001,0.0
2014-10-25 03:00:00,0,14.5,121.0,0001,0.024318695
2014-10-25 06:00:00,0,14.5,121.0,0001,0.00667572
2014-10-25 09:00:00,0,14.5,121.0,0001,0.0
2014-10-25 12:00:00,0,14.5,121.0,0001,0.0
2014-10-25 15:00:00,0,14.5,121.0,0001,0.00047683716
2014-10-25 18:00:00,0,14.5,121.0,0001,0.0019073486
2014-10-25 21:00:00,0,14.5,121.0,0001,0.0009536743
2014-10-26 00:00:00,0,14.5,121.0,0001,0.014305115
2014-10-26 03:00:00,0,14.5,121.0,0001,0.061035156
2014-10-26 06:00:00,0,14.5,121.0,0001,0.015258789
2014-10-26 09:00:00,0,14.5,121.0,0001,0.101566315
2014-10-26 12:00:00,0,14.5,121.0,0001,0.029563904
2014-10-26 15:00:00,0,14.5,121.0,0001,0.00667572
2014-10-26 18:00:00,0,14.5,121.0,0001,0.0023841858
2014-10-26 21:00:00,0,14.5,121.0,0001,0.021457672
2014-10-27 00:00:00,0,14.5,121.0,0001,0.25558472
2014-10-27 03:00:00,0,14.5,121.0,0001,0.64754486
2014-10-27 06:00:00,0,14.5,121.0,0001,2.3012161
2014-10-27 09:00:00,0,14.5,121.0,0001,0.020980835
2014-10-27 12:00:00,0,14.5,121.0,0001,0.00047683716
2014-10-27 15:00:00,0,14.5,121.0,0001,0.0
2014-10-27 18:00:00,0,14.5,121.0,0001,0.02002716
2014-10-27 21:00:00,0,14.5,121.0,0001,0.039100647
2014-10-28 00:00:00,0,14.5,121.0,0001,0.02336502
2014-10-28 03:00:00,0,14.5,121.0,0001,0.08201599
2014-10-28 06:00:00,0,14.5,121.0,0001,0.08249283
2014-10-28 09:00:00,0,14.5,121.0,0001,0.06389618
2014-10-28 12:00:00,0,14.5,121.0,0001,0.011444092
2014-10-28 15:00:00,0,14.5,121.0,0001,0.02670288
2014-10-28 18:00:00,0,14.5,121.0,0001,0.041484833
2014-10-28 21:00:00,0,14.5,121.0,0001,0.07772446
2014-10-29 00:00:00,0,14.5,121.0,0001,0.13542175
2014-10-29 03:00:00,0,14.5,121.0,0001,0.19931793
2014-10-29 06:00:00,0,14.5,121.0,0001,0.07247925
2014-10-29 09:00:00,0,14.5,121.0,0001,0.08249283
2014-10-29 12:00:00,0,14.5,121.0,0001,0.02002716
2014-10-29 15:00:00,0,14.5,121.0,0001,0.039100647
2014-10-29 18:00:00,0,14.5,121.0,0001,0.020980835
2014-10-29 21:00:00,0,14.5,121.0,0001,0.0
2014-10-30 00:00:00,0,14.5,121.0,0001,0.009536743
2014-10-30 03:00:00,0,14.5,121.0,0001,0.023841858
2014-10-30 06:00:00,0,14.5,121.0,0001,0.024795532
2014-10-30 09:00:00,0,14.5,121.0,0001,0.0019073486
2014-10-30 12:00:00,0,14.5,121.0,0001,0.0
2014-10-30 15:00:00,0,14.5,121.0,0001,0.0038146973
2014-10-30 18:00:00,0,14.5,121.0,0001,0.02002716
2014-10-30 21:00:00,0,14.5,121.0,0001,0.002861023
2014-10-31 00:00:00,0,14.5,121.0,0001,0.009536743
2014-10-31 03:00:00,0,14.5,121.0,0001,0.098228455
2014-10-31 06:00:00,0,14.5,121.0,0001,0.0023841858
2014-10-31 09:00:00,0,14.5,121.0,0001,0.00047683716
2014-10-31 12:00:00,0,14.5,121.0,0001,0.008583069
2014-10-31 15:00:00,0,14.5,121.0,0001,0.0019073486
2014-10-31 18:00:00,0,14.5,121.0,0001,0.016212463
2014-10-31 21:00:00,0,14.5,121.0,0001,0.0019073486
2014-11-01 00:00:00,0,14.5,121.0,0001,0.014781952
2014-11-01 03:00:00,0,14.5,121.0,0001,0.10061264
2014-11-01 06:00:00,0,14.5,121.0,0001,0.06484985
2014-11-01 09:00:00,0,14.5,121.0,0001,0.012874603
2014-11-01 12:00:00,0,14.5,121.0,0001,0.0009536743
2014-11-01 15:00:00,0,14.5,121.0,0001,0.0
2014-11-01 18:00:00,0,14.5,121.0,0001,0.027179718
2014-11-01 21:00:00,0,14.5,121.0,0001,0.00667572
2014-11-02 00:00:00,0,14.5,121.0,0001,0.0
2014-11-02 03:00:00,0,14.5,121.0,0001,0.16832352
2014-11-02 06:00:00,0,14.5,121.0,0001,0.012397766
2014-11-02 09:00:00,0,14.5,121.0,0001,0.0
2014-11-02 12:00:00,0,14.5,121.0,0001,0.0
2014-11-02 15:00:00,0,14.5,121.0,0001,0.0009536743
2014-11-02 18:00:00,0,14.5,121.0,0001,0.0038146973
2014-11-02 21:00:00,0,14.5,121.0,0001,0.0
2014-11-03 00:00:00,0,14.5,121.0,0001,0.0019073486
2014-11-03 03:00:00,0,14.5,121.0,0001,0.08392334
2014-11-03 06:00:00,0,14.5,121.0,0001,0.002861023
2014-11-03 09:00:00,0,14.5,121.0,0001,0.0
2014-11-03 12:00:00,0,14.5,121.0,0001,0.0009536743
2014-11-03 15:00:00,0,14.5,121.0,0001,0.006198883
2014-11-03 18:00:00,0,14.5,121.0,0001,0.04196167
2014-11-03 21:00:00,0,14.5,121.0,0001,0.019073486
2014-11-04 00:00:00,0,14.5,121.0,0001,0.0047683716
2014-11-04 03:00:00,0,14.5,121.0,0001,0.019073486
2014-11-04 06:00:00,0,14.5,121.0,0001,0.00047683716
2014-11-04 09:00:00,0,14.5,121.0,0001,0.0047683716
2014-11-04 12:00:00,0,14.5,121.0,0001,0.0047683716
2014-11-04 15:00:00,0,14.5,121.0,0001,0.0038146973
2014-11-04 18:00:00,0,14.5,121.0,0001,0.0019073486
2014-11-04 21:00:00,0,14.5,121.0,0001,0.0
2014-11-05 00:00:00,0,14.5,121.0,0001,0.00333786
2014-11-05 03:00:00,0,14.5,121.0,0001,0.009059906
2014-11-05 06:00:00,0,14.5,121.0,0001,0.002861023
2014-11-05 09:00:00,0,14.5,121.0,0001,0.0
2014-11-05 12:00:00,0,14.5,121.0,0001,0.0019073486
2014-11-05 15:00:00,0,14.5,121.0,0001,0.0019073486
2014-11-05 18:00:00,0,14.5,121.0,0001,0.0014305115
2014-11-05 21:00:00,0,14.5,121.0,0001,0.0076293945
2014-11-06 00:00:00,0,14.5,121.0,0001,0.022411346
2014-11-06 03:00:00,0,14.5,121.0,0001,0.072956085
2014-11-06 06:00:00,0,14.5,121.0,0001,0.0052452087
2014-11-06 09:00:00,0,14.5,121.0,0001,0.0
2014-11-06 12:00:00,0,14.5,121.0,0001,0.0
2014-11-06 15:00:00,0,14.5,121.0,0001,0.0
2014-11-06 18:00:00,0,14.5,121.0,0001,0.0
2014-11-06 21:00:00,0,14.5,121.0,0001,0.0
2014-11-07 00:00:00,0,14.5,121.0,0001,0.0
2014-11-07 03:00:00,0,14.5,121.0,0001,0.0
2014-11-07 06:00:00,0,14.5,121.0,0001,0.0
2014-11-07 09:00:00,0,14.5,121.0,0001,0.0
2014-11-07 12:00:00,0,14.5,121.0,0001,0.0
2014-11-07 15:00:00,0,14.5,121.0,0001,0.0
2014-11-07 18:00:00,0,14.5,121.0,0001,0.0104904175
2014-11-07 21:00:00,0,14.5,121.0,0001,0.008106232
2014-11-08 00:00:00,0,14.5,121.0,0001,0.024795532
2014-11-08 03:00:00,0,14.5,121.0,0001,0.07247925
2014-11-08 06:00:00,0,14.5,121.0,0001,0.07724762
2014-11-08 09:00:00,0,14.5,121.0,0001,0.00047683716
2014-11-08 12:00:00,0,14.5,121.0,0001,0.00667572
2014-11-08 15:00:00,0,14.5,121.0,0001,0.0076293945
2014-11-08 18:00:00,0,14.5,121.0,0001,0.009536743
2014-11-08 21:00:00,0,14.5,121.0,0001,0.005722046
2014-11-09 00:00:00,0,14.5,121.0,0001,0.054359436
2014-11-09 03:00:00,0,14.5,121.0,0001,0.10538101
2014-11-09 06:00:00,0,14.5,121.0,0001,0.0009536743
2014-11-09 09:00:00,0,14.5,121.0,0001,0.0
2014-11-09 12:00:00,0,14.5,121.0,0001,0.0009536743
2014-11-09 15:00:00,0,14.5,121.0,0001,0.002861023
2014-11-09 18:00:00,0,14.5,121.0,0001,0.0014305115
2014-11-09 21:00:00,0,14.5,121.0,0001,0.0019073486
2014-11-10 00:00:00,0,14.5,121.0,0001,0.00047683716
2014-11-10 03:00:00,0,14.5,121.0,0001,0.002861023
2014-11-10 06:00:00,0,14.5,121.0,0001,0.0
2014-11-10 09:00:00,0,14.5,121.0,0001,0.0
2014-11-10 12:00:00,0,14.5,121.0,0001,0.0
2014-11-10 15:00:00,0,14.5,121.0,0001,0.0
2014-11-10 18:00:00,0,14.5,121.0,0001,0.0
2014-11-10 21:00:00,0,14.5,121.0,0001,0.0
2014-11-11 00:00:00,0,14.5,121.0,0001,0.0
2014-11-11 03:00:00,0,14.5,121.0,0001,0.04053116
2014-11-11 06:00:00,0,14.5,121.0,0001,0.0
2014-11-11 09:00:00,0,14.5,121.0,0001,0.0
2014-11-11 12:00:00,0,14.5,121.0,0001,0.0
2014-11-11 15:00:00,0,14.5,121.0,0001,0.0009536743
2014-11-11 18:00:00,0,14.5,121.0,0001,0.0019073486
2014-11-11 21:00:00,0,14.5,121.0,0001,0.00047683716
2014-11-12 00:00:00,0,14.5,121.0,0001,0.01001358
2014-11-12 03:00:00,0,14.5,121.0,0001,0.01335144
2014-11-12 06:00:00,0,14.5,121.0,0001,0.0023841858
2014-11-12 09:00:00,0,14.5,121.0,0001,0.0
2014-11-12 12:00:00,0,14.5,121.0,0001,0.0
2014-11-12 15:00:00,0,14.5,121.0,0001,0.0
2014-11-12 18:00:00,0,14.5,121.0,0001,0.0
2014-11-12 21:00:00,0,14.5,121.0,0001,0.0
2014-11-13 00:00:00,0,14.5,121.0,0001,0.0
2014-11-13 03:00:00,0,14.5,121.0,0001,0.0
2014-11-13 06:00:00,0,14.5,121.0,0001,0.0
2014-11-13 09:00:00,0,14.5,121.0,0001,0.0
2014-11-13 12:00:00,0,14.5,121.0,0001,0.0
2014-11-13 15:00:00,0,14.5,121.0,0001,0.0014305115
2014-11-13 18:00:00,0,14.5,121.0,0001,0.002861023
2014-11-13 21:00:00,0,14.5,121.0,0001,0.00333786
2014-11-14 00:00:00,0,14.5,121.0,0001,0.005722046
2014-11-14 03:00:00,0,14.5,121.0,0001,0.017166138
2014-11-14 06:00:00,0,14.5,121.0,0001,0.034332275
2014-11-14 09:00:00,0,14.5,121.0,0001,0.020980835
2014-11-14 12:00:00,0,14.5,121.0,0001,0.10347366
2014-11-14 15:00:00,0,14.5,121.0,0001,0.04053116
2014-11-14 18:00:00,0,14.5,121.0,0001,0.062942505
2014-11-14 21:00:00,0,14.5,121.0,0001,3.1147003
2014-11-15 00:00:00,0,14.5,121.0,0001,2.594471
2014-11-15 03:00:00,0,14.5,121.0,0001,1.4877319
2014-11-15 06:00:00,0,14.5,121.0,0001,1.2860298
2014-11-15 09:00:00,0,14.5,121.0,0001,0.4081726
2014-11-15 12:00:00,0,14.5,121.0,0001,0.02670288
2014-11-15 15:00:00,0,14.5,121.0,0001,0.0009536743
2014-11-15 18:00:00,0,14.5,121.0,0001,0.0019073486
2014-11-15 21:00:00,0,14.5,121.0,0001,0.005722046
2014-11-16 00:00:00,0,14.5,121.0,0001,0.020503998
2014-11-16 03:00:00,0,14.5,121.0,0001,0.092983246
2014-11-16 06:00:00,0,14.5,121.0,0001,0.120162964
2014-11-16 09:00:00,0,14.5,121.0,0001,0.030994415
2014-11-16 12:00:00,0,14.5,121.0,0001,0.00047683716
2014-11-16 15:00:00,0,14.5,121.0,0001,0.0014305115
2014-11-16 18:00:00,0,14.5,121.0,0001,0.0009536743
2014-11-16 21:00:00,0,14.5,121.0,0001,0.00047683716
2014-11-17 00:00:00,0,14.5,121.0,0001,0.0014305115
2014-11-17 03:00:00,0,14.5,121.0,0001,0.06341934
2014-11-17 06:00:00,0,14.5,121.0,0001,0.008106232
2014-11-17 09:00:00,0,14.5,121.0,0001,0.00667572
2014-11-17 12:00:00,0,14.5,121.0,0001,0.0019073486
2014-11-17 15:00:00,0,14.5,121.0,0001,0.00047683716
2014-11-17 18:00:00,0,14.5,121.0,0001,0.00047683716
2014-11-17 21:00:00,0,14.5,121.0,0001,0.00047683716
2014-11-18 00:00:00,0,14.5,121.0,0001,0.0
2014-11-18 03:00:00,0,14.5,121.0,0001,0.009059906
2014-11-18 06:00:00,0,14.5,121.0,0001,0.0076293945
2014-11-18 09:00:00,0,14.5,121.0,0001,0.0
2014-11-18 12:00:00,0,14.5,121.0,0001,0.0038146973
2014-11-18 15:00:00,0,14.5,121.0,0001,0.008106232
2014-11-18 18:00:00,0,14.5,121.0,0001,0.00333786
2014-11-18 21:00:00,0,14.5,121.0,0001,0.00333786
2014-11-19 00:00:00,0,14.5,121.0,0001,0.002861023
2014-11-19 03:00:00,0,14.5,121.0,0001,0.0047683716
2014-11-19 06:00:00,0,14.5,121.0,0001,0.0052452087
2014-11-19 09:00:00,0,14.5,121.0,0001,0.036239624
2014-11-19 12:00:00,0,14.5,121.0,0001,0.02336502
2014-11-19 15:00:00,0,14.5,121.0,0001,0.00667572
2014-11-19 18:00:00,0,14.5,121.0,0001,0.045776367
2014-11-19 21:00:00,0,14.5,121.0,0001,0.012874603
2014-11-20 00:00:00,0,14.5,121.0,0001,0.012397766
2014-11-20 03:00:00,0,14.5,121.0,0001,0.00667572
2014-11-20 06:00:00,0,14.5,121.0,0001,0.006198883
2014-11-20 09:00:00,0,14.5,121.0,0001,0.03194809
2014-11-20 12:00:00,0,14.5,121.0,0001,0.0038146973
2014-11-20 15:00:00,0,14.5,121.0,0001,0.0076293945
2014-11-20 18:00:00,0,14.5,121.0,0001,0.0014305115
2014-11-20 21:00:00,0,14.5,121.0,0001,0.0023841858
2014-11-21 00:00:00,0,14.5,121.0,0001,0.0047683716
2014-11-21 03:00:00,0,14.5,121.0,0001,0.002861023
2014-11-21 06:00:00,0,14.5,121.0,0001,0.0
2014-11-21 09:00:00,0,14.5,121.0,0001,0.0
2014-11-21 12:00:00,0,14.5,121.0,0001,0.0
2014-11-21 15:00:00,0,14.5,121.0,0001,0.0023841858
2014-11-21 18:00:00,0,14.5,121.0,0001,0.0009536743
2014-11-21 21:00:00,0,14.5,121.0,0001,0.00047683716
2014-11-22 00:00:00,0,14.5,121.0,0001,0.0009536743
2014-11-22 03:00:00,0,14.5,121.0,0001,0.069618225
2014-11-22 06:00:00,0,14.5,121.0,0001,0.009536743
2014-11-22 09:00:00,0,14.5,121.0,0001,0.15640259
2014-11-22 12:00:00,0,14.5,121.0,0001,0.00333786
2014-11-22 15:00:00,0,14.5,121.0,0001,0.005722046
2014-11-22 18:00:00,0,14.5,121.0,0001,0.0
2014-11-22 21:00:00,0,14.5,121.0,0001,0.0
2014-11-23 00:00:00,0,14.5,121.0,0001,0.009059906
2014-11-23 03:00:00,0,14.5,121.0,0001,0.035762787
2014-11-23 06:00:00,0,14.5,121.0,0001,0.0
2014-11-23 09:00:00,0,14.5,121.0,0001,0.00047683716
2014-11-23 12:00:00,0,14.5,121.0,0001,0.0009536743
2014-11-23 15:00:00,0,14.5,121.0,0001,0.0009536743
2014-11-23 18:00:00,0,14.5,121.0,0001,0.00047683716
2014-11-23 21:00:00,0,14.5,121.0,0001,0.00047683716
2014-11-24 00:00:00,0,14.5,121.0,0001,0.0019073486
2014-11-24 03:00:00,0,14.5,121.0,0001,0.029087067
2014-11-24 06:00:00,0,14.5,121.0,0001,0.0019073486
2014-11-24 09:00:00,0,14.5,121.0,0001,0.0
2014-11-24 12:00:00,0,14.5,121.0,0001,0.0009536743
2014-11-24 15:00:00,0,14.5,121.0,0001,0.0009536743
2014-11-24 18:00:00,0,14.5,121.0,0001,0.0
2014-11-24 21:00:00,0,14.5,121.0,0001,0.0009536743
2014-11-25 00:00:00,0,14.5,121.0,0001,0.00047683716
2014-11-25 03:00:00,0,14.5,121.0,0001,0.0052452087
2014-11-25 06:00:00,0,14.5,121.0,0001,0.013828278
2014-11-25 09:00:00,0,14.5,121.0,0001,0.0
2014-11-25 12:00:00,0,14.5,121.0,0001,0.0
2014-11-25 15:00:00,0,14.5,121.0,0001,0.008583069
2014-11-25 18:00:00,0,14.5,121.0,0001,0.0019073486
2014-11-25 21:00:00,0,14.5,121.0,0001,0.0019073486
2014-11-26 00:00:00,0,14.5,121.0,0001,0.0047683716
2014-11-26 03:00:00,0,14.5,121.0,0001,0.045776367
2014-11-26 06:00:00,0,14.5,121.0,0001,0.118255615
2014-11-26 09:00:00,0,14.5,121.0,0001,0.0
2014-11-26 12:00:00,0,14.5,121.0,0001,0.0014305115
2014-11-26 15:00:00,0,14.5,121.0,0001,0.0076293945
2014-11-26 18:00:00,0,14.5,121.0,0001,0.006198883
2014-11-26 21:00:00,0,14.5,121.0,0001,0.0023841858
2014-11-27 00:00:00,0,14.5,121.0,0001,0.056266785
2014-11-27 03:00:00,0,14.5,121.0,0001,0.2913475
2014-11-27 06:00:00,0,14.5,121.0,0001,0.048160553
2014-11-27 09:00:00,0,14.5,121.0,0001,0.036239624
2014-11-27 12:00:00,0,14.5,121.0,0001,0.3156662
2014-11-27 15:00:00,0,14.5,121.0,0001,0.15354156
2014-11-27 18:00:00,0,14.5,121.0,0001,0.4386902
2014-11-27 21:00:00,0,14.5,121.0,0001,0.07343292
2014-11-28 00:00:00,0,14.5,121.0,0001,0.0047683716
2014-11-28 03:00:00,0,14.5,121.0,0001,0.041007996
2014-11-28 06:00:00,0,14.5,121.0,0001,0.008106232
2014-11-28 09:00:00,0,14.5,121.0,0001,0.0
2014-11-28 12:00:00,0,14.5,121.0,0001,0.0014305115
2014-11-28 15:00:00,0,14.5,121.0,0001,0.0038146973
2014-11-28 18:00:00,0,14.5,121.0,0001,0.01335144
2014-11-28 21:00:00,0,14.5,121.0,0001,0.04673004
2014-11-29 00:00:00,0,14.5,121.0,0001,0.030517578
2014-11-29 03:00:00,0,14.5,121.0,0001,0.16641617
2014-11-29 06:00:00,0,14.5,121.0,0001,0.06866455
2014-11-29 09:00:00,0,14.5,121.0,0001,0.0038146973
2014-11-29 12:00:00,0,14.5,121.0,0001,0.0009536743
2014-11-29 15:00:00,0,14.5,121.0,0001,0.0
2014-11-29 18:00:00,0,14.5,121.0,0001,0.13542175
2014-11-29 21:00:00,0,14.5,121.0,0001,0.25224686
2014-11-30 00:00:00,0,14.5,121.0,0001,0.56552887
2014-11-30 03:00:00,0,14.5,121.0,0001,0.24795532
2014-11-30 06:00:00,0,14.5,121.0,0001,0.9069443
2014-11-30 09:00:00,0,14.5,121.0,0001,0.009059906
2014-11-30 12:00:00,0,14.5,121.0,0001,0.008583069
2014-11-30 15:00:00,0,14.5,121.0,0001,0.0
2014-11-30 18:00:00,0,14.5,121.0,0001,0.0019073486
2014-11-30 21:00:00,0,14.5,121.0,0001,0.044822693
2015-06-01 00:00:00,0,14.5,121.0,0001,0.030517578
2015-06-01 03:00:00,0,14.5,121.0,0001,0.0038146973
2015-06-01 06:00:00,0,14.5,121.0,0001,0.00047683716
2015-06-01 09:00:00,0,14.5,121.0,0001,0.049591064
2015-06-01 12:00:00,0,14.5,121.0,0001,0.0
2015-06-01 15:00:00,0,14.5,121.0,0001,0.0
2015-06-01 18:00:00,0,14.5,121.0,0001,0.0
2015-06-01 21:00:00,0,14.5,121.0,0001,0.0009536743
2015-06-02 00:00:00,0,14.5,121.0,0001,0.0104904175
2015-06-02 03:00:00,0,14.5,121.0,0001,0.0104904175
2015-06-02 06:00:00,0,14.5,121.0,0001,0.0009536743
2015-06-02 09:00:00,0,14.5,121.0,0001,0.02002716
2015-06-02 12:00:00,0,14.5,121.0,0001,0.0
2015-06-02 15:00:00,0,14.5,121.0,0001,0.0009536743
2015-06-02 18:00:00,0,14.5,121.0,0001,0.052928925
2015-06-02 21:00:00,0,14.5,121.0,0001,0.008583069
2015-06-03 00:00:00,0,14.5,121.0,0001,0.0076293945
2015-06-03 03:00:00,0,14.5,121.0,0001,0.010967255
2015-06-03 06:00:00,0,14.5,121.0,0001,0.0014305115
2015-06-03 09:00:00,0,14.5,121.0,0001,0.15163422
2015-06-03 12:00:00,0,14.5,121.0,0001,0.03528595
2015-06-03 15:00:00,0,14.5,121.0,0001,0.01859665
2015-06-03 18:00:00,0,14.5,121.0,0001,0.08106232
2015-06-03 21:00:00,0,14.5,121.0,0001,0.023841858
2015-06-04 00:00:00,0,14.5,121.0,0001,0.037670135
2015-06-04 03:00:00,0,14.5,121.0,0001,0.05197525
2015-06-04 06:00:00,0,14.5,121.0,0001,0.02861023
2015-06-04 09:00:00,0,14.5,121.0,0001,0.2670288
2015-06-04 12:00:00,0,14.5,121.0,0001,0.0
2015-06-04 15:00:00,0,14.5,121.0,0001,0.0
2015-06-04 18:00:00,0,14.5,121.0,0001,0.0
2015-06-04 21:00:00,0,14.5,121.0,0001,0.0009536743
2015-06-05 00:00:00,0,14.5,121.0,0001,0.023841858
2015-06-05 03:00:00,0,14.5,121.0,0001,0.11539459
2015-06-05 06:00:00,0,14.5,121.0,0001,0.23794174
2015-06-05 09:00:00,0,14.5,121.0,0001,0.0009536743
2015-06-05 12:00:00,0,14.5,121.0,0001,0.0009536743
2015-06-05 15:00:00,0,14.5,121.0,0001,0.002861023
2015-06-05 18:00:00,0,14.5,121.0,0001,0.058174133
2015-06-05 21:00:00,0,14.5,121.0,0001,0.005722046
2015-06-06 00:00:00,0,14.5,121.0,0001,0.14781952
2015-06-06 03:00:00,0,14.5,121.0,0001,0.1335144
2015-06-06 06:00:00,0,14.5,121.0,0001,0.032901764
2015-06-06 09:00:00,0,14.5,121.0,0001,0.04005432
2015-06-06 12:00:00,0,14.5,121.0,0001,0.09870529
2015-06-06 15:00:00,0,14.5,121.0,0001,0.0
2015-06-06 18:00:00,0,14.5,121.0,0001,0.060081482
2015-06-06 21:00:00,0,14.5,121.0,0001,0.0042915344
2015-06-07 00:00:00,0,14.5,121.0,0001,0.008583069
2015-06-07 03:00:00,0,14.5,121.0,0001,0.0042915344
2015-06-07 06:00:00,0,14.5,121.0,0001,0.0023841858
2015-06-07 09:00:00,0,14.5,121.0,0001,0.28562546
2015-06-07 12:00:00,0,14.5,121.0,0001,0.00047683716
2015-06-07 15:00:00,0,14.5,121.0,0001,0.0
2015-06-07 18:00:00,0,14.5,121.0,0001,0.012397766
2015-06-07 21:00:00,0,14.5,121.0,0001,0.04196167
2015-06-08 00:00:00,0,14.5,121.0,0001,0.03528595
2015-06-08 03:00:00,0,14.5,121.0,0001,0.011920929
2015-06-08 06:00:00,0,14.5,121.0,0001,0.00667572
2015-06-08 09:00:00,0,14.5,121.0,0001,0.01335144
2015-06-08 12:00:00,0,14.5,121.0,0001,0.024795532
2015-06-08 15:00:00,0,14.5,121.0,0001,0.041007996
2015-06-08 18:00:00,0,14.5,121.0,0001,0.1449585
2015-06-08 21:00:00,0,14.5,121.0,0001,0.002861023
2015-06-09 00:00:00,0,14.5,121.0,0001,0.060081482
2015-06-09 03:00:00,0,14.5,121.0,0001,0.10967255
2015-06-09 06:00:00,0,14.5,121.0,0001,0.330925
2015-06-09 09:00:00,0,14.5,121.0,0001,0.056266785
2015-06-09 12:00:00,0,14.5,121.0,0001,0.102996826
2015-06-09 15:00:00,0,14.5,121.0,0001,0.0
2015-06-09 18:00:00,0,14.5,121.0,0001,0.00047683716
2015-06-09 21:00:00,0,14.5,121.0,0001,0.00047683716
2015-06-10 00:00:00,0,14.5,121.0,0001,0.0052452087
2015-06-10 03:00:00,0,14.5,121.0,0001,0.030517578
2015-06-10 06:00:00,0,14.5,121.0,0001,0.014305115
2015-06-10 09:00:00,0,14.5,121.0,0001,0.48923492
2015-06-10 12:00:00,0,14.5,121.0,0001,0.0
2015-06-10 15:00:00,0,14.5,121.0,0001,0.0009536743
2015-06-10 18:00:00,0,14.5,121.0,0001,0.07200241
2015-06-10 21:00:00,0,14.5,121.0,0001,1.7256737
2015-06-11 00:00:00,0,14.5,121.0,0001,0.0
2015-06-11 03:00:00,0,14.5,121.0,0001,0.060081482
2015-06-11 06:00:00,0,14.5,121.0,0001,0.072956085
2015-06-11 09:00:00,0,14.5,121.0,0001,0.013828278
2015-06-11 12:00:00,0,14.5,121.0,0001,0.022411346
2015-06-11 15:00:00,0,14.5,121.0,0001,0.005722046
2015-06-11 18:00:00,0,14.5,121.0,0001,0.0009536743
2015-06-11 21:00:00,0,14.5,121.0,0001,0.020503998
2015-06-12 00:00:00,0,14.5,121.0,0001,0.0042915344
2015-06-12 03:00:00,0,14.5,121.0,0001,0.0047683716
2015-06-12 06:00:00,0,14.5,121.0,0001,0.10728836
2015-06-12 09:00:00,0,14.5,121.0,0001,0.026226044
2015-06-12 12:00:00,0,14.5,121.0,0001,0.00047683716
2015-06-12 15:00:00,0,14.5,121.0,0001,0.049591064
2015-06-12 18:00:00,0,14.5,121.0,0001,0.015735626
2015-06-12 21:00:00,0,14.5,121.0,0001,0.08535385
2015-06-13 00:00:00,0,14.5,121.0,0001,0.0
2015-06-13 03:00:00,0,14.5,121.0,0001,0.01001358
2015-06-13 06:00:00,0,14.5,121.0,0001,0.019550323
2015-06-13 09:00:00,0,14.5,121.0,0001,0.0038146973
2015-06-13 12:00:00,0,14.5,121.0,0001,0.00047683716
2015-06-13 15:00:00,0,14.5,121.0,0001,0.0
2015-06-13 18:00:00,0,14.5,121.0,0001,0.0014305115
2015-06-13 21:00:00,0,14.5,121.0,0001,0.018119812
2015-06-14 00:00:00,0,14.5,121.0,0001,0.002861023
2015-06-14 03:00:00,0,14.5,121.0,0001,0.0023841858
2015-06-14 06:00:00,0,14.5,121.0,0001,0.0014305115
2015-06-14 09:00:00,0,14.5,121.0,0001,0.002861023
2015-06-14 12:00:00,0,14.5,121.0,0001,0.0
2015-06-14 15:00:00,0,14.5,121.0,0001,0.0009536743
2015-06-14 18:00:00,0,14.5,121.0,0001,0.0019073486
2015-06-14 21:00:00,0,14.5,121.0,0001,0.002861023
2015-06-15 00:00:00,0,14.5,121.0,0001,0.00667572
2015-06-15 03:00:00,0,14.5,121.0,0001,0.021457672
2015-06-15 06:00:00,0,14.5,121.0,0001,0.00047683716
2015-06-15 09:00:00,0,14.5,121.0,0001,0.0
2015-06-15 12:00:00,0,14.5,121.0,0001,0.00667572
2015-06-15 15:00:00,0,14.5,121.0,0001,0.0
2015-06-15 18:00:00,0,14.5,121.0,0001,0.0
2015-06-15 21:00:00,0,14.5,121.0,0001,0.17786026
2015-06-16 00:00:00,0,14.5,121.0,0001,0.0104904175
2015-06-16 03:00:00,0,14.5,121.0,0001,0.015735626
2015-06-16 06:00:00,0,14.5,121.0,0001,0.0104904175
2015-06-16 09:00:00,0,14.5,121.0,0001,0.25463104
2015-06-16 12:00:00,0,14.5,121.0,0001,0.0019073486
2015-06-16 15:00:00,0,14.5,121.0,0001,0.0009536743
2015-06-16 18:00:00,0,14.5,121.0,0001,0.09202957
2015-06-16 21:00:00,0,14.5,121.0,0001,0.009536743
2015-06-17 00:00:00,0,14.5,121.0,0001,0.015258789
2015-06-17 03:00:00,0,14.5,121.0,0001,0.15735626
2015-06-17 06:00:00,0,14.5,121.0,0001,0.009536743
2015-06-17 09:00:00,0,14.5,121.0,0001,1.865387
2015-06-17 12:00:00,0,14.5,121.0,0001,0.6303787
2015-06-17 15:00:00,0,14.5,121.0,0001,0.7381439
2015-06-17 18:00:00,0,14.5,121.0,0001,0.0076293945
2015-06-17 21:00:00,0,14.5,121.0,0001,0.014305115
2015-06-18 00:00:00,0,14.5,121.0,0001,0.036239624
2015-06-18 03:00:00,0,14.5,121.0,0001,0.049591064
2015-06-18 06:00:00,0,14.5,121.0,0001,0.18882751
2015-06-18 09:00:00,0,14.5,121.0,0001,0.44727325
2015-06-18 12:00:00,0,14.5,121.0,0001,0.17929077
2015-06-18 15:00:00,0,14.5,121.0,0001,0.1039505
2015-06-18 18:00:00,0,14.5,121.0,0001,0.01335144
2015-06-18 21:00:00,0,14.5,121.0,0001,0.15926361
2015-06-19 00:00:00,0,14.5,121.0,0001,0.08058548
2015-06-19 03:00:00,0,14.5,121.0,0001,0.094890594
2015-06-19 06:00:00,0,14.5,121.0,0001,0.0371933
2015-06-19 09:00:00,0,14.5,121.0,0001,0.25844574
2015-06-19 12:00:00,0,14.5,121.0,0001,0.21457672
2015-06-19 15:00:00,0,14.5,121.0,0001,0.14591217
2015-06-19 18:00:00,0,14.5,121.0,0001,0.018119812
2015-06-19 21:00:00,0,14.5,121.0,0001,0.0104904175
2015-06-20 00:00:00,0,14.5,121.0,0001,0.017166138
2015-06-20 03:00:00,0,14.5,121.0,0001,0.069618225
2015-06-20 06:00:00,0,14.5,121.0,0001,0.13637543
2015-06-20 09:00:00,0,14.5,121.0,0001,0.64992905
2015-06-20 12:00:00,0,14.5,121.0,0001,1.5487671
2015-06-20 15:00:00,0,14.5,121.0,0001,0.8330345
2015-06-20 18:00:00,0,14.5,121.0,0001,0.19073486
2015-06-20 21:00:00,0,14.5,121.0,0001,0.04673004
2015-06-21 00:00:00,0,14.5,121.0,0001,0.10204315
2015-06-21 03:00:00,0,14.5,121.0,0001,1.124382
2015-06-21 06:00:00,0,14.5,121.0,0001,0.9365082
2015-06-21 09:00:00,0,14.5,121.0,0001,0.3786087
2015-06-21 12:00:00,0,14.5,121.0,0001,0.118255615
2015-06-21 15:00:00,0,14.5,121.0,0001,0.00047683716
2015-06-21 18:00:00,0,14.5,121.0,0001,0.0009536743
2015-06-21 21:00:00,0,14.5,121.0,0001,0.2655983
2015-06-22 00:00:00,0,14.5,121.0,0001,0.01001358
2015-06-22 03:00:00,0,14.5,121.0,0001,0.4734993
2015-06-22 06:00:00,0,14.5,121.0,0001,0.038146973
2015-06-22 09:00:00,0,14.5,121.0,0001,0.10585785
2015-06-22 12:00:00,0,14.5,121.0,0001,0.018119812
2015-06-22 15:00:00,0,14.5,121.0,0001,0.017166138
2015-06-22 18:00:00,0,14.5,121.0,0001,0.041007996
2015-06-22 21:00:00,0,14.5,121.0,0001,0.07724762
2015-06-23 00:00:00,0,14.5,121.0,0001,0.08392334
2015-06-23 03:00:00,0,14.5,121.0,0001,0.031471252
2015-06-23 06:00:00,0,14.5,121.0,0001,0.15592575
2015-06-23 09:00:00,0,14.5,121.0,0001,0.011920929
2015-06-23 12:00:00,0,14.5,121.0,0001,0.0038146973
2015-06-23 15:00:00,0,14.5,121.0,0001,0.027656555
2015-06-23 18:00:00,0,14.5,121.0,0001,0.0009536743
2015-06-23 21:00:00,0,14.5,121.0,0001,0.2641678
2015-06-24 00:00:00,0,14.5,121.0,0001,0.030994415
2015-06-24 03:00:00,0,14.5,121.0,0001,0.013828278
2015-06-24 06:00:00,0,14.5,121.0,0001,0.08440018
2015-06-24 09:00:00,0,14.5,121.0,0001,0.009536743
2015-06-24 12:00:00,0,14.5,121.0,0001,0.9622574
2015-06-24 15:00:00,0,14.5,121.0,0001,0.14305115
2015-06-24 18:00:00,0,14.5,121.0,0001,0.005722046
2015-06-24 21:00:00,0,14.5,121.0,0001,3.1614304
2015-06-25 00:00:00,0,14.5,121.0,0001,0.0023841858
2015-06-25 03:00:00,0,14.5,121.0,0001,0.02336502
2015-06-25 06:00:00,0,14.5,121.0,0001,0.071525574
2015-06-25 09:00:00,0,14.5,121.0,0001,0.18596649
2015-06-25 12:00:00,0,14.5,121.0,0001,0.01335144
2015-06-25 15:00:00,0,14.5,121.0,0001,0.0667572
2015-06-25 18:00:00,0,14.5,121.0,0001,0.014305115
2015-06-25 21:00:00,0,14.5,121.0,0001,0.02002716
2015-06-26 00:00:00,0,14.5,121.0,0001,0.060081482
2015-06-26 03:00:00,0,14.5,121.0,0001,0.11634827
2015-06-26 06:00:00,0,14.5,121.0,0001,0.0076293945
2015-06-26 09:00:00,0,14.5,121.0,0001,0.084877014
2015-06-26 12:00:00,0,14.5,121.0,0001,0.0052452087
2015-06-26 15:00:00,0,14.5,121.0,0001,0.2632141
2015-06-26 18:00:00,0,14.5,121.0,0001,0.08201599
2015-06-26 21:00:00,0,14.5,121.0,0001,0.0
2015-06-27 00:00:00,0,14.5,121.0,0001,0.0019073486
2015-06-27 03:00:00,0,14.5,121.0,0001,0.104904175
2015-06-27 06:00:00,0,14.5,121.0,0001,0.19407272
2015-06-27 09:00:00,0,14.5,121.0,0001,0.19741058
2015-06-27 12:00:00,0,14.5,121.0,0001,0.0
2015-06-27 15:00:00,0,14.5,121.0,0001,0.0
2015-06-27 18:00:00,0,14.5,121.0,0001,0.014305115
2015-06-27 21:00:00,0,14.5,121.0,0001,0.0038146973
2015-06-28 00:00:00,0,14.5,121.0,0001,0.002861023
2015-06-28 03:00:00,0,14.5,121.0,0001,0.04386902
2015-06-28 06:00:00,0,14.5,121.0,0001,0.1244545
2015-06-28 09:00:00,0,14.5,121.0,0001,0.019073486
2015-06-28 12:00:00,0,14.5,121.0,0001,0.039100647
2015-06-28 15:00:00,0,14.5,121.0,0001,0.032424927
2015-06-28 18:00:00,0,14.5,121.0,0001,0.09775162
2015-06-28 21:00:00,0,14.5,121.0,0001,0.37240982
2015-06-29 00:00:00,0,14.5,121.0,0001,0.116825104
2015-06-29 03:00:00,0,14.5,121.0,0001,0.08678436
2015-06-29 06:00:00,0,14.5,121.0,0001,0.07200241
2015-06-29 09:00:00,0,14.5,121.0,0001,0.089645386
2015-06-29 12:00:00,0,14.5,121.0,0001,0.521183
2015-06-29 15:00:00,0,14.5,121.0,0001,0.2837181
2015-06-29 18:00:00,0,14.5,121.0,0001,0.33855438
2015-06-29 21:00:00,0,14.5,121.0,0001,0.055789948
2015-06-30 00:00:00,0,14.5,121.0,0001,0.012397766
2015-06-30 03:00:00,0,14.5,121.0,0001,0.049591064
2015-06-30 06:00:00,0,14.5,121.0,0001,0.16784668
2015-06-30 09:00:00,0,14.5,121.0,0001,0.04005432
2015-06-30 12:00:00,0,14.5,121.0,0001,0.07867813
2015-06-30 15:00:00,0,14.5,121.0,0001,0.73957443
2015-06-30 18:00:00,0,14.5,121.0,0001,0.06055832
2015-06-30 21:00:00,0,14.5,121.0,0001,0.054836273
2015-07-01 00:00:00,0,14.5,121.0,0001,0.047683716
2015-07-01 03:00:00,0,14.5,121.0,0001,0.079631805
2015-07-01 06:00:00,0,14.5,121.0,0001,0.17499924
2015-07-01 09:00:00,0,14.5,121.0,0001,0.5092621
2015-07-01 12:00:00,0,14.5,121.0,0001,0.10967255
2015-07-01 15:00:00,0,14.5,121.0,0001,0.16498566
2015-07-01 18:00:00,0,14.5,121.0,0001,0.017166138
2015-07-01 21:00:00,0,14.5,121.0,0001,0.03194809
2015-07-02 00:00:00,0,14.5,121.0,0001,0.009059906
2015-07-02 03:00:00,0,14.5,121.0,0001,0.10728836
2015-07-02 06:00:00,0,14.5,121.0,0001,0.26082993
2015-07-02 09:00:00,0,14.5,121.0,0001,0.14066696
2015-07-02 12:00:00,0,14.5,121.0,0001,0.08010864
2015-07-02 15:00:00,0,14.5,121.0,0001,0.16880035
2015-07-02 18:00:00,0,14.5,121.0,0001,0.048160553
2015-07-02 21:00:00,0,14.5,121.0,0001,0.002861023
2015-07-03 00:00:00,0,14.5,121.0,0001,0.0047683716
2015-07-03 03:00:00,0,14.5,121.0,0001,0.10919571
2015-07-03 06:00:00,0,14.5,121.0,0001,0.207901
2015-07-03 09:00:00,0,14.5,121.0,0001,0.124931335
2015-07-03 12:00:00,0,14.5,121.0,0001,0.17356873
2015-07-03 15:00:00,0,14.5,121.0,0001,0.29468536
2015-07-03 18:00:00,0,14.5,121.0,0001,0.27370453
2015-07-03 21:00:00,0,14.5,121.0,0001,0.045776367
2015-07-04 00:00:00,0,14.5,121.0,0001,0.207901
2015-07-04 03:00:00,0,14.5,121.0,0001,0.22792816
2015-07-04 06:00:00,0,14.5,121.0,0001,0.25749207
2015-07-04 09:00:00,0,14.5,121.0,0001,0.24461746
2015-07-04 12:00:00,0,14.5,121.0,0001,0.22315979
2015-07-04 15:00:00,0,14.5,121.0,0001,0.46157837
2015-07-04 18:00:00,0,14.5,121.0,0001,0.20980835
2015-07-04 21:00:00,0,14.5,121.0,0001,0.5054474
2015-07-05 00:00:00,0,14.5,121.0,0001,0.83494186
2015-07-05 03:00:00,0,14.5,121.0,0001,1.6736984
2015-07-05 06:00:00,0,14.5,121.0,0001,0.6275177
2015-07-05 09:00:00,0,14.5,121.0,0001,2.7456284
2015-07-05 12:00:00,0,14.5,121.0,0001,0.7967949
2015-07-05 15:00:00,0,14.5,121.0,0001,0.831604
2015-07-05 18:00:00,0,14.5,121.0,0001,0.31614304
2015-07-05 21:00:00,0,14.5,121.0,0001,0.63991547
2015-07-06 00:00:00,0,14.5,121.0,0001,1.1968613
2015-07-06 03:00:00,0,14.5,121.0,0001,0.5531311
2015-07-06 06:00:00,0,14.5,121.0,0001,0.45967102
2015-07-06 09:00:00,0,14.5,121.0,0001,0.2632141
2015-07-06 12:00:00,0,14.5,121.0,0001,0.54073334
2015-07-06 15:00:00,0,14.5,121.0,0001,0.0705719
2015-07-06 18:00:00,0,14.5,121.0,0001,0.18978119
2015-07-06 21:00:00,0,14.5,121.0,0001,0.5836487
2015-07-07 00:00:00,0,14.5,121.0,0001,0.22172928
2015-07-07 03:00:00,0,14.5,121.0,0001,0.41675568
2015-07-07 06:00:00,0,14.5,121.0,0001,0.4005432
2015-07-07 09:00:00,0,14.5,121.0,0001,0.3657341
2015-07-07 12:00:00,0,14.5,121.0,0001,0.24175644
2015-07-07 15:00:00,0,14.5,121.0,0001,0.22029877
2015-07-07 18:00:00,0,14.5,121.0,0001,0.3786087
2015-07-07 21:00:00,0,14.5,121.0,0001,0.12254715
2015-07-08 00:00:00,0,14.5,121.0,0001,0.24795532
2015-07-08 03:00:00,0,14.5,121.0,0001,0.2527237
2015-07-08 06:00:00,0,14.5,121.0,0001,0.4620552
2015-07-08 09:00:00,0,14.5,121.0,0001,0.5455017
2015-07-08 12:00:00,0,14.5,121.0,0001,0.57697296
2015-07-08 15:00:00,0,14.5,121.0,0001,0.24414062
2015-07-08 18:00:00,0,14.5,121.0,0001,0.49114227
2015-07-08 21:00:00,0,14.5,121.0,0001,0.9021759
2015-07-09 00:00:00,0,14.5,121.0,0001,0.64468384
2015-07-09 03:00:00,0,14.5,121.0,0001,0.95176697
2015-07-09 06:00:00,0,14.5,121.0,0001,1.8444061
2015-07-09 09:00:00,0,14.5,121.0,0001,3.6582947
2015-07-09 12:00:00,0,14.5,121.0,0001,1.5406609
2015-07-09 15:00:00,0,14.5,121.0,0001,0.9932518
2015-07-09 18:00:00,0,14.5,121.0,0001,1.2359619
2015-07-09 21:00:00,0,14.5,121.0,0001,0.68187714
2015-07-10 00:00:00,0,14.5,121.0,0001,0.916481
2015-07-10 03:00:00,0,14.5,121.0,0001,1.4243126
2015-07-10 06:00:00,0,14.5,121.0,0001,0.8134842
2015-07-10 09:00:00,0,14.5,121.0,0001,1.5201569
2015-07-10 12:00:00,0,14.5,121.0,0001,1.6703606
2015-07-10 15:00:00,0,14.5,121.0,0001,0.50258636
2015-07-10 18:00:00,0,14.5,121.0,0001,0.3809929
2015-07-10 21:00:00,0,14.5,121.0,0001,0.2951622
2015-07-11 00:00:00,0,14.5,121.0,0001,0.33950806
2015-07-11 03:00:00,0,14.5,121.0,0001,0.53071976
2015-07-11 06:00:00,0,14.5,121.0,0001,0.58174133
2015-07-11 09:00:00,0,14.5,121.0,0001,0.4386902
2015-07-11 12:00:00,0,14.5,121.0,0001,0.26273727
2015-07-11 15:00:00,0,14.5,121.0,0001,0.17261505
2015-07-11 18:00:00,0,14.5,121.0,0001,0.27132034
2015-07-11 21:00:00,0,14.5,121.0,0001,0.15449524
2015-07-12 00:00:00,0,14.5,121.0,0001,0.2169609
2015-07-12 03:00:00,0,14.5,121.0,0001,0.5712509
2015-07-12 06:00:00,0,14.5,121.0,0001,0.49448013
2015-07-12 09:00:00,0,14.5,121.0,0001,0.16784668
2015-07-12 12:00:00,0,14.5,121.0,0001,0.11539459
2015-07-12 15:00:00,0,14.5,121.0,0001,0.23937225
2015-07-12 18:00:00,0,14.5,121.0,0001,0.19264221
2015-07-12 21:00:00,0,14.5,121.0,0001,0.22935867
2015-07-13 00:00:00,0,14.5,121.0,0001,0.069618225
2015-07-13 03:00:00,0,14.5,121.0,0001,0.13065338
2015-07-13 06:00:00,0,14.5,121.0,0001,0.08010864
2015-07-13 09:00:00,0,14.5,121.0,0001,0.041007996
2015-07-13 12:00:00,0,14.5,121.0,0001,0.06341934
2015-07-13 15:00:00,0,14.5,121.0,0001,0.09012222
2015-07-13 18:00:00,0,14.5,121.0,0001,0.124931335
2015-07-13 21:00:00,0,14.5,121.0,0001,0.1654625
2015-07-14 00:00:00,0,14.5,121.0,0001,0.047683716
2015-07-14 03:00:00,0,14.5,121.0,0001,0.11730194
2015-07-14 06:00:00,0,14.5,121.0,0001,0.40006638
2015-07-14 09:00:00,0,14.5,121.0,0001,0.054359436
2015-07-14 12:00:00,0,14.5,121.0,0001,0.03671646
2015-07-14 15:00:00,0,14.5,121.0,0001,0.078201294
2015-07-14 18:00:00,0,14.5,121.0,0001,0.05865097
2015-07-14 21:00:00,0,14.5,121.0,0001,0.12588501
2015-07-15 00:00:00,0,14.5,121.0,0001,0.121593475
2015-07-15 03:00:00,0,14.5,121.0,0001,0.12588501
2015-07-15 06:00:00,0,14.5,121.0,0001,0.12779236
2015-07-15 09:00:00,0,14.5,121.0,0001,0.03671646
2015-07-15 12:00:00,0,14.5,121.0,0001,0.044345856
2015-07-15 15:00:00,0,14.5,121.0,0001,0.06532669
2015-07-15 18:00:00,0,14.5,121.0,0001,0.16880035
2015-07-15 21:00:00,0,14.5,121.0,0001,0.09393692
2015-07-16 00:00:00,0,14.5,121.0,0001,0.06866455
2015-07-16 03:00:00,0,14.5,121.0,0001,0.07867813
2015-07-16 06:00:00,0,14.5,121.0,0001,0.6608963
2015-07-16 09:00:00,0,14.5,121.0,0001,0.21409988
2015-07-16 12:00:00,0,14.5,121.0,0001,0.17261505
2015-07-16 15:00:00,0,14.5,121.0,0001,0.4310608
2015-07-16 18:00:00,0,14.5,121.0,0001,0.19311905
2015-07-16 21:00:00,0,14.5,121.0,0001,0.10967255
2015-07-17 00:00:00,0,14.5,121.0,0001,0.1449585
2015-07-17 03:00:00,0,14.5,121.0,0001,0.4711151
2015-07-17 06:00:00,0,14.5,121.0,0001,0.2808571
2015-07-17 09:00:00,0,14.5,121.0,0001,0.3604889
2015-07-17 12:00:00,0,14.5,121.0,0001,0.3914833
2015-07-17 15:00:00,0,14.5,121.0,0001,0.27561188
2015-07-17 18:00:00,0,14.5,121.0,0001,0.30612946
2015-07-17 21:00:00,0,14.5,121.0,0001,0.40721893
2015-07-18 00:00:00,0,14.5,121.0,0001,0.39625168
2015-07-18 03:00:00,0,14.5,121.0,0001,0.25081635
2015-07-18 06:00:00,0,14.5,121.0,0001,0.016212463
2015-07-18 09:00:00,0,14.5,121.0,0001,0.021457672
2015-07-18 12:00:00,0,14.5,121.0,0001,0.00047683716
2015-07-18 15:00:00,0,14.5,121.0,0001,0.0023841858
2015-07-18 18:00:00,0,14.5,121.0,0001,0.00047683716
2015-07-18 21:00:00,0,14.5,121.0,0001,0.0
2015-07-19 00:00:00,0,14.5,121.0,0001,0.0
2015-07-19 03:00:00,0,14.5,121.0,0001,0.018119812
2015-07-19 06:00:00,0,14.5,121.0,0001,0.012874603
2015-07-19 09:00:00,0,14.5,121.0,0001,0.0
2015-07-19 12:00:00,0,14.5,121.0,0001,0.0
2015-07-19 15:00:00,0,14.5,121.0,0001,0.0
2015-07-19 18:00:00,0,14.5,121.0,0001,0.0
2015-07-19 21:00:00,0,14.5,121.0,0001,0.0
2015-07-20 00:00:00,0,14.5,121.0,0001,0.00047683716
2015-07-20 03:00:00,0,14.5,121.0,0001,0.04673004
2015-07-20 06:00:00,0,14.5,121.0,0001,0.012397766
2015-07-20 09:00:00,0,14.5,121.0,0001,0.0014305115
2015-07-20 12:00:00,0,14.5,121.0,0001,0.0
2015-07-20 15:00:00,0,14.5,121.0,0001,0.0
2015-07-20 18:00:00,0,14.5,121.0,0001,0.0
2015-07-20 21:00:00,0,14.5,121.0,0001,0.0019073486
2015-07-21 00:00:00,0,14.5,121.0,0001,0.00333786
2015-07-21 03:00:00,0,14.5,121.0,0001,0.04529953
2015-07-21 06:00:00,0,14.5,121.0,0001,0.016212463
2015-07-21 09:00:00,0,14.5,121.0,0001,0.0
2015-07-21 12:00:00,0,14.5,121.0,0001,0.0
2015-07-21 15:00:00,0,14.5,121.0,0001,0.0
2015-07-21 18:00:00,0,14.5,121.0,0001,0.05054474
2015-07-21 21:00:00,0,14.5,121.0,0001,0.005722046
2015-07-22 00:00:00,0,14.5,121.0,0001,0.1835823
2015-07-22 03:00:00,0,14.5,121.0,0001,0.25129318
2015-07-22 06:00:00,0,14.5,121.0,0001,0.2875328
2015-07-22 09:00:00,0,14.5,121.0,0001,0.10347366
2015-07-22 12:00:00,0,14.5,121.0,0001,0.011920929
2015-07-22 15:00:00,0,14.5,121.0,0001,0.018119812
2015-07-22 18:00:00,0,14.5,121.0,0001,0.01335144
2015-07-22 21:00:00,0,14.5,121.0,0001,0.00047683716
2015-07-23 00:00:00,0,14.5,121.0,0001,0.0
2015-07-23 03:00:00,0,14.5,121.0,0001,0.0014305115
2015-07-23 06:00:00,0,14.5,121.0,0001,0.0
2015-07-23 09:00:00,0,14.5,121.0,0001,0.0014305115
2015-07-23 12:00:00,0,14.5,121.0,0001,0.11062622
2015-07-23 15:00:00,0,14.5,121.0,0001,0.13256073
2015-07-23 18:00:00,0,14.5,121.0,0001,0.047683716
2015-07-23 21:00:00,0,14.5,121.0,0001,0.072956085
2015-07-24 00:00:00,0,14.5,121.0,0001,0.061035156
2015-07-24 03:00:00,0,14.5,121.0,0001,0.072956085
2015-07-24 06:00:00,0,14.5,121.0,0001,0.029087067
2015-07-24 09:00:00,0,14.5,121.0,0001,2.837181
2015-07-24 12:00:00,0,14.5,121.0,0001,0.0538826
2015-07-24 15:00:00,0,14.5,121.0,0001,0.0038146973
2015-07-24 18:00:00,0,14.5,121.0,0001,0.024795532
2015-07-24 21:00:00,0,14.5,121.0,0001,0.019073486
2015-07-25 00:00:00,0,14.5,121.0,0001,0.061511993
2015-07-25 03:00:00,0,14.5,121.0,0001,0.05197525
2015-07-25 06:00:00,0,14.5,121.0,0001,0.16498566
2015-07-25 09:00:00,0,14.5,121.0,0001,0.08678436
2015-07-25 12:00:00,0,14.5,121.0,0001,0.7238388
2015-07-25 15:00:00,0,14.5,121.0,0001,0.0
2015-07-25 18:00:00,0,14.5,121.0,0001,0.0009536743
2015-07-25 21:00:00,0,14.5,121.0,0001,0.0
2015-07-26 00:00:00,0,14.5,121.0,0001,0.06389618
2015-07-26 03:00:00,0,14.5,121.0,0001,0.06771088
2015-07-26 06:00:00,0,14.5,121.0,0001,0.014781952
2015-07-26 09:00:00,0,14.5,121.0,0001,0.18548965
2015-07-26 12:00:00,0,14.5,121.0,0001,1.5439987
2015-07-26 15:00:00,0,14.5,121.0,0001,0.14686584
2015-07-26 18:00:00,0,14.5,121.0,0001,0.0038146973
2015-07-26 21:00:00,0,14.5,121.0,0001,0.01859665
2015-07-27 00:00:00,0,14.5,121.0,0001,0.044345856
2015-07-27 03:00:00,0,14.5,121.0,0001,0.13685226
2015-07-27 06:00:00,0,14.5,121.0,0001,1.7647743
2015-07-27 09:00:00,0,14.5,121.0,0001,0.49304962
2015-07-27 12:00:00,0,14.5,121.0,0001,0.024795532
2015-07-27 15:00:00,0,14.5,121.0,0001,0.008583069
2015-07-27 18:00:00,0,14.5,121.0,0001,0.009536743
2015-07-27 21:00:00,0,14.5,121.0,0001,0.04673004
2015-07-28 00:00:00,0,14.5,121.0,0001,0.0667572
2015-07-28 03:00:00,0,14.5,121.0,0001,0.14781952
2015-07-28 06:00:00,0,14.5,121.0,0001,0.071525574
2015-07-28 09:00:00,0,14.5,121.0,0001,0.12922287
2015-07-28 12:00:00,0,14.5,121.0,0001,0.0
2015-07-28 15:00:00,0,14.5,121.0,0001,0.05340576
2015-07-28 18:00:00,0,14.5,121.0,0001,0.057697296
2015-07-28 21:00:00,0,14.5,121.0,0001,0.022888184
2015-07-29 00:00:00,0,14.5,121.0,0001,0.0023841858
2015-07-29 03:00:00,0,14.5,121.0,0001,0.044822693
2015-07-29 06:00:00,0,14.5,121.0,0001,0.03194809
2015-07-29 09:00:00,0,14.5,121.0,0001,0.17929077
2015-07-29 12:00:00,0,14.5,121.0,0001,0.005722046
2015-07-29 15:00:00,0,14.5,121.0,0001,0.0
2015-07-29 18:00:00,0,14.5,121.0,0001,0.0038146973
2015-07-29 21:00:00,0,14.5,121.0,0001,0.038146973
2015-07-30 00:00:00,0,14.5,121.0,0001,0.009536743
2015-07-30 03:00:00,0,14.5,121.0,0001,0.06437302
2015-07-30 06:00:00,0,14.5,121.0,0001,0.018119812
2015-07-30 09:00:00,0,14.5,121.0,0001,1.3375282
2015-07-30 12:00:00,0,14.5,121.0,0001,0.006198883
2015-07-30 15:00:00,0,14.5,121.0,0001,0.07247925
2015-07-30 18:00:00,0,14.5,121.0,0001,0.024795532
2015-07-30 21:00:00,0,14.5,121.0,0001,0.032424927
2015-07-31 00:00:00,0,14.5,121.0,0001,0.028133392
2015-07-31 03:00:00,0,14.5,121.0,0001,0.09918213
2015-07-31 06:00:00,0,14.5,121.0,0001,0.016212463
2015-07-31 09:00:00,0,14.5,121.0,0001,0.0
2015-07-31 12:00:00,0,14.5,121.0,0001,0.0
2015-07-31 15:00:00,0,14.5,121.0,0001,0.0
2015-07-31 18:00:00,0,14.5,121.0,0001,0.0023841858
2015-07-31 21:00:00,0,14.5,121.0,0001,0.0
2015-08-01 00:00:00,0,14.5,121.0,0001,0.00667572
2015-08-01 03:00:00,0,14.5,121.0,0001,0.066280365
2015-08-01 06:00:00,0,14.5,121.0,0001,0.59461594
2015-08-01 09:00:00,0,14.5,121.0,0001,3.7093163
2015-08-01 12:00:00,0,14.5,121.0,0001,0.05531311
2015-08-01 15:00:00,0,14.5,121.0,0001,0.04863739
2015-08-01 18:00:00,0,14.5,121.0,0001,0.5583763
2015-08-01 21:00:00,0,14.5,121.0,0001,0.2965927
2015-08-02 00:00:00,0,14.5,121.0,0001,0.21839142
2015-08-02 03:00:00,0,14.5,121.0,0001,0.23937225
2015-08-02 06:00:00,0,14.5,121.0,0001,0.18548965
2015-08-02 09:00:00,0,14.5,121.0,0001,2.1710396
2015-08-02 12:00:00,0,14.5,121.0,0001,0.009059906
2015-08-02 15:00:00,0,14.5,121.0,0001,0.16117096
2015-08-02 18:00:00,0,14.5,121.0,0001,0.02336502
2015-08-02 21:00:00,0,14.5,121.0,0001,0.019550323
2015-08-03 00:00:00,0,14.5,121.0,0001,0.116825104
2015-08-03 03:00:00,0,14.5,121.0,0001,0.2541542
2015-08-03 06:00:00,0,14.5,121.0,0001,0.07677078
2015-08-03 09:00:00,0,14.5,121.0,0001,0.09250641
2015-08-03 12:00:00,0,14.5,121.0,0001,0.0
2015-08-03 15:00:00,0,14.5,121.0,0001,0.020980835
2015-08-03 18:00:00,0,14.5,121.0,0001,0.060081482
2015-08-03 21:00:00,0,14.5,121.0,0001,0.018119812
2015-08-04 00:00:00,0,14.5,121.0,0001,0.042438507
2015-08-04 03:00:00,0,14.5,121.0,0001,0.123500824
2015-08-04 06:00:00,0,14.5,121.0,0001,0.027656555
2015-08-04 09:00:00,0,14.5,121.0,0001,0.0009536743
2015-08-04 12:00:00,0,14.5,121.0,0001,0.01001358
2015-08-04 15:00:00,0,14.5,121.0,0001,0.3786087
2015-08-04 18:00:00,0,14.5,121.0,0001,0.18167496
2015-08-04 21:00:00,0,14.5,121.0,0001,0.02861023
2015-08-05 00:00:00,0,14.5,121.0,0001,0.16975403
2015-08-05 03:00:00,0,14.5,121.0,0001,0.037670135
2015-08-05 06:00:00,0,14.5,121.0,0001,0.0023841858
2015-08-05 09:00:00,0,14.5,121.0,0001,0.15163422
2015-08-05 12:00:00,0,14.5,121.0,0001,0.21648407
2015-08-05 15:00:00,0,14.5,121.0,0001,0.12302399
2015-08-05 18:00:00,0,14.5,121.0,0001,0.28133392
2015-08-05 21:00:00,0,14.5,121.0,0001,0.24318695
2015-08-06 00:00:00,0,14.5,121.0,0001,0.059127808
2015-08-06 03:00:00,0,14.5,121.0,0001,0.024795532
2015-08-06 06:00:00,0,14.5,121.0,0001,0.02527237
2015-08-06 09:00:00,0,14.5,121.0,0001,0.37622452
2015-08-06 12:00:00,0,14.5,121.0,0001,0.18501282
2015-08-06 15:00:00,0,14.5,121.0,0001,0.1335144
2015-08-06 18:00:00,0,14.5,121.0,0001,0.04386902
2015-08-06 21:00:00,0,14.5,121.0,0001,0.056266785
2015-08-07 00:00:00,0,14.5,121.0,0001,0.124931335
2015-08-07 03:00:00,0,14.5,121.0,0001,0.2632141
2015-08-07 06:00:00,0,14.5,121.0,0001,0.12207031
2015-08-07 09:00:00,0,14.5,121.0,0001,0.054836273
2015-08-07 12:00:00,0,14.5,121.0,0001,0.10442734
2015-08-07 15:00:00,0,14.5,121.0,0001,0.15544891
2015-08-07 18:00:00,0,14.5,121.0,0001,0.16450882
2015-08-07 21:00:00,0,14.5,121.0,0001,0.12588501
2015-08-08 00:00:00,0,14.5,121.0,0001,0.21266937
2015-08-08 03:00:00,0,14.5,121.0,0001,0.16403198
2015-08-08 06:00:00,0,14.5,121.0,0001,0.11873245
2015-08-08 09:00:00,0,14.5,121.0,0001,0.16260147
2015-08-08 12:00:00,0,14.5,121.0,0001,0.05722046
2015-08-08 15:00:00,0,14.5,121.0,0001,0.1654625
2015-08-08 18:00:00,0,14.5,121.0,0001,0.07200241
2015-08-08 21:00:00,0,14.5,121.0,0001,0.15640259
2015-08-09 00:00:00,0,14.5,121.0,0001,0.23269653
2015-08-09 03:00:00,0,14.5,121.0,0001,0.46014786
2015-08-09 06:00:00,0,14.5,121.0,0001,0.14066696
2015-08-09 09:00:00,0,14.5,121.0,0001,0.2861023
2015-08-09 12:00:00,0,14.5,121.0,0001,0.11110306
2015-08-09 15:00:00,0,14.5,121.0,0001,0.07724762
2015-08-09 18:00:00,0,14.5,121.0,0001,0.0834465
2015-08-09 21:00:00,0,14.5,121.0,0001,0.0667572
2015-08-10 00:00:00,0,14.5,121.0,0001,0.14209747
2015-08-10 03:00:00,0,14.5,121.0,0001,1.9130707
2015-08-10 06:00:00,0,14.5,121.0,0001,0.23889542
2015-08-10 09:00:00,0,14.5,121.0,0001,0.039100647
2015-08-10 12:00:00,0,14.5,121.0,0001,0.009059906
2015-08-10 15:00:00,0,14.5,121.0,0001,0.0019073486
2015-08-10 18:00:00,0,14.5,121.0,0001,0.0019073486
2015-08-10 21:00:00,0,14.5,121.0,0001,0.5016327
2015-08-11 00:00:00,0,14.5,121.0,0001,0.0
2015-08-11 03:00:00,0,14.5,121.0,0001,0.07390976
2015-08-11 06:00:00,0,14.5,121.0,0001,0.91028214
2015-08-11 09:00:00,0,14.5,121.0,0001,2.1424294
2015-08-11 12:00:00,0,14.5,121.0,0001,1.1997223
2015-08-11 15:00:00,0,14.5,121.0,0001,0.2412796
2015-08-11 18:00:00,0,14.5,121.0,0001,0.0
2015-08-11 21:00:00,0,14.5,121.0,0001,0.09250641
2015-08-12 00:00:00,0,14.5,121.0,0001,0.04196167
2015-08-12 03:00:00,0,14.5,121.0,0001,0.1616478
2015-08-12 06:00:00,0,14.5,121.0,0001,0.16593933
2015-08-12 09:00:00,0,14.5,121.0,0001,0.76007843
2015-08-12 12:00:00,0,14.5,121.0,0001,0.012397766
2015-08-12 15:00:00,0,14.5,121.0,0001,0.0
2015-08-12 18:00:00,0,14.5,121.0,0001,0.011444092
2015-08-12 21:00:00,0,14.5,121.0,0001,0.15354156
2015-08-13 00:00:00,0,14.5,121.0,0001,0.0009536743
2015-08-13 03:00:00,0,14.5,121.0,0001,0.07915497
2015-08-13 06:00:00,0,14.5,121.0,0001,0.1745224
2015-08-13 09:00:00,0,14.5,121.0,0001,4.550457
2015-08-13 12:00:00,0,14.5,121.0,0001,0.04386902
2015-08-13 15:00:00,0,14.5,121.0,0001,0.9050369
2015-08-13 18:00:00,0,14.5,121.0,0001,0.45776367
2015-08-13 21:00:00,0,14.5,121.0,0001,0.09012222
2015-08-14 00:00:00,0,14.5,121.0,0001,0.0
2015-08-14 03:00:00,0,14.5,121.0,0001,0.18167496
2015-08-14 06:00:00,0,14.5,121.0,0001,0.030994415
2015-08-14 09:00:00,0,14.5,121.0,0001,0.03194809
2015-08-14 12:00:00,0,14.5,121.0,0001,0.041007996
2015-08-14 15:00:00,0,14.5,121.0,0001,0.0
2015-08-14 18:00:00,0,14.5,121.0,0001,0.0009536743
2015-08-14 21:00:00,0,14.5,121.0,0001,0.0014305115
2015-08-15 00:00:00,0,14.5,121.0,0001,0.018119812
2015-08-15 03:00:00,0,14.5,121.0,0001,0.048160553
2015-08-15 06:00:00,0,14.5,121.0,0001,0.31852722
2015-08-15 09:00:00,0,14.5,121.0,0001,0.0538826
2015-08-15 12:00:00,0,14.5,121.0,0001,0.19788742
2015-08-15 15:00:00,0,14.5,121.0,0001,0.40531158
2015-08-15 18:00:00,0,14.5,121.0,0001,0.0019073486
2015-08-15 21:00:00,0,14.5,121.0,0001,0.0
2015-08-16 00:00:00,0,14.5,121.0,0001,0.0
2015-08-16 03:00:00,0,14.5,121.0,0001,0.012874603
2015-08-16 06:00:00,0,14.5,121.0,0001,0.030517578
2015-08-16 09:00:00,0,14.5,121.0,0001,0.24557114
2015-08-16 12:00:00,0,14.5,121.0,0001,1.0070801
2015-08-16 15:00:00,0,14.5,121.0,0001,0.0
2015-08-16 18:00:00,0,14.5,121.0,0001,0.0
2015-08-16 21:00:00,0,14.5,121.0,0001,0.0
2015-08-17 00:00:00,0,14.5,121.0,0001,0.018119812
2015-08-17 03:00:00,0,14.5,121.0,0001,0.091552734
2015-08-17 06:00:00,0,14.5,121.0,0001,0.04863739
2015-08-17 09:00:00,0,14.5,121.0,0001,0.0104904175
2015-08-17 12:00:00,0,14.5,121.0,0001,0.012397766
2015-08-17 15:00:00,0,14.5,121.0,0001,0.027656555
2015-08-17 18:00:00,0,14.5,121.0,0001,0.014305115
2015-08-17 21:00:00,0,14.5,121.0,0001,0.05531311
2015-08-18 00:00:00,0,14.5,121.0,0001,0.10967255
2015-08-18 03:00:00,0,14.5,121.0,0001,0.024318695
2015-08-18 06:00:00,0,14.5,121.0,0001,0.013828278
2015-08-18 09:00:00,0,14.5,121.0,0001,0.16403198
2015-08-18 12:00:00,0,14.5,121.0,0001,0.0038146973
2015-08-18 15:00:00,0,14.5,121.0,0001,0.0
2015-08-18 18:00:00,0,14.5,121.0,0001,0.09059906
2015-08-18 21:00:00,0,14.5,121.0,0001,0.009059906
2015-08-19 00:00:00,0,14.5,121.0,0001,0.02193451
2015-08-19 03:00:00,0,14.5,121.0,0001,0.06341934
2015-08-19 06:00:00,0,14.5,121.0,0001,0.18024445
2015-08-19 09:00:00,0,14.5,121.0,0001,0.17547607
2015-08-19 12:00:00,0,14.5,121.0,0001,0.47302246
2015-08-19 15:00:00,0,14.5,121.0,0001,0.030040741
2015-08-19 18:00:00,0,14.5,121.0,0001,0.10633469
2015-08-19 21:00:00,0,14.5,121.0,0001,0.6532669
2015-08-20 00:00:00,0,14.5,121.0,0001,0.09584427
2015-08-20 03:00:00,0,14.5,121.0,0001,1.1796951
2015-08-20 06:00:00,0,14.5,121.0,0001,0.17642975
2015-08-20 09:00:00,0,14.5,121.0,0001,0.59604645
2015-08-20 12:00:00,0,14.5,121.0,0001,0.0705719
2015-08-20 15:00:00,0,14.5,121.0,0001,0.7457733
2015-08-20 18:00:00,0,14.5,121.0,0001,0.28896332
2015-08-20 21:00:00,0,14.5,121.0,0001,0.124931335
2015-08-21 00:00:00,0,14.5,121.0,0001,0.4749298
2015-08-21 03:00:00,0,14.5,121.0,0001,0.4386902
2015-08-21 06:00:00,0,14.5,121.0,0001,0.5722046
2015-08-21 09:00:00,0,14.5,121.0,0001,0.25749207
2015-08-21 12:00:00,0,14.5,121.0,0001,0.6155968
2015-08-21 15:00:00,0,14.5,121.0,0001,0.48446655
2015-08-21 18:00:00,0,14.5,121.0,0001,0.5016327
2015-08-21 21:00:00,0,14.5,121.0,0001,0.97227097
2015-08-22 00:00:00,0,14.5,121.0,0001,0.94652176
2015-08-22 03:00:00,0,14.5,121.0,0001,1.6465187
2015-08-22 06:00:00,0,14.5,121.0,0001,0.9713173
2015-08-22 09:00:00,0,14.5,121.0,0001,1.1501312
2015-08-22 12:00:00,0,14.5,121.0,0001,0.6804466
2015-08-22 15:00:00,0,14.5,121.0,0001,0.32663345
2015-08-22 18:00:00,0,14.5,121.0,0001,0.8716583
2015-08-22 21:00:00,0,14.5,121.0,0001,0.57935715
2015-08-23 00:00:00,0,14.5,121.0,0001,0.2799034
2015-08-23 03:00:00,0,14.5,121.0,0001,0.3771782
2015-08-23 06:00:00,0,14.5,121.0,0001,0.5249977
2015-08-23 09:00:00,0,14.5,121.0,0001,0.3194809
2015-08-23 12:00:00,0,14.5,121.0,0001,0.14781952
2015-08-23 15:00:00,0,14.5,121.0,0001,0.538826
2015-08-23 18:00:00,0,14.5,121.0,0001,0.4005432
2015-08-23 21:00:00,0,14.5,121.0,0001,0.5812645
2015-08-24 00:00:00,0,14.5,121.0,0001,0.42772293
2015-08-24 03:00:00,0,14.5,121.0,0001,0.55885315
2015-08-24 06:00:00,0,14.5,121.0,0001,0.5874634
2015-08-24 09:00:00,0,14.5,121.0,0001,0.44822693
2015-08-24 12:00:00,0,14.5,121.0,0001,0.11634827
2015-08-24 15:00:00,0,14.5,121.0,0001,0.052452087
2015-08-24 18:00:00,0,14.5,121.0,0001,0.060081482
2015-08-24 21:00:00,0,14.5,121.0,0001,0.019073486
2015-08-25 00:00:00,0,14.5,121.0,0001,0.289917
2015-08-25 03:00:00,0,14.5,121.0,0001,0.18119812
2015-08-25 06:00:00,0,14.5,121.0,0001,0.15830994
2015-08-25 09:00:00,0,14.5,121.0,0001,0.061511993
2015-08-25 12:00:00,0,14.5,121.0,0001,0.0009536743
2015-08-25 15:00:00,0,14.5,121.0,0001,0.0009536743
2015-08-25 18:00:00,0,14.5,121.0,0001,0.069618225
2015-08-25 21:00:00,0,14.5,121.0,0001,0.00047683716
2015-08-26 00:00:00,0,14.5,121.0,0001,0.00047683716
2015-08-26 03:00:00,0,14.5,121.0,0001,0.030517578
2015-08-26 06:00:00,0,14.5,121.0,0001,0.10251999
2015-08-26 09:00:00,0,14.5,121.0,0001,0.061511993
2015-08-26 12:00:00,0,14.5,121.0,0001,0.0
2015-08-26 15:00:00,0,14.5,121.0,0001,0.0
2015-08-26 18:00:00,0,14.5,121.0,0001,0.0
2015-08-26 21:00:00,0,14.5,121.0,0001,0.0014305115
2015-08-27 00:00:00,0,14.5,121.0,0001,0.0
2015-08-27 03:00:00,0,14.5,121.0,0001,0.012397766
2015-08-27 06:00:00,0,14.5,121.0,0001,0.0
2015-08-27 09:00:00,0,14.5,121.0,0001,0.06198883
2015-08-27 12:00:00,0,14.5,121.0,0001,0.014305115
2015-08-27 15:00:00,0,14.5,121.0,0001,0.0
2015-08-27 18:00:00,0,14.5,121.0,0001,0.029563904
2015-08-27 21:00:00,0,14.5,121.0,0001,0.21982193
2015-08-28 00:00:00,0,14.5,121.0,0001,0.00047683716
2015-08-28 03:00:00,0,14.5,121.0,0001,0.123500824
2015-08-28 06:00:00,0,14.5,121.0,0001,0.15830994
2015-08-28 09:00:00,0,14.5,121.0,0001,1.540184
2015-08-28 12:00:00,0,14.5,121.0,0001,0.313282
2015-08-28 15:00:00,0,14.5,121.0,0001,0.08010864
2015-08-28 18:00:00,0,14.5,121.0,0001,0.017642975
2015-08-28 21:00:00,0,14.5,121.0,0001,0.0019073486
2015-08-29 00:00:00,0,14.5,121.0,0001,0.0014305115
2015-08-29 03:00:00,0,14.5,121.0,0001,0.016212463
2015-08-29 06:00:00,0,14.5,121.0,0001,0.08678436
2015-08-29 09:00:00,0,14.5,121.0,0001,4.5495033
2015-08-29 12:00:00,0,14.5,121.0,0001,1.2617111
2015-08-29 15:00:00,0,14.5,121.0,0001,0.82588196
2015-08-29 18:00:00,0,14.5,121.0,0001,0.21886826
2015-08-29 21:00:00,0,14.5,121.0,0001,0.09059906
2015-08-30 00:00:00,0,14.5,121.0,0001,0.08201599
2015-08-30 03:00:00,0,14.5,121.0,0001,0.015735626
2015-08-30 06:00:00,0,14.5,121.0,0001,0.012874603
2015-08-30 09:00:00,0,14.5,121.0,0001,0.060081482
2015-08-30 12:00:00,0,14.5,121.0,0001,0.047683716
2015-08-30 15:00:00,0,14.5,121.0,0001,0.008583069
2015-08-30 18:00:00,0,14.5,121.0,0001,0.0047683716
2015-08-30 21:00:00,0,14.5,121.0,0001,0.15258789
2015-08-31 00:00:00,0,14.5,121.0,0001,0.023841858
2015-08-31 03:00:00,0,14.5,121.0,0001,0.00047683716
2015-08-31 06:00:00,0,14.5,121.0,0001,0.01335144
2015-08-31 09:00:00,0,14.5,121.0,0001,0.008106232
2015-08-31 12:00:00,0,14.5,121.0,0001,0.0834465
2015-08-31 15:00:00,0,14.5,121.0,0001,0.09536743
2015-08-31 18:00:00,0,14.5,121.0,0001,0.020503998
2015-08-31 21:00:00,0,14.5,121.0,0001,0.0104904175
2015-09-01 00:00:00,0,14.5,121.0,0001,0.042915344
2015-09-01 03:00:00,0,14.5,121.0,0001,0.048160553
2015-09-01 06:00:00,0,14.5,121.0,0001,0.026226044
2015-09-01 09:00:00,0,14.5,121.0,0001,0.011444092
2015-09-01 12:00:00,0,14.5,121.0,0001,0.0038146973
2015-09-01 15:00:00,0,14.5,121.0,0001,0.0
2015-09-01 18:00:00,0,14.5,121.0,0001,0.041007996
2015-09-01 21:00:00,0,14.5,121.0,0001,0.020980835
2015-09-02 00:00:00,0,14.5,121.0,0001,0.025749207
2015-09-02 03:00:00,0,14.5,121.0,0001,0.15258789
2015-09-02 06:00:00,0,14.5,121.0,0001,0.18692017
2015-09-02 09:00:00,0,14.5,121.0,0001,0.08201599
2015-09-02 12:00:00,0,14.5,121.0,0001,0.46300888
2015-09-02 15:00:00,0,14.5,121.0,0001,0.0
2015-09-02 18:00:00,0,14.5,121.0,0001,0.019073486
2015-09-02 21:00:00,0,14.5,121.0,0001,0.0
2015-09-03 00:00:00,0,14.5,121.0,0001,0.009059906
2015-09-03 03:00:00,0,14.5,121.0,0001,0.10585785
2015-09-03 06:00:00,0,14.5,121.0,0001,0.25749207
2015-09-03 09:00:00,0,14.5,121.0,0001,0.34809113
2015-09-03 12:00:00,0,14.5,121.0,0001,0.012397766
2015-09-03 15:00:00,0,14.5,121.0,0001,0.2937317
2015-09-03 18:00:00,0,14.5,121.0,0001,0.04720688
2015-09-03 21:00:00,0,14.5,121.0,0001,0.078201294
2015-09-04 00:00:00,0,14.5,121.0,0001,0.002861023
2015-09-04 03:00:00,0,14.5,121.0,0001,0.091552734
2015-09-04 06:00:00,0,14.5,121.0,0001,0.11968613
2015-09-04 09:00:00,0,14.5,121.0,0001,0.61416626
2015-09-04 12:00:00,0,14.5,121.0,0001,0.33569336
2015-09-04 15:00:00,0,14.5,121.0,0001,0.6723404
2015-09-04 18:00:00,0,14.5,121.0,0001,0.05531311
2015-09-04 21:00:00,0,14.5,121.0,0001,0.062942505
2015-09-05 00:00:00,0,14.5,121.0,0001,0.0
2015-09-05 03:00:00,0,14.5,121.0,0001,0.08678436
2015-09-05 06:00:00,0,14.5,121.0,0001,0.05674362
2015-09-05 09:00:00,0,14.5,121.0,0001,0.67949295
2015-09-05 12:00:00,0,14.5,121.0,0001,1.1758804
2015-09-05 15:00:00,0,14.5,121.0,0001,0.12874603
2015-09-05 18:00:00,0,14.5,121.0,0001,0.0
2015-09-05 21:00:00,0,14.5,121.0,0001,0.014305115
2015-09-06 00:00:00,0,14.5,121.0,0001,0.041007996
2015-09-06 03:00:00,0,14.5,121.0,0001,0.08583069
2015-09-06 06:00:00,0,14.5,121.0,0001,0.13637543
2015-09-06 09:00:00,0,14.5,121.0,0001,0.67567825
2015-09-06 12:00:00,0,14.5,121.0,0001,0.32043457
2015-09-06 15:00:00,0,14.5,121.0,0001,0.023841858
2015-09-06 18:00:00,0,14.5,121.0,0001,0.030517578
2015-09-06 21:00:00,0,14.5,121.0,0001,0.017166138
2015-09-07 00:00:00,0,14.5,121.0,0001,0.045776367
2015-09-07 03:00:00,0,14.5,121.0,0001,0.045776367
2015-09-07 06:00:00,0,14.5,121.0,0001,0.23031235
2015-09-07 09:00:00,0,14.5,121.0,0001,0.2746582
2015-09-07 12:00:00,0,14.5,121.0,0001,0.3299713
2015-09-07 15:00:00,0,14.5,121.0,0001,0.48351288
2015-09-07 18:00:00,0,14.5,121.0,0001,0.03194809
2015-09-07 21:00:00,0,14.5,121.0,0001,0.0
2015-09-08 00:00:00,0,14.5,121.0,0001,0.104904175
2015-09-08 03:00:00,0,14.5,121.0,0001,0.051021576
2015-09-08 06:00:00,0,14.5,121.0,0001,0.09727478
2015-09-08 09:00:00,0,14.5,121.0,0001,0.19645691
2015-09-08 12:00:00,0,14.5,121.0,0001,0.02002716
2015-09-08 15:00:00,0,14.5,121.0,0001,0.0743866
2015-09-08 18:00:00,0,14.5,121.0,0001,0.051498413
2015-09-08 21:00:00,0,14.5,121.0,0001,0.07390976
2015-09-09 00:00:00,0,14.5,121.0,0001,0.06723404
2015-09-09 03:00:00,0,14.5,121.0,0001,0.15974045
2015-09-09 06:00:00,0,14.5,121.0,0001,0.2412796
2015-09-09 09:00:00,0,14.5,121.0,0001,0.021457672
2015-09-09 12:00:00,0,14.5,121.0,0001,0.09202957
2015-09-09 15:00:00,0,14.5,121.0,0001,0.25701523
2015-09-09 18:00:00,0,14.5,121.0,0001,0.019550323
2015-09-09 21:00:00,0,14.5,121.0,0001,0.4005432
2015-09-10 00:00:00,0,14.5,121.0,0001,0.0667572
2015-09-10 03:00:00,0,14.5,121.0,0001,0.5378723
2015-09-10 06:00:00,0,14.5,121.0,0001,0.38337708
2015-09-10 09:00:00,0,14.5,121.0,0001,0.13113022
2015-09-10 12:00:00,0,14.5,121.0,0001,0.6418228
2015-09-10 15:00:00,0,14.5,121.0,0001,0.09059906
2015-09-10 18:00:00,0,14.5,121.0,0001,1.033783
2015-09-10 21:00:00,0,14.5,121.0,0001,0.01335144
2015-09-11 00:00:00,0,14.5,121.0,0001,0.2670288
2015-09-11 03:00:00,0,14.5,121.0,0001,0.10538101
2015-09-11 06:00:00,0,14.5,121.0,0001,0.041484833
2015-09-11 09:00:00,0,14.5,121.0,0001,1.2183189
2015-09-11 12:00:00,0,14.5,121.0,0001,0.79345703
2015-09-11 15:00:00,0,14.5,121.0,0001,0.53071976
2015-09-11 18:00:00,0,14.5,121.0,0001,0.67949295
2015-09-11 21:00:00,0,14.5,121.0,0001,0.08869171
2015-09-12 00:00:00,0,14.5,121.0,0001,0.0014305115
2015-09-12 03:00:00,0,14.5,121.0,0001,0.08773804
2015-09-12 06:00:00,0,14.5,121.0,0001,3.127098
2015-09-12 09:00:00,0,14.5,121.0,0001,0.27370453
2015-09-12 12:00:00,0,14.5,121.0,0001,1.9340515
2015-09-12 15:00:00,0,14.5,121.0,0001,2.1944046
2015-09-12 18:00:00,0,14.5,121.0,0001,1.2407303
2015-09-12 21:00:00,0,14.5,121.0,0001,0.0047683716
2015-09-13 00:00:00,0,14.5,121.0,0001,0.0
2015-09-13 03:00:00,0,14.5,121.0,0001,0.25463104
2015-09-13 06:00:00,0,14.5,121.0,0001,2.0394325
2015-09-13 09:00:00,0,14.5,121.0,0001,1.3418198
2015-09-13 12:00:00,0,14.5,121.0,0001,2.6960373
2015-09-13 15:00:00,0,14.5,121.0,0001,0.15068054
2015-09-13 18:00:00,0,14.5,121.0,0001,0.11777878
2015-09-13 21:00:00,0,14.5,121.0,0001,0.2632141
2015-09-14 00:00:00,0,14.5,121.0,0001,0.15687943
2015-09-14 03:00:00,0,14.5,121.0,0001,0.052452087
2015-09-14 06:00:00,0,14.5,121.0,0001,1.2083054
2015-09-14 09:00:00,0,14.5,121.0,0001,0.9598732
2015-09-14 12:00:00,0,14.5,121.0,0001,0.7648468
2015-09-14 15:00:00,0,14.5,121.0,0001,0.33473969
2015-09-14 18:00:00,0,14.5,121.0,0001,0.0019073486
2015-09-14 21:00:00,0,14.5,121.0,0001,0.03194809
2015-09-15 00:00:00,0,14.5,121.0,0001,0.010967255
2015-09-15 03:00:00,0,14.5,121.0,0001,0.018119812
2015-09-15 06:00:00,0,14.5,121.0,0001,0.0
2015-09-15 09:00:00,0,14.5,121.0,0001,0.21076202
2015-09-15 12:00:00,0,14.5,121.0,0001,0.22983551
2015-09-15 15:00:00,0,14.5,121.0,0001,0.4377365
2015-09-15 18:00:00,0,14.5,121.0,0001,0.019073486
2015-09-15 21:00:00,0,14.5,121.0,0001,0.011444092
2015-09-16 00:00:00,0,14.5,121.0,0001,0.009536743
2015-09-16 03:00:00,0,14.5,121.0,0001,0.07009506
2015-09-16 06:00:00,0,14.5,121.0,0001,0.27370453
2015-09-16 09:00:00,0,14.5,121.0,0001,0.8201599
2015-09-16 12:00:00,0,14.5,121.0,0001,0.017166138
2015-09-16 15:00:00,0,14.5,121.0,0001,0.03194809
2015-09-16 18:00:00,0,14.5,121.0,0001,0.00047683716
2015-09-16 21:00:00,0,14.5,121.0,0001,0.0009536743
2015-09-17 00:00:00,0,14.5,121.0,0001,0.00047683716
2015-09-17 03:00:00,0,14.5,121.0,0001,0.048160553
2015-09-17 06:00:00,0,14.5,121.0,0001,0.54359436
2015-09-17 09:00:00,0,14.5,121.0,0001,5.846977
2015-09-17 12:00:00,0,14.5,121.0,0001,0.019550323
2015-09-17 15:00:00,0,14.5,121.0,0001,0.0
2015-09-17 18:00:00,0,14.5,121.0,0001,0.00047683716
2015-09-17 21:00:00,0,14.5,121.0,0001,0.0071525574
2015-09-18 00:00:00,0,14.5,121.0,0001,0.014781952
2015-09-18 03:00:00,0,14.5,121.0,0001,0.10871887
2015-09-18 06:00:00,0,14.5,121.0,0001,0.45251846
2015-09-18 09:00:00,0,14.5,121.0,0001,0.06580353
2015-09-18 12:00:00,0,14.5,121.0,0001,0.23031235
2015-09-18 15:00:00,0,14.5,121.0,0001,0.025749207
2015-09-18 18:00:00,0,14.5,121.0,0001,0.008583069
2015-09-18 21:00:00,0,14.5,121.0,0001,0.0
2015-09-19 00:00:00,0,14.5,121.0,0001,0.0019073486
2015-09-19 03:00:00,0,14.5,121.0,0001,0.07915497
2015-09-19 06:00:00,0,14.5,121.0,0001,0.04196167
2015-09-19 09:00:00,0,14.5,121.0,0001,0.059127808
2015-09-19 12:00:00,0,14.5,121.0,0001,0.034332275
2015-09-19 15:00:00,0,14.5,121.0,0001,0.0009536743
2015-09-19 18:00:00,0,14.5,121.0,0001,0.0009536743
2015-09-19 21:00:00,0,14.5,121.0,0001,0.00047683716
2015-09-20 00:00:00,0,14.5,121.0,0001,0.0019073486
2015-09-20 03:00:00,0,14.5,121.0,0001,0.06055832
2015-09-20 06:00:00,0,14.5,121.0,0001,0.07772446
2015-09-20 09:00:00,0,14.5,121.0,0001,0.20599365
2015-09-20 12:00:00,0,14.5,121.0,0001,0.20599365
2015-09-20 15:00:00,0,14.5,121.0,0001,0.26607513
2015-09-20 18:00:00,0,14.5,121.0,0001,0.3824234
2015-09-20 21:00:00,0,14.5,121.0,0001,0.0019073486
2015-09-21 00:00:00,0,14.5,121.0,0001,0.0019073486
2015-09-21 03:00:00,0,14.5,121.0,0001,0.06341934
2015-09-21 06:00:00,0,14.5,121.0,0001,0.17404556
2015-09-21 09:00:00,0,14.5,121.0,0001,0.6504059
2015-09-21 12:00:00,0,14.5,121.0,0001,0.13160706
2015-09-21 15:00:00,0,14.5,121.0,0001,0.2951622
2015-09-21 18:00:00,0,14.5,121.0,0001,0.33903122
2015-09-21 21:00:00,0,14.5,121.0,0001,0.2193451
2015-09-22 00:00:00,0,14.5,121.0,0001,0.036239624
2015-09-22 03:00:00,0,14.5,121.0,0001,0.019073486
2015-09-22 06:00:00,0,14.5,121.0,0001,0.0166893
2015-09-22 09:00:00,0,14.5,121.0,0001,0.00333786
2015-09-22 12:00:00,0,14.5,121.0,0001,0.47063828
2015-09-22 15:00:00,0,14.5,121.0,0001,0.44584274
2015-09-22 18:00:00,0,14.5,121.0,0001,1.8815994
2015-09-22 21:00:00,0,14.5,121.0,0001,0.048160553
2015-09-23 00:00:00,0,14.5,121.0,0001,0.029563904
2015-09-23 03:00:00,0,14.5,121.0,0001,0.18262863
2015-09-23 06:00:00,0,14.5,121.0,0001,0.10681152
2015-09-23 09:00:00,0,14.5,121.0,0001,0.1077652
2015-09-23 12:00:00,0,14.5,121.0,0001,0.6055832
2015-09-23 15:00:00,0,14.5,121.0,0001,0.10919571
2015-09-23 18:00:00,0,14.5,121.0,0001,0.06723404
2015-09-23 21:00:00,0,14.5,121.0,0001,0.1296997
2015-09-24 00:00:00,0,14.5,121.0,0001,0.055789948
2015-09-24 03:00:00,0,14.5,121.0,0001,0.052928925
2015-09-24 06:00:00,0,14.5,121.0,0001,0.089645386
2015-09-24 09:00:00,0,14.5,121.0,0001,0.08869171
2015-09-24 12:00:00,0,14.5,121.0,0001,0.02527237
2015-09-24 15:00:00,0,14.5,121.0,0001,0.16307831
2015-09-24 18:00:00,0,14.5,121.0,0001,0.24986267
2015-09-24 21:00:00,0,14.5,121.0,0001,0.084877014
2015-09-25 00:00:00,0,14.5,121.0,0001,0.091552734
2015-09-25 03:00:00,0,14.5,121.0,0001,0.08583069
2015-09-25 06:00:00,0,14.5,121.0,0001,0.18310547
2015-09-25 09:00:00,0,14.5,121.0,0001,0.7171631
2015-09-25 12:00:00,0,14.5,121.0,0001,0.12779236
2015-09-25 15:00:00,0,14.5,121.0,0001,0.04673004
2015-09-25 18:00:00,0,14.5,121.0,0001,0.0743866
2015-09-25 21:00:00,0,14.5,121.0,0001,0.07247925
2015-09-26 00:00:00,0,14.5,121.0,0001,0.0667572
2015-09-26 03:00:00,0,14.5,121.0,0001,0.26798248
2015-09-26 06:00:00,0,14.5,121.0,0001,0.26607513
2015-09-26 09:00:00,0,14.5,121.0,0001,0.85258484
2015-09-26 12:00:00,0,14.5,121.0,0001,0.025749207
2015-09-26 15:00:00,0,14.5,121.0,0001,0.13256073
2015-09-26 18:00:00,0,14.5,121.0,0001,0.23460388
2015-09-26 21:00:00,0,14.5,121.0,0001,0.07724762
2015-09-27 00:00:00,0,14.5,121.0,0001,0.059127808
2015-09-27 03:00:00,0,14.5,121.0,0001,0.56934357
2015-09-27 06:00:00,0,14.5,121.0,0001,0.32424927
2015-09-27 09:00:00,0,14.5,121.0,0001,0.25463104
2015-09-27 12:00:00,0,14.5,121.0,0001,0.062942505
2015-09-27 15:00:00,0,14.5,121.0,0001,0.08106232
2015-09-27 18:00:00,0,14.5,121.0,0001,0.29087067
2015-09-27 21:00:00,0,14.5,121.0,0001,0.124931335
2015-09-28 00:00:00,0,14.5,121.0,0001,0.09012222
2015-09-28 03:00:00,0,14.5,121.0,0001,0.69379807
2015-09-28 06:00:00,0,14.5,121.0,0001,0.2374649
2015-09-28 09:00:00,0,14.5,121.0,0001,0.40197372
2015-09-28 12:00:00,0,14.5,121.0,0001,0.32424927
2015-09-28 15:00:00,0,14.5,121.0,0001,0.21743774
2015-09-28 18:00:00,0,14.5,121.0,0001,0.026226044
2015-09-28 21:00:00,0,14.5,121.0,0001,0.02670288
2015-09-29 00:00:00,0,14.5,121.0,0001,0.028133392
2015-09-29 03:00:00,0,14.5,121.0,0001,0.16355515
2015-09-29 06:00:00,0,14.5,121.0,0001,0.07200241
2015-09-29 09:00:00,0,14.5,121.0,0001,0.011920929
2015-09-29 12:00:00,0,14.5,121.0,0001,0.45204163
2015-09-29 15:00:00,0,14.5,121.0,0001,0.021457672
2015-09-29 18:00:00,0,14.5,121.0,0001,0.0047683716
2015-09-29 21:00:00,0,14.5,121.0,0001,0.026226044
2015-09-30 00:00:00,0,14.5,121.0,0001,0.035762787
2015-09-30 03:00:00,0,14.5,121.0,0001,0.12588501
2015-09-30 06:00:00,0,14.5,121.0,0001,0.020980835
2015-09-30 09:00:00,0,14.5,121.0,0001,0.13303757
2015-09-30 12:00:00,0,14.5,121.0,0001,0.03385544
2015-09-30 15:00:00,0,14.5,121.0,0001,0.046253204
2015-09-30 18:00:00,0,14.5,121.0,0001,0.04196167
2015-09-30 21:00:00,0,14.5,121.0,0001,0.0047683716
2015-10-01 00:00:00,0,14.5,121.0,0001,0.03385544
2015-10-01 03:00:00,0,14.5,121.0,0001,0.8177757
2015-10-01 06:00:00,0,14.5,121.0,0001,1.1525154
2015-10-01 09:00:00,0,14.5,121.0,0001,4.102707
2015-10-01 12:00:00,0,14.5,121.0,0001,3.5185814
2015-10-01 15:00:00,0,14.5,121.0,0001,4.1184425
2015-10-01 18:00:00,0,14.5,121.0,0001,6.4735413
2015-10-01 21:00:00,0,14.5,121.0,0001,6.6308975
2015-10-02 00:00:00,0,14.5,121.0,0001,2.4700165
2015-10-02 03:00:00,0,14.5,121.0,0001,1.024723
2015-10-02 06:00:00,0,14.5,121.0,0001,1.5568733
2015-10-02 09:00:00,0,14.5,121.0,0001,0.6914139
2015-10-02 12:00:00,0,14.5,121.0,0001,0.63848495
2015-10-02 15:00:00,0,14.5,121.0,0001,0.041007996
2015-10-02 18:00:00,0,14.5,121.0,0001,0.11777878
2015-10-02 21:00:00,0,14.5,121.0,0001,0.0
2015-10-03 00:00:00,0,14.5,121.0,0001,0.0
2015-10-03 03:00:00,0,14.5,121.0,0001,0.052452087
2015-10-03 06:00:00,0,14.5,121.0,0001,0.041007996
2015-10-03 09:00:00,0,14.5,121.0,0001,0.00667572
2015-10-03 12:00:00,0,14.5,121.0,0001,0.0
2015-10-03 15:00:00,0,14.5,121.0,0001,0.0009536743
2015-10-03 18:00:00,0,14.5,121.0,0001,0.018119812
2015-10-03 21:00:00,0,14.5,121.0,0001,0.012397766
2015-10-04 00:00:00,0,14.5,121.0,0001,0.025749207
2015-10-04 03:00:00,0,14.5,121.0,0001,0.27036667
2015-10-04 06:00:00,0,14.5,121.0,0001,1.9674301
2015-10-04 09:00:00,0,14.5,121.0,0001,0.008106232
2015-10-04 12:00:00,0,14.5,121.0,0001,0.0014305115
2015-10-04 15:00:00,0,14.5,121.0,0001,0.0019073486
2015-10-04 18:00:00,0,14.5,121.0,0001,0.03194809
2015-10-04 21:00:00,0,14.5,121.0,0001,0.00047683716
2015-10-05 00:00:00,0,14.5,121.0,0001,0.032424927
2015-10-05 03:00:00,0,14.5,121.0,0001,0.058174133
2015-10-05 06:00:00,0,14.5,121.0,0001,0.10538101
2015-10-05 09:00:00,0,14.5,121.0,0001,0.006198883
2015-10-05 12:00:00,0,14.5,121.0,0001,0.0009536743
2015-10-05 15:00:00,0,14.5,121.0,0001,0.0038146973
2015-10-05 18:00:00,0,14.5,121.0,0001,0.08678436
2015-10-05 21:00:00,0,14.5,121.0,0001,0.0023841858
2015-10-06 00:00:00,0,14.5,121.0,0001,0.01001358
2015-10-06 03:00:00,0,14.5,121.0,0001,0.020980835
2015-10-06 06:00:00,0,14.5,121.0,0001,0.012874603
2015-10-06 09:00:00,0,14.5,121.0,0001,0.0076293945
2015-10-06 12:00:00,0,14.5,121.0,0001,0.0009536743
2015-10-06 15:00:00,0,14.5,121.0,0001,0.03528595
2015-10-06 18:00:00,0,14.5,121.0,0001,0.11348724
2015-10-06 21:00:00,0,14.5,121.0,0001,0.04005432
2015-10-07 00:00:00,0,14.5,121.0,0001,0.0052452087
2015-10-07 03:00:00,0,14.5,121.0,0001,0.020503998
2015-10-07 06:00:00,0,14.5,121.0,0001,0.06437302
2015-10-07 09:00:00,0,14.5,121.0,0001,0.023841858
2015-10-07 12:00:00,0,14.5,121.0,0001,0.15878677
2015-10-07 15:00:00,0,14.5,121.0,0001,0.0667572
2015-10-07 18:00:00,0,14.5,121.0,0001,0.04005432
2015-10-07 21:00:00,0,14.5,121.0,0001,0.045776367
2015-10-08 00:00:00,0,14.5,121.0,0001,0.0009536743
2015-10-08 03:00:00,0,14.5,121.0,0001,0.05340576
2015-10-08 06:00:00,0,14.5,121.0,0001,0.039577484
2015-10-08 09:00:00,0,14.5,121.0,0001,0.1077652
2015-10-08 12:00:00,0,14.5,121.0,0001,0.037670135
2015-10-08 15:00:00,0,14.5,121.0,0001,0.48160553
2015-10-08 18:00:00,0,14.5,121.0,0001,0.008583069
2015-10-08 21:00:00,0,14.5,121.0,0001,0.0038146973
2015-10-09 00:00:00,0,14.5,121.0,0001,0.018119812
2015-10-09 03:00:00,0,14.5,121.0,0001,0.23698807
2015-10-09 06:00:00,0,14.5,121.0,0001,0.024318695
2015-10-09 09:00:00,0,14.5,121.0,0001,0.0333786
2015-10-09 12:00:00,0,14.5,121.0,0001,0.011920929
2015-10-09 15:00:00,0,14.5,121.0,0001,0.0023841858
2015-10-09 18:00:00,0,14.5,121.0,0001,0.022411346
2015-10-09 21:00:00,0,14.5,121.0,0001,0.0019073486
2015-10-10 00:00:00,0,14.5,121.0,0001,0.00333786
2015-10-10 03:00:00,0,14.5,121.0,0001,0.042915344
2015-10-10 06:00:00,0,14.5,121.0,0001,0.11253357
2015-10-10 09:00:00,0,14.5,121.0,0001,0.0
2015-10-10 12:00:00,0,14.5,121.0,0001,0.0
2015-10-10 15:00:00,0,14.5,121.0,0001,0.0
2015-10-10 18:00:00,0,14.5,121.0,0001,0.0014305115
2015-10-10 21:00:00,0,14.5,121.0,0001,0.0
2015-10-11 00:00:00,0,14.5,121.0,0001,0.006198883
2015-10-11 03:00:00,0,14.5,121.0,0001,0.069618225
2015-10-11 06:00:00,0,14.5,121.0,0001,0.23317337
2015-10-11 09:00:00,0,14.5,121.0,0001,0.20980835
2015-10-11 12:00:00,0,14.5,121.0,0001,0.02193451
2015-10-11 15:00:00,0,14.5,121.0,0001,0.044822693
2015-10-11 18:00:00,0,14.5,121.0,0001,0.05054474
2015-10-11 21:00:00,0,14.5,121.0,0001,0.076293945
2015-10-12 00:00:00,0,14.5,121.0,0001,0.005722046
2015-10-12 03:00:00,0,14.5,121.0,0001,0.030994415
2015-10-12 06:00:00,0,14.5,121.0,0001,0.027656555
2015-10-12 09:00:00,0,14.5,121.0,0001,0.036239624
2015-10-12 12:00:00,0,14.5,121.0,0001,0.06771088
2015-10-12 15:00:00,0,14.5,121.0,0001,0.29182434
2015-10-12 18:00:00,0,14.5,121.0,0001,0.37765503
2015-10-12 21:00:00,0,14.5,121.0,0001,0.03528595
2015-10-13 00:00:00,0,14.5,121.0,0001,0.0104904175
2015-10-13 03:00:00,0,14.5,121.0,0001,0.120162964
2015-10-13 06:00:00,0,14.5,121.0,0001,0.021457672
2015-10-13 09:00:00,0,14.5,121.0,0001,0.0009536743
2015-10-13 12:00:00,0,14.5,121.0,0001,0.00047683716
2015-10-13 15:00:00,0,14.5,121.0,0001,0.009536743
2015-10-13 18:00:00,0,14.5,121.0,0001,0.0166893
2015-10-13 21:00:00,0,14.5,121.0,0001,0.0538826
2015-10-14 00:00:00,0,14.5,121.0,0001,0.18405914
2015-10-14 03:00:00,0,14.5,121.0,0001,0.108242035
2015-10-14 06:00:00,0,14.5,121.0,0001,0.35333633
2015-10-14 09:00:00,0,14.5,121.0,0001,0.09059906
2015-10-14 12:00:00,0,14.5,121.0,0001,0.0047683716
2015-10-14 15:00:00,0,14.5,121.0,0001,0.017166138
2015-10-14 18:00:00,0,14.5,121.0,0001,0.047683716
2015-10-14 21:00:00,0,14.5,121.0,0001,0.02193451
2015-10-15 00:00:00,0,14.5,121.0,0001,0.056266785
2015-10-15 03:00:00,0,14.5,121.0,0001,0.072956085
2015-10-15 06:00:00,0,14.5,121.0,0001,0.1411438
2015-10-15 09:00:00,0,14.5,121.0,0001,0.05674362
2015-10-15 12:00:00,0,14.5,121.0,0001,0.002861023
2015-10-15 15:00:00,0,14.5,121.0,0001,0.024795532
2015-10-15 18:00:00,0,14.5,121.0,0001,0.13971329
2015-10-15 21:00:00,0,14.5,121.0,0001,0.044822693
2015-10-16 00:00:00,0,14.5,121.0,0001,0.041007996
2015-10-16 03:00:00,0,14.5,121.0,0001,0.060081482
2015-10-16 06:00:00,0,14.5,121.0,0001,0.111579895
2015-10-16 09:00:00,0,14.5,121.0,0001,1.0371208
2015-10-16 12:00:00,0,14.5,121.0,0001,0.019073486
2015-10-16 15:00:00,0,14.5,121.0,0001,0.0009536743
2015-10-16 18:00:00,0,14.5,121.0,0001,0.029563904
2015-10-16 21:00:00,0,14.5,121.0,0001,0.057697296
2015-10-17 00:00:00,0,14.5,121.0,0001,0.0104904175
2015-10-17 03:00:00,0,14.5,121.0,0001,0.038146973
2015-10-17 06:00:00,0,14.5,121.0,0001,0.2784729
2015-10-17 09:00:00,0,14.5,121.0,0001,0.46777725
2015-10-17 12:00:00,0,14.5,121.0,0001,0.2784729
2015-10-17 15:00:00,0,14.5,121.0,0001,1.5621185
2015-10-17 18:00:00,0,14.5,121.0,0001,0.92697144
2015-10-17 21:00:00,0,14.5,121.0,0001,3.9639473
2015-10-18 00:00:00,0,14.5,121.0,0001,2.450943
2015-10-18 03:00:00,0,14.5,121.0,0001,5.3663254
2015-10-18 06:00:00,0,14.5,121.0,0001,2.8629303
2015-10-18 09:00:00,0,14.5,121.0,0001,1.4419556
2015-10-18 12:00:00,0,14.5,121.0,0001,1.1668205
2015-10-18 15:00:00,0,14.5,121.0,0001,1.1358261
2015-10-18 18:00:00,0,14.5,121.0,0001,1.3465881
2015-10-18 21:00:00,0,14.5,121.0,0001,0.8301735
2015-10-19 00:00:00,0,14.5,121.0,0001,0.7433891
2015-10-19 03:00:00,0,14.5,121.0,0001,0.27132034
2015-10-19 06:00:00,0,14.5,121.0,0001,0.31518936
2015-10-19 09:00:00,0,14.5,121.0,0001,0.3004074
2015-10-19 12:00:00,0,14.5,121.0,0001,0.6971359
2015-10-19 15:00:00,0,14.5,121.0,0001,0.3232956
2015-10-19 18:00:00,0,14.5,121.0,0001,0.23555756
2015-10-19 21:00:00,0,14.5,121.0,0001,0.13113022
2015-10-20 00:00:00,0,14.5,121.0,0001,0.06866455
2015-10-20 03:00:00,0,14.5,121.0,0001,0.034809113
2015-10-20 06:00:00,0,14.5,121.0,0001,0.03671646
2015-10-20 09:00:00,0,14.5,121.0,0001,0.002861023
2015-10-20 12:00:00,0,14.5,121.0,0001,0.002861023
2015-10-20 15:00:00,0,14.5,121.0,0001,0.011444092
2015-10-20 18:00:00,0,14.5,121.0,0001,0.029563904
2015-10-20 21:00:00,0,14.5,121.0,0001,0.07534027
2015-10-21 00:00:00,0,14.5,121.0,0001,0.061511993
2015-10-21 03:00:00,0,14.5,121.0,0001,0.011444092
2015-10-21 06:00:00,0,14.5,121.0,0001,0.0009536743
2015-10-21 09:00:00,0,14.5,121.0,0001,0.009536743
2015-10-21 12:00:00,0,14.5,121.0,0001,0.005722046
2015-10-21 15:00:00,0,14.5,121.0,0001,0.0076293945
2015-10-21 18:00:00,0,14.5,121.0,0001,0.054836273
2015-10-21 21:00:00,0,14.5,121.0,0001,0.0019073486
2015-10-22 00:00:00,0,14.5,121.0,0001,0.0019073486
2015-10-22 03:00:00,0,14.5,121.0,0001,0.15497208
2015-10-22 06:00:00,0,14.5,121.0,0001,0.08678436
2015-10-22 09:00:00,0,14.5,121.0,0001,0.02002716
2015-10-22 12:00:00,0,14.5,121.0,0001,0.026226044
2015-10-22 15:00:00,0,14.5,121.0,0001,0.04863739
2015-10-22 18:00:00,0,14.5,121.0,0001,0.021457672
2015-10-22 21:00:00,0,14.5,121.0,0001,0.022888184
2015-10-23 00:00:00,0,14.5,121.0,0001,0.029563904
2015-10-23 03:00:00,0,14.5,121.0,0001,0.05531311
2015-10-23 06:00:00,0,14.5,121.0,0001,0.0
2015-10-23 09:00:00,0,14.5,121.0,0001,0.0
2015-10-23 12:00:00,0,14.5,121.0,0001,0.0
2015-10-23 15:00:00,0,14.5,121.0,0001,0.0
2015-10-23 18:00:00,0,14.5,121.0,0001,0.0
2015-10-23 21:00:00,0,14.5,121.0,0001,0.0
2015-10-24 00:00:00,0,14.5,121.0,0001,0.0014305115
2015-10-24 03:00:00,0,14.5,121.0,0001,0.00047683716
2015-10-24 06:00:00,0,14.5,121.0,0001,0.0019073486
2015-10-24 09:00:00,0,14.5,121.0,0001,0.00047683716
2015-10-24 12:00:00,0,14.5,121.0,0001,0.0
2015-10-24 15:00:00,0,14.5,121.0,0001,0.0
2015-10-24 18:00:00,0,14.5,121.0,0001,0.0
2015-10-24 21:00:00,0,14.5,121.0,0001,0.022888184
2015-10-25 00:00:00,0,14.5,121.0,0001,0.002861023
2015-10-25 03:00:00,0,14.5,121.0,0001,0.049114227
2015-10-25 06:00:00,0,14.5,121.0,0001,0.005722046
2015-10-25 09:00:00,0,14.5,121.0,0001,0.045776367
2015-10-25 12:00:00,0,14.5,121.0,0001,0.0
2015-10-25 15:00:00,0,14.5,121.0,0001,0.0
2015-10-25 18:00:00,0,14.5,121.0,0001,0.0
2015-10-25 21:00:00,0,14.5,121.0,0001,0.00047683716
2015-10-26 00:00:00,0,14.5,121.0,0001,0.0
2015-10-26 03:00:00,0,14.5,121.0,0001,0.048160553
2015-10-26 06:00:00,0,14.5,121.0,0001,0.059604645
2015-10-26 09:00:00,0,14.5,121.0,0001,0.02193451
2015-10-26 12:00:00,0,14.5,121.0,0001,0.0
2015-10-26 15:00:00,0,14.5,121.0,0001,0.0
2015-10-26 18:00:00,0,14.5,121.0,0001,0.0
2015-10-26 21:00:00,0,14.5,121.0,0001,0.020980835
2015-10-27 00:00:00,0,14.5,121.0,0001,0.008583069
2015-10-27 03:00:00,0,14.5,121.0,0001,0.008106232
2015-10-27 06:00:00,0,14.5,121.0,0001,0.013828278
2015-10-27 09:00:00,0,14.5,121.0,0001,0.012874603
2015-10-27 12:00:00,0,14.5,121.0,0001,0.0
2015-10-27 15:00:00,0,14.5,121.0,0001,0.0
2015-10-27 18:00:00,0,14.5,121.0,0001,0.0
2015-10-27 21:00:00,0,14.5,121.0,0001,0.0023841858
2015-10-28 00:00:00,0,14.5,121.0,0001,0.0
2015-10-28 03:00:00,0,14.5,121.0,0001,0.0
2015-10-28 06:00:00,0,14.5,121.0,0001,0.0
2015-10-28 09:00:00,0,14.5,121.0,0001,0.0
2015-10-28 12:00:00,0,14.5,121.0,0001,0.0
2015-10-28 15:00:00,0,14.5,121.0,0001,0.0
2015-10-28 18:00:00,0,14.5,121.0,0001,0.0009536743
2015-10-28 21:00:00,0,14.5,121.0,0001,0.0009536743
2015-10-29 00:00:00,0,14.5,121.0,0001,0.00333786
2015-10-29 03:00:00,0,14.5,121.0,0001,0.0
2015-10-29 06:00:00,0,14.5,121.0,0001,0.0
2015-10-29 09:00:00,0,14.5,121.0,0001,0.0
2015-10-29 12:00:00,0,14.5,121.0,0001,0.0
2015-10-29 15:00:00,0,14.5,121.0,0001,0.0
2015-10-29 18:00:00,0,14.5,121.0,0001,0.0019073486
2015-10-29 21:00:00,0,14.5,121.0,0001,0.002861023
2015-10-30 00:00:00,0,14.5,121.0,0001,0.0009536743
2015-10-30 03:00:00,0,14.5,121.0,0001,0.04196167
2015-10-30 06:00:00,0,14.5,121.0,0001,0.029087067
2015-10-30 09:00:00,0,14.5,121.0,0001,0.009536743
2015-10-30 12:00:00,0,14.5,121.0,0001,0.0014305115
2015-10-30 15:00:00,0,14.5,121.0,0001,0.0038146973
2015-10-30 18:00:00,0,14.5,121.0,0001,0.0009536743
2015-10-30 21:00:00,0,14.5,121.0,0001,0.006198883
2015-10-31 00:00:00,0,14.5,121.0,0001,0.028133392
2015-10-31 03:00:00,0,14.5,121.0,0001,0.10538101
2015-10-31 06:00:00,0,14.5,121.0,0001,0.01859665
2015-10-31 09:00:00,0,14.5,121.0,0001,0.0014305115
2015-10-31 12:00:00,0,14.5,121.0,0001,0.008583069
2015-10-31 15:00:00,0,14.5,121.0,0001,0.0
2015-10-31 18:00:00,0,14.5,121.0,0001,0.02193451
2015-10-31 21:00:00,0,14.5,121.0,0001,0.009536743
2015-11-01 00:00:00,0,14.5,121.0,0001,0.02336502
2015-11-01 03:00:00,0,14.5,121.0,0001,0.062465668
2015-11-01 06:00:00,0,14.5,121.0,0001,0.01335144
2015-11-01 09:00:00,0,14.5,121.0,0001,0.00667572
2015-11-01 12:00:00,0,14.5,121.0,0001,0.0023841858
2015-11-01 15:00:00,0,14.5,121.0,0001,0.005722046
2015-11-01 18:00:00,0,14.5,121.0,0001,0.034809113
2015-11-01 21:00:00,0,14.5,121.0,0001,0.008583069
2015-11-02 00:00:00,0,14.5,121.0,0001,0.041007996
2015-11-02 03:00:00,0,14.5,121.0,0001,0.108242035
2015-11-02 06:00:00,0,14.5,121.0,0001,0.0
2015-11-02 09:00:00,0,14.5,121.0,0001,0.0038146973
2015-11-02 12:00:00,0,14.5,121.0,0001,0.0047683716
2015-11-02 15:00:00,0,14.5,121.0,0001,0.0038146973
2015-11-02 18:00:00,0,14.5,121.0,0001,0.0019073486
2015-11-02 21:00:00,0,14.5,121.0,0001,0.00667572
2015-11-03 00:00:00,0,14.5,121.0,0001,0.022888184
2015-11-03 03:00:00,0,14.5,121.0,0001,0.0023841858
2015-11-03 06:00:00,0,14.5,121.0,0001,0.023841858
2015-11-03 09:00:00,0,14.5,121.0,0001,0.00333786
2015-11-03 12:00:00,0,14.5,121.0,0001,0.008106232
2015-11-03 15:00:00,0,14.5,121.0,0001,0.0
2015-11-03 18:00:00,0,14.5,121.0,0001,0.0023841858
2015-11-03 21:00:00,0,14.5,121.0,0001,0.0052452087
2015-11-04 00:00:00,0,14.5,121.0,0001,0.0076293945
2015-11-04 03:00:00,0,14.5,121.0,0001,0.0333786
2015-11-04 06:00:00,0,14.5,121.0,0001,0.035762787
2015-11-04 09:00:00,0,14.5,121.0,0001,0.0
2015-11-04 12:00:00,0,14.5,121.0,0001,0.0009536743
2015-11-04 15:00:00,0,14.5,121.0,0001,0.017166138
2015-11-04 18:00:00,0,14.5,121.0,0001,0.00333786
2015-11-04 21:00:00,0,14.5,121.0,0001,0.0052452087
2015-11-05 00:00:00,0,14.5,121.0,0001,0.019073486
2015-11-05 03:00:00,0,14.5,121.0,0001,0.022888184
2015-11-05 06:00:00,0,14.5,121.0,0001,0.0009536743
2015-11-05 09:00:00,0,14.5,121.0,0001,0.0
2015-11-05 12:00:00,0,14.5,121.0,0001,0.0
2015-11-05 15:00:00,0,14.5,121.0,0001,0.015258789
2015-11-05 18:00:00,0,14.5,121.0,0001,0.060081482
2015-11-05 21:00:00,0,14.5,121.0,0001,0.0009536743
2015-11-06 00:00:00,0,14.5,121.0,0001,0.012397766
2015-11-06 03:00:00,0,14.5,121.0,0001,0.014781952
2015-11-06 06:00:00,0,14.5,121.0,0001,0.005722046
2015-11-06 09:00:00,0,14.5,121.0,0001,0.0
2015-11-06 12:00:00,0,14.5,121.0,0001,0.0014305115
2015-11-06 15:00:00,0,14.5,121.0,0001,0.0009536743
2015-11-06 18:00:00,0,14.5,121.0,0001,0.006198883
2015-11-06 21:00:00,0,14.5,121.0,0001,0.00047683716
2015-11-07 00:00:00,0,14.5,121.0,0001,0.020980835
2015-11-07 03:00:00,0,14.5,121.0,0001,0.011444092
2015-11-07 06:00:00,0,14.5,121.0,0001,0.0023841858
2015-11-07 09:00:00,0,14.5,121.0,0001,0.0
2015-11-07 12:00:00,0,14.5,121.0,0001,0.0
2015-11-07 15:00:00,0,14.5,121.0,0001,0.0
2015-11-07 18:00:00,0,14.5,121.0,0001,0.0
2015-11-07 21:00:00,0,14.5,121.0,0001,0.00047683716
2015-11-08 00:00:00,0,14.5,121.0,0001,0.0
2015-11-08 03:00:00,0,14.5,121.0,0001,0.032424927
2015-11-08 06:00:00,0,14.5,121.0,0001,0.002861023
2015-11-08 09:00:00,0,14.5,121.0,0001,0.0
2015-11-08 12:00:00,0,14.5,121.0,0001,0.0
2015-11-08 15:00:00,0,14.5,121.0,0001,0.0019073486
2015-11-08 18:00:00,0,14.5,121.0,0001,0.008583069
2015-11-08 21:00:00,0,14.5,121.0,0001,0.0009536743
2015-11-09 00:00:00,0,14.5,121.0,0001,0.005722046
2015-11-09 03:00:00,0,14.5,121.0,0001,0.066280365
2015-11-09 06:00:00,0,14.5,121.0,0001,0.054359436
2015-11-09 09:00:00,0,14.5,121.0,0001,0.011444092
2015-11-09 12:00:00,0,14.5,121.0,0001,0.00333786
2015-11-09 15:00:00,0,14.5,121.0,0001,0.0
2015-11-09 18:00:00,0,14.5,121.0,0001,0.0014305115
2015-11-09 21:00:00,0,14.5,121.0,0001,0.0047683716
2015-11-10 00:00:00,0,14.5,121.0,0001,0.00333786
2015-11-10 03:00:00,0,14.5,121.0,0001,0.0052452087
2015-11-10 06:00:00,0,14.5,121.0,0001,0.0
2015-11-10 09:00:00,0,14.5,121.0,0001,0.0
2015-11-10 12:00:00,0,14.5,121.0,0001,0.0009536743
2015-11-10 15:00:00,0,14.5,121.0,0001,0.0038146973
2015-11-10 18:00:00,0,14.5,121.0,0001,0.0038146973
2015-11-10 21:00:00,0,14.5,121.0,0001,0.0019073486
2015-11-11 00:00:00,0,14.5,121.0,0001,0.00047683716
2015-11-11 03:00:00,0,14.5,121.0,0001,0.0
2015-11-11 06:00:00,0,14.5,121.0,0001,0.0
2015-11-11 09:00:00,0,14.5,121.0,0001,0.0038146973
2015-11-11 12:00:00,0,14.5,121.0,0001,0.0014305115
2015-11-11 15:00:00,0,14.5,121.0,0001,0.0
2015-11-11 18:00:00,0,14.5,121.0,0001,0.0009536743
2015-11-11 21:00:00,0,14.5,121.0,0001,0.0014305115
2015-11-12 00:00:00,0,14.5,121.0,0001,0.0038146973
2015-11-12 03:00:00,0,14.5,121.0,0001,0.01335144
2015-11-12 06:00:00,0,14.5,121.0,0001,0.0019073486
2015-11-12 09:00:00,0,14.5,121.0,0001,0.0
2015-11-12 12:00:00,0,14.5,121.0,0001,0.0009536743
2015-11-12 15:00:00,0,14.5,121.0,0001,0.0042915344
2015-11-12 18:00:00,0,14.5,121.0,0001,0.002861023
2015-11-12 21:00:00,0,14.5,121.0,0001,0.0009536743
2015-11-13 00:00:00,0,14.5,121.0,0001,0.002861023
2015-11-13 03:00:00,0,14.5,121.0,0001,0.022411346
2015-11-13 06:00:00,0,14.5,121.0,0001,0.00047683716
2015-11-13 09:00:00,0,14.5,121.0,0001,0.0
2015-11-13 12:00:00,0,14.5,121.0,0001,0.0
2015-11-13 15:00:00,0,14.5,121.0,0001,0.0
2015-11-13 18:00:00,0,14.5,121.0,0001,0.0
2015-11-13 21:00:00,0,14.5,121.0,0001,0.0
2015-11-14 00:00:00,0,14.5,121.0,0001,0.0023841858
2015-11-14 03:00:00,0,14.5,121.0,0001,0.0038146973
2015-11-14 06:00:00,0,14.5,121.0,0001,0.0009536743
2015-11-14 09:00:00,0,14.5,121.0,0001,0.0
2015-11-14 12:00:00,0,14.5,121.0,0001,0.0
2015-11-14 15:00:00,0,14.5,121.0,0001,0.0
2015-11-14 18:00:00,0,14.5,121.0,0001,0.0
2015-11-14 21:00:00,0,14.5,121.0,0001,0.0014305115
2015-11-15 00:00:00,0,14.5,121.0,0001,0.006198883
2015-11-15 03:00:00,0,14.5,121.0,0001,0.021457672
2015-11-15 06:00:00,0,14.5,121.0,0001,0.009536743
2015-11-15 09:00:00,0,14.5,121.0,0001,0.0
2015-11-15 12:00:00,0,14.5,121.0,0001,0.00047683716
2015-11-15 15:00:00,0,14.5,121.0,0001,0.0
2015-11-15 18:00:00,0,14.5,121.0,0001,0.005722046
2015-11-15 21:00:00,0,14.5,121.0,0001,0.005722046
2015-11-16 00:00:00,0,14.5,121.0,0001,0.052452087
2015-11-16 03:00:00,0,14.5,121.0,0001,0.030040741
2015-11-16 06:00:00,0,14.5,121.0,0001,0.002861023
2015-11-16 09:00:00,0,14.5,121.0,0001,0.0
2015-11-16 12:00:00,0,14.5,121.0,0001,0.0
2015-11-16 15:00:00,0,14.5,121.0,0001,0.0
2015-11-16 18:00:00,0,14.5,121.0,0001,0.0014305115
2015-11-16 21:00:00,0,14.5,121.0,0001,0.0
2015-11-17 00:00:00,0,14.5,121.0,0001,0.0009536743
2015-11-17 03:00:00,0,14.5,121.0,0001,0.00047683716
2015-11-17 06:00:00,0,14.5,121.0,0001,0.0
2015-11-17 09:00:00,0,14.5,121.0,0001,0.0
2015-11-17 12:00:00,0,14.5,121.0,0001,0.0
2015-11-17 15:00:00,0,14.5,121.0,0001,0.0019073486
2015-11-17 18:00:00,0,14.5,121.0,0001,0.0009536743
2015-11-17 21:00:00,0,14.5,121.0,0001,0.0071525574
2015-11-18 00:00:00,0,14.5,121.0,0001,0.023841858
2015-11-18 03:00:00,0,14.5,121.0,0001,0.12636185
2015-11-18 06:00:00,0,14.5,121.0,0001,0.030994415
2015-11-18 09:00:00,0,14.5,121.0,0001,0.0009536743
2015-11-18 12:00:00,0,14.5,121.0,0001,0.0
2015-11-18 15:00:00,0,14.5,121.0,0001,0.0
2015-11-18 18:00:00,0,14.5,121.0,0001,0.010967255
2015-11-18 21:00:00,0,14.5,121.0,0001,0.042438507
2015-11-19 00:00:00,0,14.5,121.0,0001,0.0014305115
2015-11-19 03:00:00,0,14.5,121.0,0001,0.0
2015-11-19 06:00:00,0,14.5,121.0,0001,0.0
2015-11-19 09:00:00,0,14.5,121.0,0001,0.0
2015-11-19 12:00:00,0,14.5,121.0,0001,0.0
2015-11-19 15:00:00,0,14.5,121.0,0001,0.00047683716
2015-11-19 18:00:00,0,14.5,121.0,0001,0.00047683716
2015-11-19 21:00:00,0,14.5,121.0,0001,0.0
2015-11-20 00:00:00,0,14.5,121.0,0001,0.0
2015-11-20 03:00:00,0,14.5,121.0,0001,0.0019073486
2015-11-20 06:00:00,0,14.5,121.0,0001,0.042438507
2015-11-20 09:00:00,0,14.5,121.0,0001,0.0
2015-11-20 12:00:00,0,14.5,121.0,0001,0.0
2015-11-20 15:00:00,0,14.5,121.0,0001,0.0
2015-11-20 18:00:00,0,14.5,121.0,0001,0.0
2015-11-20 21:00:00,0,14.5,121.0,0001,0.011444092
2015-11-21 00:00:00,0,14.5,121.0,0001,0.05531311
2015-11-21 03:00:00,0,14.5,121.0,0001,0.041484833
2015-11-21 06:00:00,0,14.5,121.0,0001,0.044822693
2015-11-21 09:00:00,0,14.5,121.0,0001,0.0104904175
2015-11-21 12:00:00,0,14.5,121.0,0001,0.0009536743
2015-11-21 15:00:00,0,14.5,121.0,0001,0.0038146973
2015-11-21 18:00:00,0,14.5,121.0,0001,0.006198883
2015-11-21 21:00:00,0,14.5,121.0,0001,0.011920929
2015-11-22 00:00:00,0,14.5,121.0,0001,0.00047683716
2015-11-22 03:00:00,0,14.5,121.0,0001,0.010967255
2015-11-22 06:00:00,0,14.5,121.0,0001,0.0009536743
2015-11-22 09:00:00,0,14.5,121.0,0001,0.0
2015-11-22 12:00:00,0,14.5,121.0,0001,0.0019073486
2015-11-22 15:00:00,0,14.5,121.0,0001,0.0019073486
2015-11-22 18:00:00,0,14.5,121.0,0001,0.002861023
2015-11-22 21:00:00,0,14.5,121.0,0001,0.0019073486
2015-11-23 00:00:00,0,14.5,121.0,0001,0.0019073486
2015-11-23 03:00:00,0,14.5,121.0,0001,0.02861023
2015-11-23 06:00:00,0,14.5,121.0,0001,0.0
2015-11-23 09:00:00,0,14.5,121.0,0001,0.022888184
2015-11-23 12:00:00,0,14.5,121.0,0001,0.0019073486
2015-11-23 15:00:00,0,14.5,121.0,0001,0.0
2015-11-23 18:00:00,0,14.5,121.0,0001,0.0
2015-11-23 21:00:00,0,14.5,121.0,0001,0.0
2015-11-24 00:00:00,0,14.5,121.0,0001,0.0
2015-11-24 03:00:00,0,14.5,121.0,0001,0.0
2015-11-24 06:00:00,0,14.5,121.0,0001,0.0
2015-11-24 09:00:00,0,14.5,121.0,0001,0.0
2015-11-24 12:00:00,0,14.5,121.0,0001,0.0047683716
2015-11-24 15:00:00,0,14.5,121.0,0001,0.002861023
2015-11-24 18:00:00,0,14.5,121.0,0001,0.0019073486
2015-11-24 21:00:00,0,14.5,121.0,0001,0.1244545
2015-11-25 00:00:00,0,14.5,121.0,0001,0.1988411
2015-11-25 03:00:00,0,14.5,121.0,0001,0.00333786
2015-11-25 06:00:00,0,14.5,121.0,0001,0.002861023
2015-11-25 09:00:00,0,14.5,121.0,0001,0.0
2015-11-25 12:00:00,0,14.5,121.0,0001,0.0
2015-11-25 15:00:00,0,14.5,121.0,0001,0.0
2015-11-25 18:00:00,0,14.5,121.0,0001,0.0
2015-11-25 21:00:00,0,14.5,121.0,0001,0.0009536743
2015-11-26 00:00:00,0,14.5,121.0,0001,0.006198883
2015-11-26 03:00:00,0,14.5,121.0,0001,0.029563904
2015-11-26 06:00:00,0,14.5,121.0,0001,0.017642975
2015-11-26 09:00:00,0,14.5,121.0,0001,0.0
2015-11-26 12:00:00,0,14.5,121.0,0001,0.0
2015-11-26 15:00:00,0,14.5,121.0,0001,0.0009536743
2015-11-26 18:00:00,0,14.5,121.0,0001,0.005722046
2015-11-26 21:00:00,0,14.5,121.0,0001,0.0038146973
2015-11-27 00:00:00,0,14.5,121.0,0001,0.01001358
2015-11-27 03:00:00,0,14.5,121.0,0001,0.0019073486
2015-11-27 06:00:00,0,14.5,121.0,0001,0.00047683716
2015-11-27 09:00:00,0,14.5,121.0,0001,0.0009536743
2015-11-27 12:00:00,0,14.5,121.0,0001,0.00667572
2015-11-27 15:00:00,0,14.5,121.0,0001,0.009536743
2015-11-27 18:00:00,0,14.5,121.0,0001,0.012874603
2015-11-27 21:00:00,0,14.5,121.0,0001,0.01859665
2015-11-28 00:00:00,0,14.5,121.0,0001,0.07247925
2015-11-28 03:00:00,0,14.5,121.0,0001,0.039100647
2015-11-28 06:00:00,0,14.5,121.0,0001,0.029087067
2015-11-28 09:00:00,0,14.5,121.0,0001,0.024795532
2015-11-28 12:00:00,0,14.5,121.0,0001,0.04386902
2015-11-28 15:00:00,0,14.5,121.0,0001,0.06866455
2015-11-28 18:00:00,0,14.5,121.0,0001,0.030040741
2015-11-28 21:00:00,0,14.5,121.0,0001,0.049591064
2015-11-29 00:00:00,0,14.5,121.0,0001,0.030994415
2015-11-29 03:00:00,0,14.5,121.0,0001,0.0038146973
2015-11-29 06:00:00,0,14.5,121.0,0001,0.017642975
2015-11-29 09:00:00,0,14.5,121.0,0001,0.0
2015-11-29 12:00:00,0,14.5,121.0,0001,0.0019073486
2015-11-29 15:00:00,0,14.5,121.0,0001,0.0019073486
2015-11-29 18:00:00,0,14.5,121.0,0001,0.0009536743
2015-11-29 21:00:00,0,14.5,121.0,0001,0.005722046
2015-11-30 00:00:00,0,14.5,121.0,0001,0.041484833
2015-11-30 03:00:00,0,14.5,121.0,0001,0.059127808
2015-11-30 06:00:00,0,14.5,121.0,0001,0.048160553
2015-11-30 09:00:00,0,14.5,121.0,0001,0.0047683716
2015-11-30 12:00:00,0,14.5,121.0,0001,0.0104904175
2015-11-30 15:00:00,0,14.5,121.0,0001,0.015258789
2015-11-30 18:00:00,0,14.5,121.0,0001,0.008106232
2015-11-30 21:00:00,0,14.5,121.0,0001,0.0014305115
2016-06-01 00:00:00,0,14.5,121.0,0001,1.6388893
2016-06-01 03:00:00,0,14.5,121.0,0001,0.0705719
2016-06-01 06:00:00,0,14.5,121.0,0001,0.07343292
2016-06-01 09:00:00,0,14.5,121.0,0001,0.03528595
2016-06-01 12:00:00,0,14.5,121.0,0001,0.0019073486
2016-06-01 15:00:00,0,14.5,121.0,0001,0.061035156
2016-06-01 18:00:00,0,14.5,121.0,0001,0.03194809
2016-06-01 21:00:00,0,14.5,121.0,0001,0.0076293945
2016-06-02 00:00:00,0,14.5,121.0,0001,0.01335144
2016-06-02 03:00:00,0,14.5,121.0,0001,0.096321106
2016-06-02 06:00:00,0,14.5,121.0,0001,0.24175644
2016-06-02 09:00:00,0,14.5,121.0,0001,0.33283234
2016-06-02 12:00:00,0,14.5,121.0,0001,0.076293945
2016-06-02 15:00:00,0,14.5,121.0,0001,1.6994476
2016-06-02 18:00:00,0,14.5,121.0,0001,0.11110306
2016-06-02 21:00:00,0,14.5,121.0,0001,0.054836273
2016-06-03 00:00:00,0,14.5,121.0,0001,0.10919571
2016-06-03 03:00:00,0,14.5,121.0,0001,0.17595291
2016-06-03 06:00:00,0,14.5,121.0,0001,0.17738342
2016-06-03 09:00:00,0,14.5,121.0,0001,0.06771088
2016-06-03 12:00:00,0,14.5,121.0,0001,0.098228455
2016-06-03 15:00:00,0,14.5,121.0,0001,0.0014305115
2016-06-03 18:00:00,0,14.5,121.0,0001,0.010967255
2016-06-03 21:00:00,0,14.5,121.0,0001,0.09346008
2016-06-04 00:00:00,0,14.5,121.0,0001,0.08440018
2016-06-04 03:00:00,0,14.5,121.0,0001,0.10919571
2016-06-04 06:00:00,0,14.5,121.0,0001,0.12207031
2016-06-04 09:00:00,0,14.5,121.0,0001,0.04005432
2016-06-04 12:00:00,0,14.5,121.0,0001,0.02193451
2016-06-04 15:00:00,0,14.5,121.0,0001,0.020980835
2016-06-04 18:00:00,0,14.5,121.0,0001,1.1816025
2016-06-04 21:00:00,0,14.5,121.0,0001,0.23126602
2016-06-05 00:00:00,0,14.5,121.0,0001,0.02002716
2016-06-05 03:00:00,0,14.5,121.0,0001,0.039100647
2016-06-05 06:00:00,0,14.5,121.0,0001,0.096321106
2016-06-05 09:00:00,0,14.5,121.0,0001,0.0872612
2016-06-05 12:00:00,0,14.5,121.0,0001,0.75149536
2016-06-05 15:00:00,0,14.5,121.0,0001,0.011444092
2016-06-05 18:00:00,0,14.5,121.0,0001,0.0019073486
2016-06-05 21:00:00,0,14.5,121.0,0001,0.08106232
2016-06-06 00:00:00,0,14.5,121.0,0001,0.024318695
2016-06-06 03:00:00,0,14.5,121.0,0001,0.086307526
2016-06-06 06:00:00,0,14.5,121.0,0001,0.16784668
2016-06-06 09:00:00,0,14.5,121.0,0001,0.25844574
2016-06-06 12:00:00,0,14.5,121.0,0001,0.40531158
2016-06-06 15:00:00,0,14.5,121.0,0001,0.04386902
2016-06-06 18:00:00,0,14.5,121.0,0001,1.2125969
2016-06-06 21:00:00,0,14.5,121.0,0001,0.002861023
2016-06-07 00:00:00,0,14.5,121.0,0001,0.0047683716
2016-06-07 03:00:00,0,14.5,121.0,0001,0.12779236
2016-06-07 06:00:00,0,14.5,121.0,0001,0.27370453
2016-06-07 09:00:00,0,14.5,121.0,0001,2.9973984
2016-06-07 12:00:00,0,14.5,121.0,0001,0.1783371
2016-06-07 15:00:00,0,14.5,121.0,0001,0.34999847
2016-06-07 18:00:00,0,14.5,121.0,0001,0.04673004
2016-06-07 21:00:00,0,14.5,121.0,0001,1.994133
2016-06-08 00:00:00,0,14.5,121.0,0001,0.5249977
2016-06-08 03:00:00,0,14.5,121.0,0001,0.269413
2016-06-08 06:00:00,0,14.5,121.0,0001,0.12874603
2016-06-08 09:00:00,0,14.5,121.0,0001,0.17166138
2016-06-08 12:00:00,0,14.5,121.0,0001,0.61655045
2016-06-08 15:00:00,0,14.5,121.0,0001,0.009536743
2016-06-08 18:00:00,0,14.5,121.0,0001,0.08869171
2016-06-08 21:00:00,0,14.5,121.0,0001,0.9460449
2016-06-09 00:00:00,0,14.5,121.0,0001,0.2770424
2016-06-09 03:00:00,0,14.5,121.0,0001,0.084877014
2016-06-09 06:00:00,0,14.5,121.0,0001,0.10442734
2016-06-09 09:00:00,0,14.5,121.0,0001,0.02861023
2016-06-09 12:00:00,0,14.5,121.0,0001,0.015735626
2016-06-09 15:00:00,0,14.5,121.0,0001,0.42581558
2016-06-09 18:00:00,0,14.5,121.0,0001,0.0038146973
2016-06-09 21:00:00,0,14.5,121.0,0001,0.0038146973
2016-06-10 00:00:00,0,14.5,121.0,0001,0.062942505
2016-06-10 03:00:00,0,14.5,121.0,0001,0.1077652
2016-06-10 06:00:00,0,14.5,121.0,0001,0.15926361
2016-06-10 09:00:00,0,14.5,121.0,0001,0.091552734
2016-06-10 12:00:00,0,14.5,121.0,0001,0.11444092
2016-06-10 15:00:00,0,14.5,121.0,0001,0.0019073486
2016-06-10 18:00:00,0,14.5,121.0,0001,0.0009536743
2016-06-10 21:00:00,0,14.5,121.0,0001,0.0
2016-06-11 00:00:00,0,14.5,121.0,0001,0.0
2016-06-11 03:00:00,0,14.5,121.0,0001,0.13160706
2016-06-11 06:00:00,0,14.5,121.0,0001,0.0019073486
2016-06-11 09:00:00,0,14.5,121.0,0001,0.23365021
2016-06-11 12:00:00,0,14.5,121.0,0001,0.0
2016-06-11 15:00:00,0,14.5,121.0,0001,0.7100105
2016-06-11 18:00:00,0,14.5,121.0,0001,0.0
2016-06-11 21:00:00,0,14.5,121.0,0001,0.00667572
2016-06-12 00:00:00,0,14.5,121.0,0001,0.102996826
2016-06-12 03:00:00,0,14.5,121.0,0001,1.1940002
2016-06-12 06:00:00,0,14.5,121.0,0001,0.17738342
2016-06-12 09:00:00,0,14.5,121.0,0001,0.05197525
2016-06-12 12:00:00,0,14.5,121.0,0001,0.75912476
2016-06-12 15:00:00,0,14.5,121.0,0001,0.002861023
2016-06-12 18:00:00,0,14.5,121.0,0001,0.005722046
2016-06-12 21:00:00,0,14.5,121.0,0001,0.017642975
2016-06-13 00:00:00,0,14.5,121.0,0001,0.059604645
2016-06-13 03:00:00,0,14.5,121.0,0001,0.27561188
2016-06-13 06:00:00,0,14.5,121.0,0001,0.07343292
2016-06-13 09:00:00,0,14.5,121.0,0001,0.0038146973
2016-06-13 12:00:00,0,14.5,121.0,0001,0.0
2016-06-13 15:00:00,0,14.5,121.0,0001,0.0
2016-06-13 18:00:00,0,14.5,121.0,0001,0.00333786
2016-06-13 21:00:00,0,14.5,121.0,0001,0.0
2016-06-14 00:00:00,0,14.5,121.0,0001,0.002861023
2016-06-14 03:00:00,0,14.5,121.0,0001,0.04196167
2016-06-14 06:00:00,0,14.5,121.0,0001,0.24795532
2016-06-14 09:00:00,0,14.5,121.0,0001,0.096321106
2016-06-14 12:00:00,0,14.5,121.0,0001,0.0009536743
2016-06-14 15:00:00,0,14.5,121.0,0001,0.0
2016-06-14 18:00:00,0,14.5,121.0,0001,0.00047683716
2016-06-14 21:00:00,0,14.5,121.0,0001,0.0
2016-06-15 00:00:00,0,14.5,121.0,0001,0.0009536743
2016-06-15 03:00:00,0,14.5,121.0,0001,0.05340576
2016-06-15 06:00:00,0,14.5,121.0,0001,0.0076293945
2016-06-15 09:00:00,0,14.5,121.0,0001,0.68569183
2016-06-15 12:00:00,0,14.5,121.0,0001,0.0
2016-06-15 15:00:00,0,14.5,121.0,0001,0.0
2016-06-15 18:00:00,0,14.5,121.0,0001,0.0
2016-06-15 21:00:00,0,14.5,121.0,0001,0.0014305115
2016-06-16 00:00:00,0,14.5,121.0,0001,0.0
2016-06-16 03:00:00,0,14.5,121.0,0001,0.061035156
2016-06-16 06:00:00,0,14.5,121.0,0001,0.08201599
2016-06-16 09:00:00,0,14.5,121.0,0001,0.01335144
2016-06-16 12:00:00,0,14.5,121.0,0001,0.0
2016-06-16 15:00:00,0,14.5,121.0,0001,0.0014305115
2016-06-16 18:00:00,0,14.5,121.0,0001,0.09727478
2016-06-16 21:00:00,0,14.5,121.0,0001,0.002861023
2016-06-17 00:00:00,0,14.5,121.0,0001,0.014305115
2016-06-17 03:00:00,0,14.5,121.0,0001,0.22697449
2016-06-17 06:00:00,0,14.5,121.0,0001,0.62322617
2016-06-17 09:00:00,0,14.5,121.0,0001,0.1001358
2016-06-17 12:00:00,0,14.5,121.0,0001,0.0
2016-06-17 15:00:00,0,14.5,121.0,0001,0.0019073486
2016-06-17 18:00:00,0,14.5,121.0,0001,0.0038146973
2016-06-17 21:00:00,0,14.5,121.0,0001,0.12207031
2016-06-18 00:00:00,0,14.5,121.0,0001,0.060081482
2016-06-18 03:00:00,0,14.5,121.0,0001,0.00667572
2016-06-18 06:00:00,0,14.5,121.0,0001,0.0019073486
2016-06-18 09:00:00,0,14.5,121.0,0001,0.02861023
2016-06-18 12:00:00,0,14.5,121.0,0001,0.009536743
2016-06-18 15:00:00,0,14.5,121.0,0001,0.039577484
2016-06-18 18:00:00,0,14.5,121.0,0001,0.012397766
2016-06-18 21:00:00,0,14.5,121.0,0001,0.02002716
2016-06-19 00:00:00,0,14.5,121.0,0001,0.03528595
2016-06-19 03:00:00,0,14.5,121.0,0001,0.06580353
2016-06-19 06:00:00,0,14.5,121.0,0001,0.0667572
2016-06-19 09:00:00,0,14.5,121.0,0001,0.023841858
2016-06-19 12:00:00,0,14.5,121.0,0001,0.002861023
2016-06-19 15:00:00,0,14.5,121.0,0001,0.031471252
2016-06-19 18:00:00,0,14.5,121.0,0001,0.02193451
2016-06-19 21:00:00,0,14.5,121.0,0001,0.00667572
2016-06-20 00:00:00,0,14.5,121.0,0001,0.333786
2016-06-20 03:00:00,0,14.5,121.0,0001,0.08678436
2016-06-20 06:00:00,0,14.5,121.0,0001,0.0042915344
2016-06-20 09:00:00,0,14.5,121.0,0001,0.16498566
2016-06-20 12:00:00,0,14.5,121.0,0001,4.593849
2016-06-20 15:00:00,0,14.5,121.0,0001,0.084877014
2016-06-20 18:00:00,0,14.5,121.0,0001,0.12731552
2016-06-20 21:00:00,0,14.5,121.0,0001,0.01001358
2016-06-21 00:00:00,0,14.5,121.0,0001,0.00667572
2016-06-21 03:00:00,0,14.5,121.0,0001,0.14019012
2016-06-21 06:00:00,0,14.5,121.0,0001,0.0705719
2016-06-21 09:00:00,0,14.5,121.0,0001,0.32615662
2016-06-21 12:00:00,0,14.5,121.0,0001,0.0
2016-06-21 15:00:00,0,14.5,121.0,0001,0.0
2016-06-21 18:00:00,0,14.5,121.0,0001,0.22506714
2016-06-21 21:00:00,0,14.5,121.0,0001,0.0052452087
2016-06-22 00:00:00,0,14.5,121.0,0001,0.01001358
2016-06-22 03:00:00,0,14.5,121.0,0001,0.17738342
2016-06-22 06:00:00,0,14.5,121.0,0001,0.34046173
2016-06-22 09:00:00,0,14.5,121.0,0001,0.04053116
2016-06-22 12:00:00,0,14.5,121.0,0001,0.03528595
2016-06-22 15:00:00,0,14.5,121.0,0001,0.1282692
2016-06-22 18:00:00,0,14.5,121.0,0001,0.19645691
2016-06-22 21:00:00,0,14.5,121.0,0001,0.872612
2016-06-23 00:00:00,0,14.5,121.0,0001,0.08106232
2016-06-23 03:00:00,0,14.5,121.0,0001,0.07867813
2016-06-23 06:00:00,0,14.5,121.0,0001,0.13875961
2016-06-23 09:00:00,0,14.5,121.0,0001,0.15830994
2016-06-23 12:00:00,0,14.5,121.0,0001,0.015258789
2016-06-23 15:00:00,0,14.5,121.0,0001,1.2102127
2016-06-23 18:00:00,0,14.5,121.0,0001,0.039100647
2016-06-23 21:00:00,0,14.5,121.0,0001,0.02002716
2016-06-24 00:00:00,0,14.5,121.0,0001,0.0076293945
2016-06-24 03:00:00,0,14.5,121.0,0001,0.21076202
2016-06-24 06:00:00,0,14.5,121.0,0001,0.10347366
2016-06-24 09:00:00,0,14.5,121.0,0001,0.70667267
2016-06-24 12:00:00,0,14.5,121.0,0001,0.31661987
2016-06-24 15:00:00,0,14.5,121.0,0001,0.0
2016-06-24 18:00:00,0,14.5,121.0,0001,0.022888184
2016-06-24 21:00:00,0,14.5,121.0,0001,0.9212494
2016-06-25 00:00:00,0,14.5,121.0,0001,0.0009536743
2016-06-25 03:00:00,0,14.5,121.0,0001,0.18501282
2016-06-25 06:00:00,0,14.5,121.0,0001,0.032901764
2016-06-25 09:00:00,0,14.5,121.0,0001,0.082969666
2016-06-25 12:00:00,0,14.5,121.0,0001,0.02002716
2016-06-25 15:00:00,0,14.5,121.0,0001,0.02670288
2016-06-25 18:00:00,0,14.5,121.0,0001,1.0719299
2016-06-25 21:00:00,0,14.5,121.0,0001,0.030517578
2016-06-26 00:00:00,0,14.5,121.0,0001,0.00333786
2016-06-26 03:00:00,0,14.5,121.0,0001,0.18501282
2016-06-26 06:00:00,0,14.5,121.0,0001,0.64849854
2016-06-26 09:00:00,0,14.5,121.0,0001,0.6494522
2016-06-26 12:00:00,0,14.5,121.0,0001,0.96559525
2016-06-26 15:00:00,0,14.5,121.0,0001,0.62561035
2016-06-26 18:00:00,0,14.5,121.0,0001,0.16212463
2016-06-26 21:00:00,0,14.5,121.0,0001,0.0104904175
2016-06-27 00:00:00,0,14.5,121.0,0001,0.012874603
2016-06-27 03:00:00,0,14.5,121.0,0001,0.500679
2016-06-27 06:00:00,0,14.5,121.0,0001,0.059604645
2016-06-27 09:00:00,0,14.5,121.0,0001,2.542019
2016-06-27 12:00:00,0,14.5,121.0,0001,0.64992905
2016-06-27 15:00:00,0,14.5,121.0,0001,0.0
2016-06-27 18:00:00,0,14.5,121.0,0001,0.0042915344
2016-06-27 21:00:00,0,14.5,121.0,0001,0.0071525574
2016-06-28 00:00:00,0,14.5,121.0,0001,0.0538826
2016-06-28 03:00:00,0,14.5,121.0,0001,0.15592575
2016-06-28 06:00:00,0,14.5,121.0,0001,0.19598007
2016-06-28 09:00:00,0,14.5,121.0,0001,3.493309
2016-06-28 12:00:00,0,14.5,121.0,0001,0.0047683716
2016-06-28 15:00:00,0,14.5,121.0,0001,0.25463104
2016-06-28 18:00:00,0,14.5,121.0,0001,0.00667572
2016-06-28 21:00:00,0,14.5,121.0,0001,0.056266785
2016-06-29 00:00:00,0,14.5,121.0,0001,0.05674362
2016-06-29 03:00:00,0,14.5,121.0,0001,0.15449524
2016-06-29 06:00:00,0,14.5,121.0,0001,0.31900406
2016-06-29 09:00:00,0,14.5,121.0,0001,0.118255615
2016-06-29 12:00:00,0,14.5,121.0,0001,0.18644333
2016-06-29 15:00:00,0,14.5,121.0,0001,0.08773804
2016-06-29 18:00:00,0,14.5,121.0,0001,0.05197525
2016-06-29 21:00:00,0,14.5,121.0,0001,0.29611588
2016-06-30 00:00:00,0,14.5,121.0,0001,0.02861023
2016-06-30 03:00:00,0,14.5,121.0,0001,0.15449524
2016-06-30 06:00:00,0,14.5,121.0,0001,0.46157837
2016-06-30 09:00:00,0,14.5,121.0,0001,0.22125244
2016-06-30 12:00:00,0,14.5,121.0,0001,0.00047683716
2016-06-30 15:00:00,0,14.5,121.0,0001,0.018119812
2016-06-30 18:00:00,0,14.5,121.0,0001,0.01335144
2016-06-30 21:00:00,0,14.5,121.0,0001,0.36668777
2016-07-01 00:00:00,0,14.5,121.0,0001,0.018119812
2016-07-01 03:00:00,0,14.5,121.0,0001,0.00667572
2016-07-01 06:00:00,0,14.5,121.0,0001,0.29087067
2016-07-01 09:00:00,0,14.5,121.0,0001,0.26655197
2016-07-01 12:00:00,0,14.5,121.0,0001,0.0071525574
2016-07-01 15:00:00,0,14.5,121.0,0001,0.2193451
2016-07-01 18:00:00,0,14.5,121.0,0001,0.0
2016-07-01 21:00:00,0,14.5,121.0,0001,1.185894
2016-07-02 00:00:00,0,14.5,121.0,0001,0.0743866
2016-07-02 03:00:00,0,14.5,121.0,0001,0.17166138
2016-07-02 06:00:00,0,14.5,121.0,0001,0.032424927
2016-07-02 09:00:00,0,14.5,121.0,0001,3.8542747
2016-07-02 12:00:00,0,14.5,121.0,0001,0.05531311
2016-07-02 15:00:00,0,14.5,121.0,0001,0.014305115
2016-07-02 18:00:00,0,14.5,121.0,0001,0.055789948
2016-07-02 21:00:00,0,14.5,121.0,0001,0.051498413
2016-07-03 00:00:00,0,14.5,121.0,0001,0.096321106
2016-07-03 03:00:00,0,14.5,121.0,0001,0.28419495
2016-07-03 06:00:00,0,14.5,121.0,0001,0.39958954
2016-07-03 09:00:00,0,14.5,121.0,0001,8.025169
2016-07-03 12:00:00,0,14.5,121.0,0001,0.6170273
2016-07-03 15:00:00,0,14.5,121.0,0001,0.1411438
2016-07-03 18:00:00,0,14.5,121.0,0001,0.0038146973
2016-07-03 21:00:00,0,14.5,121.0,0001,0.0019073486
2016-07-04 00:00:00,0,14.5,121.0,0001,0.0047683716
2016-07-04 03:00:00,0,14.5,121.0,0001,0.11205673
2016-07-04 06:00:00,0,14.5,121.0,0001,4.7745705
2016-07-04 09:00:00,0,14.5,121.0,0001,0.25892258
2016-07-04 12:00:00,0,14.5,121.0,0001,0.17118454
2016-07-04 15:00:00,0,14.5,121.0,0001,0.20360947
2016-07-04 18:00:00,0,14.5,121.0,0001,0.13685226
2016-07-04 21:00:00,0,14.5,121.0,0001,0.52309036
2016-07-05 00:00:00,0,14.5,121.0,0001,0.0743866
2016-07-05 03:00:00,0,14.5,121.0,0001,0.017642975
2016-07-05 06:00:00,0,14.5,121.0,0001,0.23937225
2016-07-05 09:00:00,0,14.5,121.0,0001,0.88977814
2016-07-05 12:00:00,0,14.5,121.0,0001,0.49686432
2016-07-05 15:00:00,0,14.5,121.0,0001,0.0076293945
2016-07-05 18:00:00,0,14.5,121.0,0001,0.14829636
2016-07-05 21:00:00,0,14.5,121.0,0001,0.0038146973
2016-07-06 00:00:00,0,14.5,121.0,0001,0.072956085
2016-07-06 03:00:00,0,14.5,121.0,0001,0.09012222
2016-07-06 06:00:00,0,14.5,121.0,0001,0.19073486
2016-07-06 09:00:00,0,14.5,121.0,0001,6.69384
2016-07-06 12:00:00,0,14.5,121.0,0001,0.6995201
2016-07-06 15:00:00,0,14.5,121.0,0001,0.071525574
2016-07-06 18:00:00,0,14.5,121.0,0001,0.28896332
2016-07-06 21:00:00,0,14.5,121.0,0001,0.09918213
2016-07-07 00:00:00,0,14.5,121.0,0001,0.21362305
2016-07-07 03:00:00,0,14.5,121.0,0001,0.42057037
2016-07-07 06:00:00,0,14.5,121.0,0001,0.5521774
2016-07-07 09:00:00,0,14.5,121.0,0001,0.20122528
2016-07-07 12:00:00,0,14.5,121.0,0001,0.20313263
2016-07-07 15:00:00,0,14.5,121.0,0001,0.2861023
2016-07-07 18:00:00,0,14.5,121.0,0001,0.35858154
2016-07-07 21:00:00,0,14.5,121.0,0001,0.8211136
2016-07-08 00:00:00,0,14.5,121.0,0001,0.890255
2016-07-08 03:00:00,0,14.5,121.0,0001,1.6155243
2016-07-08 06:00:00,0,14.5,121.0,0001,2.9978752
2016-07-08 09:00:00,0,14.5,121.0,0001,3.5643578
2016-07-08 12:00:00,0,14.5,121.0,0001,2.6798248
2016-07-08 15:00:00,0,14.5,121.0,0001,1.7671585
2016-07-08 18:00:00,0,14.5,121.0,0001,1.1148453
2016-07-08 21:00:00,0,14.5,121.0,0001,1.0223389
2016-07-09 00:00:00,0,14.5,121.0,0001,0.6504059
2016-07-09 03:00:00,0,14.5,121.0,0001,0.82683563
2016-07-09 06:00:00,0,14.5,121.0,0001,1.4519691
2016-07-09 09:00:00,0,14.5,121.0,0001,2.342701
2016-07-09 12:00:00,0,14.5,121.0,0001,1.5773773
2016-07-09 15:00:00,0,14.5,121.0,0001,0.4310608
2016-07-09 18:00:00,0,14.5,121.0,0001,0.48351288
2016-07-09 21:00:00,0,14.5,121.0,0001,0.45776367
2016-07-10 00:00:00,0,14.5,121.0,0001,0.2708435
2016-07-10 03:00:00,0,14.5,121.0,0001,0.6599426
2016-07-10 06:00:00,0,14.5,121.0,0001,3.4880638
2016-07-10 09:00:00,0,14.5,121.0,0001,0.2117157
2016-07-10 12:00:00,0,14.5,121.0,0001,0.1296997
2016-07-10 15:00:00,0,14.5,121.0,0001,0.04196167
2016-07-10 18:00:00,0,14.5,121.0,0001,0.0038146973
2016-07-10 21:00:00,0,14.5,121.0,0001,0.31375885
2016-07-11 00:00:00,0,14.5,121.0,0001,0.03862381
2016-07-11 03:00:00,0,14.5,121.0,0001,0.21457672
2016-07-11 06:00:00,0,14.5,121.0,0001,0.31089783
2016-07-11 09:00:00,0,14.5,121.0,0001,0.049591064
2016-07-11 12:00:00,0,14.5,121.0,0001,0.0
2016-07-11 15:00:00,0,14.5,121.0,0001,0.0
2016-07-11 18:00:00,0,14.5,121.0,0001,0.0
2016-07-11 21:00:00,0,14.5,121.0,0001,0.00047683716
2016-07-12 00:00:00,0,14.5,121.0,0001,0.00047683716
2016-07-12 03:00:00,0,14.5,121.0,0001,0.089645386
2016-07-12 06:00:00,0,14.5,121.0,0001,0.2527237
2016-07-12 09:00:00,0,14.5,121.0,0001,0.84495544
2016-07-12 12:00:00,0,14.5,121.0,0001,0.0009536743
2016-07-12 15:00:00,0,14.5,121.0,0001,0.0047683716
2016-07-12 18:00:00,0,14.5,121.0,0001,0.0
2016-07-12 21:00:00,0,14.5,121.0,0001,0.00047683716
2016-07-13 00:00:00,0,14.5,121.0,0001,0.0
2016-07-13 03:00:00,0,14.5,121.0,0001,0.11396408
2016-07-13 06:00:00,0,14.5,121.0,0001,0.06389618
2016-07-13 09:00:00,0,14.5,121.0,0001,0.20599365
2016-07-13 12:00:00,0,14.5,121.0,0001,0.0009536743
2016-07-13 15:00:00,0,14.5,121.0,0001,0.0
2016-07-13 18:00:00,0,14.5,121.0,0001,0.53596497
2016-07-13 21:00:00,0,14.5,121.0,0001,0.0
2016-07-14 00:00:00,0,14.5,121.0,0001,0.0023841858
2016-07-14 03:00:00,0,14.5,121.0,0001,0.10061264
2016-07-14 06:00:00,0,14.5,121.0,0001,0.06866455
2016-07-14 09:00:00,0,14.5,121.0,0001,2.5987625
2016-07-14 12:00:00,0,14.5,121.0,0001,0.00047683716
2016-07-14 15:00:00,0,14.5,121.0,0001,0.09918213
2016-07-14 18:00:00,0,14.5,121.0,0001,0.17213821
2016-07-14 21:00:00,0,14.5,121.0,0001,0.0
2016-07-15 00:00:00,0,14.5,121.0,0001,0.025749207
2016-07-15 03:00:00,0,14.5,121.0,0001,0.06484985
2016-07-15 06:00:00,0,14.5,121.0,0001,0.054836273
2016-07-15 09:00:00,0,14.5,121.0,0001,0.0
2016-07-15 12:00:00,0,14.5,121.0,0001,0.0
2016-07-15 15:00:00,0,14.5,121.0,0001,0.124931335
2016-07-15 18:00:00,0,14.5,121.0,0001,0.0705719
2016-07-15 21:00:00,0,14.5,121.0,0001,0.009536743
2016-07-16 00:00:00,0,14.5,121.0,0001,0.014305115
2016-07-16 03:00:00,0,14.5,121.0,0001,0.03194809
2016-07-16 06:00:00,0,14.5,121.0,0001,0.041007996
2016-07-16 09:00:00,0,14.5,121.0,0001,0.0
2016-07-16 12:00:00,0,14.5,121.0,0001,0.096321106
2016-07-16 15:00:00,0,14.5,121.0,0001,0.020980835
2016-07-16 18:00:00,0,14.5,121.0,0001,0.0
2016-07-16 21:00:00,0,14.5,121.0,0001,0.08010864
2016-07-17 00:00:00,0,14.5,121.0,0001,0.005722046
2016-07-17 03:00:00,0,14.5,121.0,0001,0.034809113
2016-07-17 06:00:00,0,14.5,121.0,0001,0.16069412
2016-07-17 09:00:00,0,14.5,121.0,0001,0.094890594
2016-07-17 12:00:00,0,14.5,121.0,0001,0.06198883
2016-07-17 15:00:00,0,14.5,121.0,0001,0.01335144
2016-07-17 18:00:00,0,14.5,121.0,0001,0.1077652
2016-07-17 21:00:00,0,14.5,121.0,0001,0.0
2016-07-18 00:00:00,0,14.5,121.0,0001,0.0
2016-07-18 03:00:00,0,14.5,121.0,0001,0.02670288
2016-07-18 06:00:00,0,14.5,121.0,0001,0.012874603
2016-07-18 09:00:00,0,14.5,121.0,0001,0.1001358
2016-07-18 12:00:00,0,14.5,121.0,0001,0.0
2016-07-18 15:00:00,0,14.5,121.0,0001,0.0052452087
2016-07-18 18:00:00,0,14.5,121.0,0001,0.00047683716
2016-07-18 21:00:00,0,14.5,121.0,0001,0.005722046
2016-07-19 00:00:00,0,14.5,121.0,0001,0.0038146973
2016-07-19 03:00:00,0,14.5,121.0,0001,0.030040741
2016-07-19 06:00:00,0,14.5,121.0,0001,0.50878525
2016-07-19 09:00:00,0,14.5,121.0,0001,0.10108948
2016-07-19 12:00:00,0,14.5,121.0,0001,0.0
2016-07-19 15:00:00,0,14.5,121.0,0001,0.0009536743
2016-07-19 18:00:00,0,14.5,121.0,0001,0.0009536743
2016-07-19 21:00:00,0,14.5,121.0,0001,0.0
2016-07-20 00:00:00,0,14.5,121.0,0001,0.027656555
2016-07-20 03:00:00,0,14.5,121.0,0001,0.071525574
2016-07-20 06:00:00,0,14.5,121.0,0001,0.046253204
2016-07-20 09:00:00,0,14.5,121.0,0001,0.40721893
2016-07-20 12:00:00,0,14.5,121.0,0001,0.00333786
2016-07-20 15:00:00,0,14.5,121.0,0001,0.011920929
2016-07-20 18:00:00,0,14.5,121.0,0001,0.039100647
2016-07-20 21:00:00,0,14.5,121.0,0001,0.0019073486
2016-07-21 00:00:00,0,14.5,121.0,0001,0.019073486
2016-07-21 03:00:00,0,14.5,121.0,0001,0.06055832
2016-07-21 06:00:00,0,14.5,121.0,0001,0.00667572
2016-07-21 09:00:00,0,14.5,121.0,0001,0.0
2016-07-21 12:00:00,0,14.5,121.0,0001,0.0
2016-07-21 15:00:00,0,14.5,121.0,0001,0.016212463
2016-07-21 18:00:00,0,14.5,121.0,0001,0.0104904175
2016-07-21 21:00:00,0,14.5,121.0,0001,0.06914139
2016-07-22 00:00:00,0,14.5,121.0,0001,0.020980835
2016-07-22 03:00:00,0,14.5,121.0,0001,0.104904175
2016-07-22 06:00:00,0,14.5,121.0,0001,0.5021095
2016-07-22 09:00:00,0,14.5,121.0,0001,3.976822
2016-07-22 12:00:00,0,14.5,121.0,0001,0.31089783
2016-07-22 15:00:00,0,14.5,121.0,0001,0.0
2016-07-22 18:00:00,0,14.5,121.0,0001,0.08249283
2016-07-22 21:00:00,0,14.5,121.0,0001,0.08773804
2016-07-23 00:00:00,0,14.5,121.0,0001,0.0019073486
2016-07-23 03:00:00,0,14.5,121.0,0001,0.24557114
2016-07-23 06:00:00,0,14.5,121.0,0001,0.6375313
2016-07-23 09:00:00,0,14.5,121.0,0001,0.7863045
2016-07-23 12:00:00,0,14.5,121.0,0001,1.6717911
2016-07-23 15:00:00,0,14.5,121.0,0001,0.18978119
2016-07-23 18:00:00,0,14.5,121.0,0001,0.0
2016-07-23 21:00:00,0,14.5,121.0,0001,0.0
2016-07-24 00:00:00,0,14.5,121.0,0001,0.00667572
2016-07-24 03:00:00,0,14.5,121.0,0001,0.04863739
2016-07-24 06:00:00,0,14.5,121.0,0001,0.022411346
2016-07-24 09:00:00,0,14.5,121.0,0001,0.089645386
2016-07-24 12:00:00,0,14.5,121.0,0001,1.8119812
2016-07-24 15:00:00,0,14.5,121.0,0001,0.1001358
2016-07-24 18:00:00,0,14.5,121.0,0001,0.00047683716
2016-07-24 21:00:00,0,14.5,121.0,0001,0.166893
2016-07-25 00:00:00,0,14.5,121.0,0001,0.02670288
2016-07-25 03:00:00,0,14.5,121.0,0001,0.17499924
2016-07-25 06:00:00,0,14.5,121.0,0001,2.5835037
2016-07-25 09:00:00,0,14.5,121.0,0001,0.0743866
2016-07-25 12:00:00,0,14.5,121.0,0001,0.015735626
2016-07-25 15:00:00,0,14.5,121.0,0001,0.89359283
2016-07-25 18:00:00,0,14.5,121.0,0001,0.0
2016-07-25 21:00:00,0,14.5,121.0,0001,0.07867813
2016-07-26 00:00:00,0,14.5,121.0,0001,0.0
2016-07-26 03:00:00,0,14.5,121.0,0001,0.16403198
2016-07-26 06:00:00,0,14.5,121.0,0001,0.032424927
2016-07-26 09:00:00,0,14.5,121.0,0001,1.1820793
2016-07-26 12:00:00,0,14.5,121.0,0001,0.029087067
2016-07-26 15:00:00,0,14.5,121.0,0001,0.0038146973
2016-07-26 18:00:00,0,14.5,121.0,0001,0.0023841858
2016-07-26 21:00:00,0,14.5,121.0,0001,0.20170212
2016-07-27 00:00:00,0,14.5,121.0,0001,0.011920929
2016-07-27 03:00:00,0,14.5,121.0,0001,0.07390976
2016-07-27 06:00:00,0,14.5,121.0,0001,0.0076293945
2016-07-27 09:00:00,0,14.5,121.0,0001,0.8907318
2016-07-27 12:00:00,0,14.5,121.0,0001,0.023841858
2016-07-27 15:00:00,0,14.5,121.0,0001,0.07343292
2016-07-27 18:00:00,0,14.5,121.0,0001,0.0333786
2016-07-27 21:00:00,0,14.5,121.0,0001,0.034332275
2016-07-28 00:00:00,0,14.5,121.0,0001,0.0014305115
2016-07-28 03:00:00,0,14.5,121.0,0001,0.14162064
2016-07-28 06:00:00,0,14.5,121.0,0001,0.09727478
2016-07-28 09:00:00,0,14.5,121.0,0001,0.05674362
2016-07-28 12:00:00,0,14.5,121.0,0001,0.24318695
2016-07-28 15:00:00,0,14.5,121.0,0001,0.0
2016-07-28 18:00:00,0,14.5,121.0,0001,0.061511993
2016-07-28 21:00:00,0,14.5,121.0,0001,0.02002716
2016-07-29 00:00:00,0,14.5,121.0,0001,0.0038146973
2016-07-29 03:00:00,0,14.5,121.0,0001,0.052452087
2016-07-29 06:00:00,0,14.5,121.0,0001,0.10251999
2016-07-29 09:00:00,0,14.5,121.0,0001,1.420021
2016-07-29 12:00:00,0,14.5,121.0,0001,0.0042915344
2016-07-29 15:00:00,0,14.5,121.0,0001,0.034332275
2016-07-29 18:00:00,0,14.5,121.0,0001,0.012874603
2016-07-29 21:00:00,0,14.5,121.0,0001,0.0009536743
2016-07-30 00:00:00,0,14.5,121.0,0001,0.05865097
2016-07-30 03:00:00,0,14.5,121.0,0001,0.054836273
2016-07-30 06:00:00,0,14.5,121.0,0001,0.014305115
2016-07-30 09:00:00,0,14.5,121.0,0001,0.030517578
2016-07-30 12:00:00,0,14.5,121.0,0001,1.0566711
2016-07-30 15:00:00,0,14.5,121.0,0001,0.114917755
2016-07-30 18:00:00,0,14.5,121.0,0001,0.10347366
2016-07-30 21:00:00,0,14.5,121.0,0001,0.091552734
2016-07-31 00:00:00,0,14.5,121.0,0001,0.30946732
2016-07-31 03:00:00,0,14.5,121.0,0001,0.15449524
2016-07-31 06:00:00,0,14.5,121.0,0001,0.22983551
2016-07-31 09:00:00,0,14.5,121.0,0001,0.45013428
2016-07-31 12:00:00,0,14.5,121.0,0001,0.23937225
2016-07-31 15:00:00,0,14.5,121.0,0001,0.1745224
2016-07-31 18:00:00,0,14.5,121.0,0001,0.16593933
2016-07-31 21:00:00,0,14.5,121.0,0001,0.07772446
2016-08-01 00:00:00,0,14.5,121.0,0001,0.37193298
2016-08-01 03:00:00,0,14.5,121.0,0001,0.19788742
2016-08-01 06:00:00,0,14.5,121.0,0001,0.46539307
2016-08-01 09:00:00,0,14.5,121.0,0001,0.3247261
2016-08-01 12:00:00,0,14.5,121.0,0001,0.9355545
2016-08-01 15:00:00,0,14.5,121.0,0001,0.5559921
2016-08-01 18:00:00,0,14.5,121.0,0001,0.35858154
2016-08-01 21:00:00,0,14.5,121.0,0001,0.6313324
2016-08-02 00:00:00,0,14.5,121.0,0001,0.31232834
2016-08-02 03:00:00,0,14.5,121.0,0001,0.114917755
2016-08-02 06:00:00,0,14.5,121.0,0001,0.1835823
2016-08-02 09:00:00,0,14.5,121.0,0001,0.40245056
2016-08-02 12:00:00,0,14.5,121.0,0001,0.031471252
2016-08-02 15:00:00,0,14.5,121.0,0001,0.0
2016-08-02 18:00:00,0,14.5,121.0,0001,0.006198883
2016-08-02 21:00:00,0,14.5,121.0,0001,0.0
2016-08-03 00:00:00,0,14.5,121.0,0001,0.0
2016-08-03 03:00:00,0,14.5,121.0,0001,0.10967255
2016-08-03 06:00:00,0,14.5,121.0,0001,0.061511993
2016-08-03 09:00:00,0,14.5,121.0,0001,0.034332275
2016-08-03 12:00:00,0,14.5,121.0,0001,0.4553795
2016-08-03 15:00:00,0,14.5,121.0,0001,0.0
2016-08-03 18:00:00,0,14.5,121.0,0001,0.0
2016-08-03 21:00:00,0,14.5,121.0,0001,0.0
2016-08-04 00:00:00,0,14.5,121.0,0001,0.027656555
2016-08-04 03:00:00,0,14.5,121.0,0001,0.034332275
2016-08-04 06:00:00,0,14.5,121.0,0001,0.039100647
2016-08-04 09:00:00,0,14.5,121.0,0001,0.35190582
2016-08-04 12:00:00,0,14.5,121.0,0001,0.17738342
2016-08-04 15:00:00,0,14.5,121.0,0001,0.0910759
2016-08-04 18:00:00,0,14.5,121.0,0001,0.32424927
2016-08-04 21:00:00,0,14.5,121.0,0001,0.0019073486
2016-08-05 00:00:00,0,14.5,121.0,0001,0.00333786
2016-08-05 03:00:00,0,14.5,121.0,0001,0.078201294
2016-08-05 06:00:00,0,14.5,121.0,0001,0.20360947
2016-08-05 09:00:00,0,14.5,121.0,0001,1.636982
2016-08-05 12:00:00,0,14.5,121.0,0001,0.9274483
2016-08-05 15:00:00,0,14.5,121.0,0001,0.48398972
2016-08-05 18:00:00,0,14.5,121.0,0001,0.012874603
2016-08-05 21:00:00,0,14.5,121.0,0001,0.37288666
2016-08-06 00:00:00,0,14.5,121.0,0001,0.0705719
2016-08-06 03:00:00,0,14.5,121.0,0001,0.15497208
2016-08-06 06:00:00,0,14.5,121.0,0001,0.5903244
2016-08-06 09:00:00,0,14.5,121.0,0001,0.8907318
2016-08-06 12:00:00,0,14.5,121.0,0001,1.4381409
2016-08-06 15:00:00,0,14.5,121.0,0001,0.22506714
2016-08-06 18:00:00,0,14.5,121.0,0001,0.31757355
2016-08-06 21:00:00,0,14.5,121.0,0001,0.38719177
2016-08-07 00:00:00,0,14.5,121.0,0001,0.14400482
2016-08-07 03:00:00,0,14.5,121.0,0001,0.5559921
2016-08-07 06:00:00,0,14.5,121.0,0001,0.4119873
2016-08-07 09:00:00,0,14.5,121.0,0001,1.3923645
2016-08-07 12:00:00,0,14.5,121.0,0001,2.3078918
2016-08-07 15:00:00,0,14.5,121.0,0001,1.742363
2016-08-07 18:00:00,0,14.5,121.0,0001,0.3323555
2016-08-07 21:00:00,0,14.5,121.0,0001,0.91362
2016-08-08 00:00:00,0,14.5,121.0,0001,0.34999847
2016-08-08 03:00:00,0,14.5,121.0,0001,1.0490417
2016-08-08 06:00:00,0,14.5,121.0,0001,1.9488335
2016-08-08 09:00:00,0,14.5,121.0,0001,3.1690598
2016-08-08 12:00:00,0,14.5,121.0,0001,1.727581
2016-08-08 15:00:00,0,14.5,121.0,0001,1.4667511
2016-08-08 18:00:00,0,14.5,121.0,0001,2.383232
2016-08-08 21:00:00,0,14.5,121.0,0001,2.9797554
2016-08-09 00:00:00,0,14.5,121.0,0001,1.5115738
2016-08-09 03:00:00,0,14.5,121.0,0001,0.7481575
2016-08-09 06:00:00,0,14.5,121.0,0001,1.7557144
2016-08-09 09:00:00,0,14.5,121.0,0001,1.5864372
2016-08-09 12:00:00,0,14.5,121.0,0001,0.8158684
2016-08-09 15:00:00,0,14.5,121.0,0001,2.1309853
2016-08-09 18:00:00,0,14.5,121.0,0001,3.2954216
2016-08-09 21:00:00,0,14.5,121.0,0001,2.4428368
2016-08-10 00:00:00,0,14.5,121.0,0001,0.6489754
2016-08-10 03:00:00,0,14.5,121.0,0001,2.524376
2016-08-10 06:00:00,0,14.5,121.0,0001,1.9226074
2016-08-10 09:00:00,0,14.5,121.0,0001,0.5645752
2016-08-10 12:00:00,0,14.5,121.0,0001,0.9531975
2016-08-10 15:00:00,0,14.5,121.0,0001,1.999855
2016-08-10 18:00:00,0,14.5,121.0,0001,3.5877228
2016-08-10 21:00:00,0,14.5,121.0,0001,2.5515556
2016-08-11 00:00:00,0,14.5,121.0,0001,2.9058456
2016-08-11 03:00:00,0,14.5,121.0,0001,1.1601448
2016-08-11 06:00:00,0,14.5,121.0,0001,0.5393028
2016-08-11 09:00:00,0,14.5,121.0,0001,1.3771057
2016-08-11 12:00:00,0,14.5,121.0,0001,0.5784035
2016-08-11 15:00:00,0,14.5,121.0,0001,0.28324127
2016-08-11 18:00:00,0,14.5,121.0,0001,0.2450943
2016-08-11 21:00:00,0,14.5,121.0,0001,0.57029724
2016-08-12 00:00:00,0,14.5,121.0,0001,2.8152466
2016-08-12 03:00:00,0,14.5,121.0,0001,0.45871735
2016-08-12 06:00:00,0,14.5,121.0,0001,1.1329651
2016-08-12 09:00:00,0,14.5,121.0,0001,0.8068085
2016-08-12 12:00:00,0,14.5,121.0,0001,0.2913475
2016-08-12 15:00:00,0,14.5,121.0,0001,0.25367737
2016-08-12 18:00:00,0,14.5,121.0,0001,0.26655197
2016-08-12 21:00:00,0,14.5,121.0,0001,0.23841858
2016-08-13 00:00:00,0,14.5,121.0,0001,0.26750565
2016-08-13 03:00:00,0,14.5,121.0,0001,0.7677078
2016-08-13 06:00:00,0,14.5,121.0,0001,1.0733604
2016-08-13 09:00:00,0,14.5,121.0,0001,1.3618469
2016-08-13 12:00:00,0,14.5,121.0,0001,1.2950897
2016-08-13 15:00:00,0,14.5,121.0,0001,0.5617142
2016-08-13 18:00:00,0,14.5,121.0,0001,1.244545
2016-08-13 21:00:00,0,14.5,121.0,0001,0.31995773
2016-08-14 00:00:00,0,14.5,121.0,0001,0.39100647
2016-08-14 03:00:00,0,14.5,121.0,0001,0.7724762
2016-08-14 06:00:00,0,14.5,121.0,0001,1.2598038
2016-08-14 09:00:00,0,14.5,121.0,0001,0.66661835
2016-08-14 12:00:00,0,14.5,121.0,0001,0.5812645
2016-08-14 15:00:00,0,14.5,121.0,0001,0.41007996
2016-08-14 18:00:00,0,14.5,121.0,0001,0.24747849
2016-08-14 21:00:00,0,14.5,121.0,0001,0.32186508
2016-08-15 00:00:00,0,14.5,121.0,0001,0.54359436
2016-08-15 03:00:00,0,14.5,121.0,0001,0.6842613
2016-08-15 06:00:00,0,14.5,121.0,0001,0.4825592
2016-08-15 09:00:00,0,14.5,121.0,0001,0.620842
2016-08-15 12:00:00,0,14.5,121.0,0001,0.72336197
2016-08-15 15:00:00,0,14.5,121.0,0001,0.1912117
2016-08-15 18:00:00,0,14.5,121.0,0001,0.65660477
2016-08-15 21:00:00,0,14.5,121.0,0001,0.3786087
2016-08-16 00:00:00,0,14.5,121.0,0001,0.18072128
2016-08-16 03:00:00,0,14.5,121.0,0001,0.44441223
2016-08-16 06:00:00,0,14.5,121.0,0001,0.7419586
2016-08-16 09:00:00,0,14.5,121.0,0001,2.0165443
2016-08-16 12:00:00,0,14.5,121.0,0001,0.69475174
2016-08-16 15:00:00,0,14.5,121.0,0001,0.22220612
2016-08-16 18:00:00,0,14.5,121.0,0001,0.29230118
2016-08-16 21:00:00,0,14.5,121.0,0001,0.18548965
2016-08-17 00:00:00,0,14.5,121.0,0001,0.28324127
2016-08-17 03:00:00,0,14.5,121.0,0001,0.5431175
2016-08-17 06:00:00,0,14.5,121.0,0001,2.7160645
2016-08-17 09:00:00,0,14.5,121.0,0001,1.9712448
2016-08-17 12:00:00,0,14.5,121.0,0001,0.1296997
2016-08-17 15:00:00,0,14.5,121.0,0001,0.09202957
2016-08-17 18:00:00,0,14.5,121.0,0001,0.330925
2016-08-17 21:00:00,0,14.5,121.0,0001,0.17738342
2016-08-18 00:00:00,0,14.5,121.0,0001,0.12588501
2016-08-18 03:00:00,0,14.5,121.0,0001,0.098228455
2016-08-18 06:00:00,0,14.5,121.0,0001,0.12588501
2016-08-18 09:00:00,0,14.5,121.0,0001,1.0824203
2016-08-18 12:00:00,0,14.5,121.0,0001,0.09536743
2016-08-18 15:00:00,0,14.5,121.0,0001,0.09727478
2016-08-18 18:00:00,0,14.5,121.0,0001,0.120162964
2016-08-18 21:00:00,0,14.5,121.0,0001,0.08058548
2016-08-19 00:00:00,0,14.5,121.0,0001,0.06484985
2016-08-19 03:00:00,0,14.5,121.0,0001,0.2245903
2016-08-19 06:00:00,0,14.5,121.0,0001,1.0409355
2016-08-19 09:00:00,0,14.5,121.0,0001,0.6299019
2016-08-19 12:00:00,0,14.5,121.0,0001,1.5072823
2016-08-19 15:00:00,0,14.5,121.0,0001,0.071525574
2016-08-19 18:00:00,0,14.5,121.0,0001,0.30517578
2016-08-19 21:00:00,0,14.5,121.0,0001,0.05865097
2016-08-20 00:00:00,0,14.5,121.0,0001,0.102996826
2016-08-20 03:00:00,0,14.5,121.0,0001,0.85783005
2016-08-20 06:00:00,0,14.5,121.0,0001,0.5688667
2016-08-20 09:00:00,0,14.5,121.0,0001,0.35333633
2016-08-20 12:00:00,0,14.5,121.0,0001,0.2937317
2016-08-20 15:00:00,0,14.5,121.0,0001,0.26607513
2016-08-20 18:00:00,0,14.5,121.0,0001,0.84781647
2016-08-20 21:00:00,0,14.5,121.0,0001,0.24271011
2016-08-21 00:00:00,0,14.5,121.0,0001,0.4272461
2016-08-21 03:00:00,0,14.5,121.0,0001,0.11444092
2016-08-21 06:00:00,0,14.5,121.0,0001,0.5736351
2016-08-21 09:00:00,0,14.5,121.0,0001,0.41151047
2016-08-21 12:00:00,0,14.5,121.0,0001,0.18787384
2016-08-21 15:00:00,0,14.5,121.0,0001,1.3484955
2016-08-21 18:00:00,0,14.5,121.0,0001,0.40769577
2016-08-21 21:00:00,0,14.5,121.0,0001,1.0185242
2016-08-22 00:00:00,0,14.5,121.0,0001,0.4734993
2016-08-22 03:00:00,0,14.5,121.0,0001,1.0399818
2016-08-22 06:00:00,0,14.5,121.0,0001,1.4138222
2016-08-22 09:00:00,0,14.5,121.0,0001,0.96416473
2016-08-22 12:00:00,0,14.5,121.0,0001,0.7519722
2016-08-22 15:00:00,0,14.5,121.0,0001,0.022888184
2016-08-22 18:00:00,0,14.5,121.0,0001,0.054359436
2016-08-22 21:00:00,0,14.5,121.0,0001,0.25749207
2016-08-23 00:00:00,0,14.5,121.0,0001,0.18882751
2016-08-23 03:00:00,0,14.5,121.0,0001,0.20360947
2016-08-23 06:00:00,0,14.5,121.0,0001,0.25081635
2016-08-23 09:00:00,0,14.5,121.0,0001,0.19168854
2016-08-23 12:00:00,0,14.5,121.0,0001,0.06866455
2016-08-23 15:00:00,0,14.5,121.0,0001,0.058174133
2016-08-23 18:00:00,0,14.5,121.0,0001,0.10061264
2016-08-23 21:00:00,0,14.5,121.0,0001,0.13780594
2016-08-24 00:00:00,0,14.5,121.0,0001,0.14829636
2016-08-24 03:00:00,0,14.5,121.0,0001,0.15640259
2016-08-24 06:00:00,0,14.5,121.0,0001,0.27036667
2016-08-24 09:00:00,0,14.5,121.0,0001,0.23078918
2016-08-24 12:00:00,0,14.5,121.0,0001,0.1411438
2016-08-24 15:00:00,0,14.5,121.0,0001,0.12874603
2016-08-24 18:00:00,0,14.5,121.0,0001,0.1411438
2016-08-24 21:00:00,0,14.5,121.0,0001,0.102996826
2016-08-25 00:00:00,0,14.5,121.0,0001,0.15354156
2016-08-25 03:00:00,0,14.5,121.0,0001,0.13542175
2016-08-25 06:00:00,0,14.5,121.0,0001,0.5569458
2016-08-25 09:00:00,0,14.5,121.0,0001,0.25892258
2016-08-25 12:00:00,0,14.5,121.0,0001,0.11348724
2016-08-25 15:00:00,0,14.5,121.0,0001,0.13923645
2016-08-25 18:00:00,0,14.5,121.0,0001,0.09441376
2016-08-25 21:00:00,0,14.5,121.0,0001,0.14781952
2016-08-26 00:00:00,0,14.5,121.0,0001,0.14448166
2016-08-26 03:00:00,0,14.5,121.0,0001,0.32424927
2016-08-26 06:00:00,0,14.5,121.0,0001,0.6046295
2016-08-26 09:00:00,0,14.5,121.0,0001,0.18024445
2016-08-26 12:00:00,0,14.5,121.0,0001,0.0705719
2016-08-26 15:00:00,0,14.5,121.0,0001,0.11730194
2016-08-26 18:00:00,0,14.5,121.0,0001,0.06055832
2016-08-26 21:00:00,0,14.5,121.0,0001,0.28705597
2016-08-27 00:00:00,0,14.5,121.0,0001,0.116825104
2016-08-27 03:00:00,0,14.5,121.0,0001,0.1783371
2016-08-27 06:00:00,0,14.5,121.0,0001,0.57697296
2016-08-27 09:00:00,0,14.5,121.0,0001,0.16784668
2016-08-27 12:00:00,0,14.5,121.0,0001,0.039100647
2016-08-27 15:00:00,0,14.5,121.0,0001,0.58841705
2016-08-27 18:00:00,0,14.5,121.0,0001,0.071525574
2016-08-27 21:00:00,0,14.5,121.0,0001,0.09012222
2016-08-28 00:00:00,0,14.5,121.0,0001,0.15878677
2016-08-28 03:00:00,0,14.5,121.0,0001,0.09346008
2016-08-28 06:00:00,0,14.5,121.0,0001,0.4172325
2016-08-28 09:00:00,0,14.5,121.0,0001,0.24938583
2016-08-28 12:00:00,0,14.5,121.0,0001,0.3490448
2016-08-28 15:00:00,0,14.5,121.0,0001,0.120162964
2016-08-28 18:00:00,0,14.5,121.0,0001,0.1578331
2016-08-28 21:00:00,0,14.5,121.0,0001,0.10251999
2016-08-29 00:00:00,0,14.5,121.0,0001,0.41007996
2016-08-29 03:00:00,0,14.5,121.0,0001,0.14781952
2016-08-29 06:00:00,0,14.5,121.0,0001,0.61941147
2016-08-29 09:00:00,0,14.5,121.0,0001,0.030517578
2016-08-29 12:00:00,0,14.5,121.0,0001,0.06818771
2016-08-29 15:00:00,0,14.5,121.0,0001,0.062942505
2016-08-29 18:00:00,0,14.5,121.0,0001,0.11253357
2016-08-29 21:00:00,0,14.5,121.0,0001,0.15544891
2016-08-30 00:00:00,0,14.5,121.0,0001,0.12207031
2016-08-30 03:00:00,0,14.5,121.0,0001,0.19454956
2016-08-30 06:00:00,0,14.5,121.0,0001,0.2040863
2016-08-30 09:00:00,0,14.5,121.0,0001,0.02670288
2016-08-30 12:00:00,0,14.5,121.0,0001,0.055789948
2016-08-30 15:00:00,0,14.5,121.0,0001,0.10204315
2016-08-30 18:00:00,0,14.5,121.0,0001,0.079631805
2016-08-30 21:00:00,0,14.5,121.0,0001,0.039100647
2016-08-31 00:00:00,0,14.5,121.0,0001,0.19979477
2016-08-31 03:00:00,0,14.5,121.0,0001,0.13160706
2016-08-31 06:00:00,0,14.5,121.0,0001,0.34332275
2016-08-31 09:00:00,0,14.5,121.0,0001,0.022888184
2016-08-31 12:00:00,0,14.5,121.0,0001,0.039100647
2016-08-31 15:00:00,0,14.5,121.0,0001,0.08106232
2016-08-31 18:00:00,0,14.5,121.0,0001,0.071525574
2016-08-31 21:00:00,0,14.5,121.0,0001,0.071525574
2016-09-01 00:00:00,0,14.5,121.0,0001,0.1540184
2016-09-01 03:00:00,0,14.5,121.0,0001,0.0071525574
2016-09-01 06:00:00,0,14.5,121.0,0001,0.0
2016-09-01 09:00:00,0,14.5,121.0,0001,0.0
2016-09-01 12:00:00,0,14.5,121.0,0001,0.0
2016-09-01 15:00:00,0,14.5,121.0,0001,0.0047683716
2016-09-01 18:00:00,0,14.5,121.0,0001,0.019073486
2016-09-01 21:00:00,0,14.5,121.0,0001,0.009536743
2016-09-02 00:00:00,0,14.5,121.0,0001,0.012397766
2016-09-02 03:00:00,0,14.5,121.0,0001,0.045776367
2016-09-02 06:00:00,0,14.5,121.0,0001,0.039100647
2016-09-02 09:00:00,0,14.5,121.0,0001,0.0019073486
2016-09-02 12:00:00,0,14.5,121.0,0001,0.0023841858
2016-09-02 15:00:00,0,14.5,121.0,0001,0.039577484
2016-09-02 18:00:00,0,14.5,121.0,0001,0.05722046
2016-09-02 21:00:00,0,14.5,121.0,0001,0.019073486
2016-09-03 00:00:00,0,14.5,121.0,0001,0.05722046
2016-09-03 03:00:00,0,14.5,121.0,0001,0.01335144
2016-09-03 06:00:00,0,14.5,121.0,0001,0.09250641
2016-09-03 09:00:00,0,14.5,121.0,0001,0.059127808
2016-09-03 12:00:00,0,14.5,121.0,0001,0.089645386
2016-09-03 15:00:00,0,14.5,121.0,0001,0.042915344
2016-09-03 18:00:00,0,14.5,121.0,0001,0.16975403
2016-09-03 21:00:00,0,14.5,121.0,0001,0.10871887
2016-09-04 00:00:00,0,14.5,121.0,0001,0.18596649
2016-09-04 03:00:00,0,14.5,121.0,0001,0.3042221
2016-09-04 06:00:00,0,14.5,121.0,0001,1.686573
2016-09-04 09:00:00,0,14.5,121.0,0001,0.6546974
2016-09-04 12:00:00,0,14.5,121.0,0001,0.10538101
2016-09-04 15:00:00,0,14.5,121.0,0001,0.060081482
2016-09-04 18:00:00,0,14.5,121.0,0001,0.5903244
2016-09-04 21:00:00,0,14.5,121.0,0001,0.030040741
2016-09-05 00:00:00,0,14.5,121.0,0001,0.027656555
2016-09-05 03:00:00,0,14.5,121.0,0001,0.07534027
2016-09-05 06:00:00,0,14.5,121.0,0001,2.6416779
2016-09-05 09:00:00,0,14.5,121.0,0001,0.030517578
2016-09-05 12:00:00,0,14.5,121.0,0001,0.07534027
2016-09-05 15:00:00,0,14.5,121.0,0001,0.00667572
2016-09-05 18:00:00,0,14.5,121.0,0001,0.0047683716
2016-09-05 21:00:00,0,14.5,121.0,0001,0.0047683716
2016-09-06 00:00:00,0,14.5,121.0,0001,0.0
2016-09-06 03:00:00,0,14.5,121.0,0001,0.02861023
2016-09-06 06:00:00,0,14.5,121.0,0001,0.0166893
2016-09-06 09:00:00,0,14.5,121.0,0001,0.19359589
2016-09-06 12:00:00,0,14.5,121.0,0001,0.060081482
2016-09-06 15:00:00,0,14.5,121.0,0001,0.020980835
2016-09-06 18:00:00,0,14.5,121.0,0001,0.0
2016-09-06 21:00:00,0,14.5,121.0,0001,0.039100647
2016-09-07 00:00:00,0,14.5,121.0,0001,0.02861023
2016-09-07 03:00:00,0,14.5,121.0,0001,0.02002716
2016-09-07 06:00:00,0,14.5,121.0,0001,0.042438507
2016-09-07 09:00:00,0,14.5,121.0,0001,0.00047683716
2016-09-07 12:00:00,0,14.5,121.0,0001,0.0023841858
2016-09-07 15:00:00,0,14.5,121.0,0001,1.3589859
2016-09-07 18:00:00,0,14.5,121.0,0001,0.002861023
2016-09-07 21:00:00,0,14.5,121.0,0001,0.00333786
2016-09-08 00:00:00,0,14.5,121.0,0001,0.07343292
2016-09-08 03:00:00,0,14.5,121.0,0001,0.0166893
2016-09-08 06:00:00,0,14.5,121.0,0001,0.0166893
2016-09-08 09:00:00,0,14.5,121.0,0001,0.53834915
2016-09-08 12:00:00,0,14.5,121.0,0001,1.0638237
2016-09-08 15:00:00,0,14.5,121.0,0001,0.051498413
2016-09-08 18:00:00,0,14.5,121.0,0001,0.0047683716
2016-09-08 21:00:00,0,14.5,121.0,0001,0.0
2016-09-09 00:00:00,0,14.5,121.0,0001,0.0023841858
2016-09-09 03:00:00,0,14.5,121.0,0001,0.1373291
2016-09-09 06:00:00,0,14.5,121.0,0001,0.079631805
2016-09-09 09:00:00,0,14.5,121.0,0001,0.43058395
2016-09-09 12:00:00,0,14.5,121.0,0001,0.12302399
2016-09-09 15:00:00,0,14.5,121.0,0001,0.22602081
2016-09-09 18:00:00,0,14.5,121.0,0001,0.19788742
2016-09-09 21:00:00,0,14.5,121.0,0001,0.5927086
2016-09-10 00:00:00,0,14.5,121.0,0001,0.009536743
2016-09-10 03:00:00,0,14.5,121.0,0001,0.026226044
2016-09-10 06:00:00,0,14.5,121.0,0001,0.23555756
2016-09-10 09:00:00,0,14.5,121.0,0001,0.07867813
2016-09-10 12:00:00,0,14.5,121.0,0001,0.11444092
2016-09-10 15:00:00,0,14.5,121.0,0001,1.4314651
2016-09-10 18:00:00,0,14.5,121.0,0001,0.00333786
2016-09-10 21:00:00,0,14.5,121.0,0001,0.02193451
2016-09-11 00:00:00,0,14.5,121.0,0001,0.03385544
2016-09-11 03:00:00,0,14.5,121.0,0001,0.16212463
2016-09-11 06:00:00,0,14.5,121.0,0001,0.07677078
2016-09-11 09:00:00,0,14.5,121.0,0001,0.0009536743
2016-09-11 12:00:00,0,14.5,121.0,0001,0.00333786
2016-09-11 15:00:00,0,14.5,121.0,0001,0.0
2016-09-11 18:00:00,0,14.5,121.0,0001,0.27894974
2016-09-11 21:00:00,0,14.5,121.0,0001,0.00047683716
2016-09-12 00:00:00,0,14.5,121.0,0001,0.0
2016-09-12 03:00:00,0,14.5,121.0,0001,0.10585785
2016-09-12 06:00:00,0,14.5,121.0,0001,0.28467178
2016-09-12 09:00:00,0,14.5,121.0,0001,0.63180923
2016-09-12 12:00:00,0,14.5,121.0,0001,0.079631805
2016-09-12 15:00:00,0,14.5,121.0,0001,0.05722046
2016-09-12 18:00:00,0,14.5,121.0,0001,0.08249283
2016-09-12 21:00:00,0,14.5,121.0,0001,0.114917755
2016-09-13 00:00:00,0,14.5,121.0,0001,0.081539154
2016-09-13 03:00:00,0,14.5,121.0,0001,0.10681152
2016-09-13 06:00:00,0,14.5,121.0,0001,0.20265579
2016-09-13 09:00:00,0,14.5,121.0,0001,0.06771088
2016-09-13 12:00:00,0,14.5,121.0,0001,0.0910759
2016-09-13 15:00:00,0,14.5,121.0,0001,0.26130676
2016-09-13 18:00:00,0,14.5,121.0,0001,0.1707077
2016-09-13 21:00:00,0,14.5,121.0,0001,0.071525574
2016-09-14 00:00:00,0,14.5,121.0,0001,0.11920929
2016-09-14 03:00:00,0,14.5,121.0,0001,0.16880035
2016-09-14 06:00:00,0,14.5,121.0,0001,2.0508766
2016-09-14 09:00:00,0,14.5,121.0,0001,0.11634827
2016-09-14 12:00:00,0,14.5,121.0,0001,0.062942505
2016-09-14 15:00:00,0,14.5,121.0,0001,0.039100647
2016-09-14 18:00:00,0,14.5,121.0,0001,0.10728836
2016-09-14 21:00:00,0,14.5,121.0,0001,0.19741058
2016-09-15 00:00:00,0,14.5,121.0,0001,0.22315979
2016-09-15 03:00:00,0,14.5,121.0,0001,0.19359589
2016-09-15 06:00:00,0,14.5,121.0,0001,0.18119812
2016-09-15 09:00:00,0,14.5,121.0,0001,1.0075569
2016-09-15 12:00:00,0,14.5,121.0,0001,0.1950264
2016-09-15 15:00:00,0,14.5,121.0,0001,0.11920929
2016-09-15 18:00:00,0,14.5,121.0,0001,0.039100647
2016-09-15 21:00:00,0,14.5,121.0,0001,0.06055832
2016-09-16 00:00:00,0,14.5,121.0,0001,0.14066696
2016-09-16 03:00:00,0,14.5,121.0,0001,0.22649765
2016-09-16 06:00:00,0,14.5,121.0,0001,0.29420853
2016-09-16 09:00:00,0,14.5,121.0,0001,0.05531311
2016-09-16 12:00:00,0,14.5,121.0,0001,0.0047683716
2016-09-16 15:00:00,0,14.5,121.0,0001,0.060081482
2016-09-16 18:00:00,0,14.5,121.0,0001,0.011444092
2016-09-16 21:00:00,0,14.5,121.0,0001,0.0
2016-09-17 00:00:00,0,14.5,121.0,0001,0.034332275
2016-09-17 03:00:00,0,14.5,121.0,0001,0.2708435
2016-09-17 06:00:00,0,14.5,121.0,0001,0.19168854
2016-09-17 09:00:00,0,14.5,121.0,0001,0.39243698
2016-09-17 12:00:00,0,14.5,121.0,0001,0.039100647
2016-09-17 15:00:00,0,14.5,121.0,0001,0.02336502
2016-09-17 18:00:00,0,14.5,121.0,0001,0.009059906
2016-09-17 21:00:00,0,14.5,121.0,0001,0.039577484
2016-09-18 00:00:00,0,14.5,121.0,0001,0.12588501
2016-09-18 03:00:00,0,14.5,121.0,0001,0.9589195
2016-09-18 06:00:00,0,14.5,121.0,0001,0.310421
2016-09-18 09:00:00,0,14.5,121.0,0001,2.799034
2016-09-18 12:00:00,0,14.5,121.0,0001,0.024318695
2016-09-18 15:00:00,0,14.5,121.0,0001,0.034332275
2016-09-18 18:00:00,0,14.5,121.0,0001,0.002861023
2016-09-18 21:00:00,0,14.5,121.0,0001,0.07200241
2016-09-19 00:00:00,0,14.5,121.0,0001,2.3736954
2016-09-19 03:00:00,0,14.5,121.0,0001,0.15830994
2016-09-19 06:00:00,0,14.5,121.0,0001,1.0986328
2016-09-19 09:00:00,0,14.5,121.0,0001,0.9713173
2016-09-19 12:00:00,0,14.5,121.0,0001,0.05054474
2016-09-19 15:00:00,0,14.5,121.0,0001,1.0194778
2016-09-19 18:00:00,0,14.5,121.0,0001,0.0009536743
2016-09-19 21:00:00,0,14.5,121.0,0001,0.005722046
2016-09-20 00:00:00,0,14.5,121.0,0001,0.16975403
2016-09-20 03:00:00,0,14.5,121.0,0001,0.02861023
2016-09-20 06:00:00,0,14.5,121.0,0001,0.5235672
2016-09-20 09:00:00,0,14.5,121.0,0001,0.1912117
2016-09-20 12:00:00,0,14.5,121.0,0001,0.7734299
2016-09-20 15:00:00,0,14.5,121.0,0001,0.023841858
2016-09-20 18:00:00,0,14.5,121.0,0001,0.0009536743
2016-09-20 21:00:00,0,14.5,121.0,0001,0.011920929
2016-09-21 00:00:00,0,14.5,121.0,0001,0.18835068
2016-09-21 03:00:00,0,14.5,121.0,0001,0.10585785
2016-09-21 06:00:00,0,14.5,121.0,0001,0.19931793
2016-09-21 09:00:00,0,14.5,121.0,0001,0.0
2016-09-21 12:00:00,0,14.5,121.0,0001,0.00047683716
2016-09-21 15:00:00,0,14.5,121.0,0001,0.0009536743
2016-09-21 18:00:00,0,14.5,121.0,0001,0.0019073486
2016-09-21 21:00:00,0,14.5,121.0,0001,0.6656647
2016-09-22 00:00:00,0,14.5,121.0,0001,0.11062622
2016-09-22 03:00:00,0,14.5,121.0,0001,0.16307831
2016-09-22 06:00:00,0,14.5,121.0,0001,0.36287308
2016-09-22 09:00:00,0,14.5,121.0,0001,0.10061264
2016-09-22 12:00:00,0,14.5,121.0,0001,0.15735626
2016-09-22 15:00:00,0,14.5,121.0,0001,4.1918755
2016-09-22 18:00:00,0,14.5,121.0,0001,0.096321106
2016-09-22 21:00:00,0,14.5,121.0,0001,0.6752014
2016-09-23 00:00:00,0,14.5,121.0,0001,0.0009536743
2016-09-23 03:00:00,0,14.5,121.0,0001,0.123500824
2016-09-23 06:00:00,0,14.5,121.0,0001,0.34570694
2016-09-23 09:00:00,0,14.5,121.0,0001,3.40271
2016-09-23 12:00:00,0,14.5,121.0,0001,0.002861023
2016-09-23 15:00:00,0,14.5,121.0,0001,0.0
2016-09-23 18:00:00,0,14.5,121.0,0001,0.011444092
2016-09-23 21:00:00,0,14.5,121.0,0001,0.0
2016-09-24 00:00:00,0,14.5,121.0,0001,0.0042915344
2016-09-24 03:00:00,0,14.5,121.0,0001,0.11205673
2016-09-24 06:00:00,0,14.5,121.0,0001,0.6155968
2016-09-24 09:00:00,0,14.5,121.0,0001,0.011444092
2016-09-24 12:00:00,0,14.5,121.0,0001,0.08440018
2016-09-24 15:00:00,0,14.5,121.0,0001,0.94127655
2016-09-24 18:00:00,0,14.5,121.0,0001,0.06484985
2016-09-24 21:00:00,0,14.5,121.0,0001,0.089645386
2016-09-25 00:00:00,0,14.5,121.0,0001,0.0014305115
2016-09-25 03:00:00,0,14.5,121.0,0001,0.05722046
2016-09-25 06:00:00,0,14.5,121.0,0001,0.35333633
2016-09-25 09:00:00,0,14.5,121.0,0001,3.2753944
2016-09-25 12:00:00,0,14.5,121.0,0001,0.86688995
2016-09-25 15:00:00,0,14.5,121.0,0001,0.04196167
2016-09-25 18:00:00,0,14.5,121.0,0001,0.10347366
2016-09-25 21:00:00,0,14.5,121.0,0001,0.49257278
2016-09-26 00:00:00,0,14.5,121.0,0001,0.030517578
2016-09-26 03:00:00,0,14.5,121.0,0001,0.11205673
2016-09-26 06:00:00,0,14.5,121.0,0001,0.7944107
2016-09-26 09:00:00,0,14.5,121.0,0001,0.28562546
2016-09-26 12:00:00,0,14.5,121.0,0001,0.44250488
2016-09-26 15:00:00,0,14.5,121.0,0001,0.48446655
2016-09-26 18:00:00,0,14.5,121.0,0001,0.24271011
2016-09-26 21:00:00,0,14.5,121.0,0001,0.620842
2016-09-27 00:00:00,0,14.5,121.0,0001,0.14400482
2016-09-27 03:00:00,0,14.5,121.0,0001,0.37050247
2016-09-27 06:00:00,0,14.5,121.0,0001,0.4234314
2016-09-27 09:00:00,0,14.5,121.0,0001,0.37574768
2016-09-27 12:00:00,0,14.5,121.0,0001,0.104904175
2016-09-27 15:00:00,0,14.5,121.0,0001,0.3490448
2016-09-27 18:00:00,0,14.5,121.0,0001,0.37574768
2016-09-27 21:00:00,0,14.5,121.0,0001,0.5970001
2016-09-28 00:00:00,0,14.5,121.0,0001,0.4105568
2016-09-28 03:00:00,0,14.5,121.0,0001,1.2989044
2016-09-28 06:00:00,0,14.5,121.0,0001,1.557827
2016-09-28 09:00:00,0,14.5,121.0,0001,1.0499954
2016-09-28 12:00:00,0,14.5,121.0,0001,0.4067421
2016-09-28 15:00:00,0,14.5,121.0,0001,0.14305115
2016-09-28 18:00:00,0,14.5,121.0,0001,0.12779236
2016-09-28 21:00:00,0,14.5,121.0,0001,0.4248619
2016-09-29 00:00:00,0,14.5,121.0,0001,0.21600723
2016-09-29 03:00:00,0,14.5,121.0,0001,0.33283234
2016-09-29 06:00:00,0,14.5,121.0,0001,0.58603287
2016-09-29 09:00:00,0,14.5,121.0,0001,0.1821518
2016-09-29 12:00:00,0,14.5,121.0,0001,0.03385544
2016-09-29 15:00:00,0,14.5,121.0,0001,0.036239624
2016-09-29 18:00:00,0,14.5,121.0,0001,0.20503998
2016-09-29 21:00:00,0,14.5,121.0,0001,0.17023087
2016-09-30 00:00:00,0,14.5,121.0,0001,0.024318695
2016-09-30 03:00:00,0,14.5,121.0,0001,0.0705719
2016-09-30 06:00:00,0,14.5,121.0,0001,0.07724762
2016-09-30 09:00:00,0,14.5,121.0,0001,0.23698807
2016-09-30 12:00:00,0,14.5,121.0,0001,0.289917
2016-09-30 15:00:00,0,14.5,121.0,0001,0.94127655
2016-09-30 18:00:00,0,14.5,121.0,0001,0.09441376
2016-09-30 21:00:00,0,14.5,121.0,0001,0.15497208
2016-10-01 00:00:00,0,14.5,121.0,0001,0.01335144
2016-10-01 03:00:00,0,14.5,121.0,0001,0.061511993
2016-10-01 06:00:00,0,14.5,121.0,0001,0.11253357
2016-10-01 09:00:00,0,14.5,121.0,0001,0.14686584
2016-10-01 12:00:00,0,14.5,121.0,0001,0.16736984
2016-10-01 15:00:00,0,14.5,121.0,0001,0.044822693
2016-10-01 18:00:00,0,14.5,121.0,0001,0.00667572
2016-10-01 21:00:00,0,14.5,121.0,0001,0.02002716
2016-10-02 00:00:00,0,14.5,121.0,0001,0.08773804
2016-10-02 03:00:00,0,14.5,121.0,0001,0.09202957
2016-10-02 06:00:00,0,14.5,121.0,0001,0.008583069
2016-10-02 09:00:00,0,14.5,121.0,0001,0.07247925
2016-10-02 12:00:00,0,14.5,121.0,0001,0.0500679
2016-10-02 15:00:00,0,14.5,121.0,0001,0.061035156
2016-10-02 18:00:00,0,14.5,121.0,0001,0.20551682
2016-10-02 21:00:00,0,14.5,121.0,0001,0.6890297
2016-10-03 00:00:00,0,14.5,121.0,0001,0.09250641
2016-10-03 03:00:00,0,14.5,121.0,0001,0.24223328
2016-10-03 06:00:00,0,14.5,121.0,0001,0.19693375
2016-10-03 09:00:00,0,14.5,121.0,0001,0.4324913
2016-10-03 12:00:00,0,14.5,121.0,0001,0.044345856
2016-10-03 15:00:00,0,14.5,121.0,0001,0.020980835
2016-10-03 18:00:00,0,14.5,121.0,0001,0.22029877
2016-10-03 21:00:00,0,14.5,121.0,0001,0.33855438
2016-10-04 00:00:00,0,14.5,121.0,0001,1.5621185
2016-10-04 03:00:00,0,14.5,121.0,0001,0.30136108
2016-10-04 06:00:00,0,14.5,121.0,0001,0.0743866
2016-10-04 09:00:00,0,14.5,121.0,0001,1.8920898
2016-10-04 12:00:00,0,14.5,121.0,0001,2.5978088
2016-10-04 15:00:00,0,14.5,121.0,0001,2.5978088
2016-10-04 18:00:00,0,14.5,121.0,0001,0.052928925
2016-10-04 21:00:00,0,14.5,121.0,0001,0.08010864
2016-10-05 00:00:00,0,14.5,121.0,0001,0.041007996
2016-10-05 03:00:00,0,14.5,121.0,0001,0.11968613
2016-10-05 06:00:00,0,14.5,121.0,0001,0.5927086
2016-10-05 09:00:00,0,14.5,121.0,0001,0.27799606
2016-10-05 12:00:00,0,14.5,121.0,0001,0.0042915344
2016-10-05 15:00:00,0,14.5,121.0,0001,0.015258789
2016-10-05 18:00:00,0,14.5,121.0,0001,0.00667572
2016-10-05 21:00:00,0,14.5,121.0,0001,0.03385544
2016-10-06 00:00:00,0,14.5,121.0,0001,0.029087067
2016-10-06 03:00:00,0,14.5,121.0,0001,0.48160553
2016-10-06 06:00:00,0,14.5,121.0,0001,1.2154579
2016-10-06 09:00:00,0,14.5,121.0,0001,1.0089874
2016-10-06 12:00:00,0,14.5,121.0,0001,1.2903214
2016-10-06 15:00:00,0,14.5,121.0,0001,0.6637573
2016-10-06 18:00:00,0,14.5,121.0,0001,0.53310394
2016-10-06 21:00:00,0,14.5,121.0,0001,0.45728683
2016-10-07 00:00:00,0,14.5,121.0,0001,1.101017
2016-10-07 03:00:00,0,14.5,121.0,0001,0.13971329
2016-10-07 06:00:00,0,14.5,121.0,0001,1.5211105
2016-10-07 09:00:00,0,14.5,121.0,0001,0.31900406
2016-10-07 12:00:00,0,14.5,121.0,0001,0.08916855
2016-10-07 15:00:00,0,14.5,121.0,0001,0.07343292
2016-10-07 18:00:00,0,14.5,121.0,0001,0.893116
2016-10-07 21:00:00,0,14.5,121.0,0001,0.005722046
2016-10-08 00:00:00,0,14.5,121.0,0001,0.084877014
2016-10-08 03:00:00,0,14.5,121.0,0001,0.28800964
2016-10-08 06:00:00,0,14.5,121.0,0001,0.094890594
2016-10-08 09:00:00,0,14.5,121.0,0001,1.5845299
2016-10-08 12:00:00,0,14.5,121.0,0001,0.55646896
2016-10-08 15:00:00,0,14.5,121.0,0001,0.42200089
2016-10-08 18:00:00,0,14.5,121.0,0001,0.15068054
2016-10-08 21:00:00,0,14.5,121.0,0001,0.8401871
2016-10-09 00:00:00,0,14.5,121.0,0001,0.035762787
2016-10-09 03:00:00,0,14.5,121.0,0001,0.13065338
2016-10-09 06:00:00,0,14.5,121.0,0001,3.6859512
2016-10-09 09:00:00,0,14.5,121.0,0001,0.166893
2016-10-09 12:00:00,0,14.5,121.0,0001,0.21123886
2016-10-09 15:00:00,0,14.5,121.0,0001,0.00047683716
2016-10-09 18:00:00,0,14.5,121.0,0001,0.24318695
2016-10-09 21:00:00,0,14.5,121.0,0001,0.054359436
2016-10-10 00:00:00,0,14.5,121.0,0001,0.029563904
2016-10-10 03:00:00,0,14.5,121.0,0001,0.17309189
2016-10-10 06:00:00,0,14.5,121.0,0001,0.15974045
2016-10-10 09:00:00,0,14.5,121.0,0001,3.7584305
2016-10-10 12:00:00,0,14.5,121.0,0001,0.41103363
2016-10-10 15:00:00,0,14.5,121.0,0001,0.20980835
2016-10-10 18:00:00,0,14.5,121.0,0001,0.01859665
2016-10-10 21:00:00,0,14.5,121.0,0001,0.01335144
2016-10-11 00:00:00,0,14.5,121.0,0001,0.0014305115
2016-10-11 03:00:00,0,14.5,121.0,0001,0.062942505
2016-10-11 06:00:00,0,14.5,121.0,0001,0.41341782
2016-10-11 09:00:00,0,14.5,121.0,0001,2.831936
2016-10-11 12:00:00,0,14.5,121.0,0001,0.23412704
2016-10-11 15:00:00,0,14.5,121.0,0001,0.84733963
2016-10-11 18:00:00,0,14.5,121.0,0001,0.6146431
2016-10-11 21:00:00,0,14.5,121.0,0001,0.076293945
2016-10-12 00:00:00,0,14.5,121.0,0001,0.11062622
2016-10-12 03:00:00,0,14.5,121.0,0001,0.7171631
2016-10-12 06:00:00,0,14.5,121.0,0001,0.18548965
2016-10-12 09:00:00,0,14.5,121.0,0001,0.15497208
2016-10-12 12:00:00,0,14.5,121.0,0001,0.10919571
2016-10-12 15:00:00,0,14.5,121.0,0001,0.27561188
2016-10-12 18:00:00,0,14.5,121.0,0001,0.051498413
2016-10-12 21:00:00,0,14.5,121.0,0001,0.029563904
2016-10-13 00:00:00,0,14.5,121.0,0001,0.09727478
2016-10-13 03:00:00,0,14.5,121.0,0001,0.11730194
2016-10-13 06:00:00,0,14.5,121.0,0001,0.1411438
2016-10-13 09:00:00,0,14.5,121.0,0001,4.831314
2016-10-13 12:00:00,0,14.5,121.0,0001,0.076293945
2016-10-13 15:00:00,0,14.5,121.0,0001,0.17738342
2016-10-13 18:00:00,0,14.5,121.0,0001,0.0
2016-10-13 21:00:00,0,14.5,121.0,0001,0.036239624
2016-10-14 00:00:00,0,14.5,121.0,0001,0.0009536743
2016-10-14 03:00:00,0,14.5,121.0,0001,0.0009536743
2016-10-14 06:00:00,0,14.5,121.0,0001,0.03528595
2016-10-14 09:00:00,0,14.5,121.0,0001,0.01001358
2016-10-14 12:00:00,0,14.5,121.0,0001,0.030040741
2016-10-14 15:00:00,0,14.5,121.0,0001,0.07247925
2016-10-14 18:00:00,0,14.5,121.0,0001,0.0009536743
2016-10-14 21:00:00,0,14.5,121.0,0001,1.6822815
2016-10-15 00:00:00,0,14.5,121.0,0001,0.59366226
2016-10-15 03:00:00,0,14.5,121.0,0001,1.1334419
2016-10-15 06:00:00,0,14.5,121.0,0001,1.2512207
2016-10-15 09:00:00,0,14.5,121.0,0001,1.285553
2016-10-15 12:00:00,0,14.5,121.0,0001,1.7981529
2016-10-15 15:00:00,0,14.5,121.0,0001,5.3710938
2016-10-15 18:00:00,0,14.5,121.0,0001,4.594803
2016-10-15 21:00:00,0,14.5,121.0,0001,7.9288483
2016-10-16 00:00:00,0,14.5,121.0,0001,5.4802895
2016-10-16 03:00:00,0,14.5,121.0,0001,2.0112991
2016-10-16 06:00:00,0,14.5,121.0,0001,0.623703
2016-10-16 09:00:00,0,14.5,121.0,0001,0.21028519
2016-10-16 12:00:00,0,14.5,121.0,0001,0.05054474
2016-10-16 15:00:00,0,14.5,121.0,0001,0.029087067
2016-10-16 18:00:00,0,14.5,121.0,0001,0.023841858
2016-10-16 21:00:00,0,14.5,121.0,0001,0.026226044
2016-10-17 00:00:00,0,14.5,121.0,0001,0.08440018
2016-10-17 03:00:00,0,14.5,121.0,0001,0.20694733
2016-10-17 06:00:00,0,14.5,121.0,0001,0.73337555
2016-10-17 09:00:00,0,14.5,121.0,0001,0.0076293945
2016-10-17 12:00:00,0,14.5,121.0,0001,0.019550323
2016-10-17 15:00:00,0,14.5,121.0,0001,0.0
2016-10-17 18:00:00,0,14.5,121.0,0001,0.0
2016-10-17 21:00:00,0,14.5,121.0,0001,0.0
2016-10-18 00:00:00,0,14.5,121.0,0001,0.0104904175
2016-10-18 03:00:00,0,14.5,121.0,0001,0.13399124
2016-10-18 06:00:00,0,14.5,121.0,0001,0.38194656
2016-10-18 09:00:00,0,14.5,121.0,0001,0.15258789
2016-10-18 12:00:00,0,14.5,121.0,0001,0.00667572
2016-10-18 15:00:00,0,14.5,121.0,0001,0.01859665
2016-10-18 18:00:00,0,14.5,121.0,0001,0.0042915344
2016-10-18 21:00:00,0,14.5,121.0,0001,0.027179718
2016-10-19 00:00:00,0,14.5,121.0,0001,0.059604645
2016-10-19 03:00:00,0,14.5,121.0,0001,0.02670288
2016-10-19 06:00:00,0,14.5,121.0,0001,0.248909
2016-10-19 09:00:00,0,14.5,121.0,0001,0.022888184
2016-10-19 12:00:00,0,14.5,121.0,0001,0.16307831
2016-10-19 15:00:00,0,14.5,121.0,0001,0.16975403
2016-10-19 18:00:00,0,14.5,121.0,0001,0.6155968
2016-10-19 21:00:00,0,14.5,121.0,0001,0.20122528
2016-10-20 00:00:00,0,14.5,121.0,0001,0.11873245
2016-10-20 03:00:00,0,14.5,121.0,0001,0.30851364
2016-10-20 06:00:00,0,14.5,121.0,0001,0.4825592
2016-10-20 09:00:00,0,14.5,121.0,0001,0.45251846
2016-10-20 12:00:00,0,14.5,121.0,0001,0.08201599
2016-10-20 15:00:00,0,14.5,121.0,0001,0.012397766
2016-10-20 18:00:00,0,14.5,121.0,0001,0.035762787
2016-10-20 21:00:00,0,14.5,121.0,0001,0.008106232
2016-10-21 00:00:00,0,14.5,121.0,0001,0.04053116
2016-10-21 03:00:00,0,14.5,121.0,0001,0.17309189
2016-10-21 06:00:00,0,14.5,121.0,0001,0.099658966
2016-10-21 09:00:00,0,14.5,121.0,0001,0.1039505
2016-10-21 12:00:00,0,14.5,121.0,0001,0.00047683716
2016-10-21 15:00:00,0,14.5,121.0,0001,0.0009536743
2016-10-21 18:00:00,0,14.5,121.0,0001,0.062942505
2016-10-21 21:00:00,0,14.5,121.0,0001,0.034809113
2016-10-22 00:00:00,0,14.5,121.0,0001,0.12302399
2016-10-22 03:00:00,0,14.5,121.0,0001,0.012397766
2016-10-22 06:00:00,0,14.5,121.0,0001,0.054359436
2016-10-22 09:00:00,0,14.5,121.0,0001,0.038146973
2016-10-22 12:00:00,0,14.5,121.0,0001,0.008106232
2016-10-22 15:00:00,0,14.5,121.0,0001,0.0038146973
2016-10-22 18:00:00,0,14.5,121.0,0001,0.010967255
2016-10-22 21:00:00,0,14.5,121.0,0001,0.00047683716
2016-10-23 00:00:00,0,14.5,121.0,0001,0.00667572
2016-10-23 03:00:00,0,14.5,121.0,0001,0.13256073
2016-10-23 06:00:00,0,14.5,121.0,0001,0.16880035
2016-10-23 09:00:00,0,14.5,121.0,0001,0.0009536743
2016-10-23 12:00:00,0,14.5,121.0,0001,0.0
2016-10-23 15:00:00,0,14.5,121.0,0001,0.0038146973
2016-10-23 18:00:00,0,14.5,121.0,0001,0.018119812
2016-10-23 21:00:00,0,14.5,121.0,0001,0.014305115
2016-10-24 00:00:00,0,14.5,121.0,0001,0.008106232
2016-10-24 03:00:00,0,14.5,121.0,0001,0.03528595
2016-10-24 06:00:00,0,14.5,121.0,0001,0.04005432
2016-10-24 09:00:00,0,14.5,121.0,0001,0.0014305115
2016-10-24 12:00:00,0,14.5,121.0,0001,0.0
2016-10-24 15:00:00,0,14.5,121.0,0001,0.0009536743
2016-10-24 18:00:00,0,14.5,121.0,0001,0.005722046
2016-10-24 21:00:00,0,14.5,121.0,0001,0.0
2016-10-25 00:00:00,0,14.5,121.0,0001,0.00667572
2016-10-25 03:00:00,0,14.5,121.0,0001,0.0
2016-10-25 06:00:00,0,14.5,121.0,0001,0.0
2016-10-25 09:00:00,0,14.5,121.0,0001,0.0
2016-10-25 12:00:00,0,14.5,121.0,0001,0.0
2016-10-25 15:00:00,0,14.5,121.0,0001,0.01001358
2016-10-25 18:00:00,0,14.5,121.0,0001,0.030517578
2016-10-25 21:00:00,0,14.5,121.0,0001,0.008106232
2016-10-26 00:00:00,0,14.5,121.0,0001,0.10108948
2016-10-26 03:00:00,0,14.5,121.0,0001,0.032901764
2016-10-26 06:00:00,0,14.5,121.0,0001,0.0538826
2016-10-26 09:00:00,0,14.5,121.0,0001,0.011920929
2016-10-26 12:00:00,0,14.5,121.0,0001,0.0047683716
2016-10-26 15:00:00,0,14.5,121.0,0001,0.0
2016-10-26 18:00:00,0,14.5,121.0,0001,0.01859665
2016-10-26 21:00:00,0,14.5,121.0,0001,0.0023841858
2016-10-27 00:00:00,0,14.5,121.0,0001,0.002861023
2016-10-27 03:00:00,0,14.5,121.0,0001,0.03528595
2016-10-27 06:00:00,0,14.5,121.0,0001,0.051021576
2016-10-27 09:00:00,0,14.5,121.0,0001,0.0047683716
2016-10-27 12:00:00,0,14.5,121.0,0001,0.0009536743
2016-10-27 15:00:00,0,14.5,121.0,0001,0.012874603
2016-10-27 18:00:00,0,14.5,121.0,0001,0.0047683716
2016-10-27 21:00:00,0,14.5,121.0,0001,0.0071525574
2016-10-28 00:00:00,0,14.5,121.0,0001,0.00047683716
2016-10-28 03:00:00,0,14.5,121.0,0001,0.1745224
2016-10-28 06:00:00,0,14.5,121.0,0001,0.009536743
2016-10-28 09:00:00,0,14.5,121.0,0001,0.0
2016-10-28 12:00:00,0,14.5,121.0,0001,0.01335144
2016-10-28 15:00:00,0,14.5,121.0,0001,0.027656555
2016-10-28 18:00:00,0,14.5,121.0,0001,0.016212463
2016-10-28 21:00:00,0,14.5,121.0,0001,0.008583069
2016-10-29 00:00:00,0,14.5,121.0,0001,0.016212463
2016-10-29 03:00:00,0,14.5,121.0,0001,0.03671646
2016-10-29 06:00:00,0,14.5,121.0,0001,0.0014305115
2016-10-29 09:00:00,0,14.5,121.0,0001,0.0
2016-10-29 12:00:00,0,14.5,121.0,0001,0.0047683716
2016-10-29 15:00:00,0,14.5,121.0,0001,0.0023841858
2016-10-29 18:00:00,0,14.5,121.0,0001,0.049114227
2016-10-29 21:00:00,0,14.5,121.0,0001,0.03862381
2016-10-30 00:00:00,0,14.5,121.0,0001,0.07343292
2016-10-30 03:00:00,0,14.5,121.0,0001,0.025749207
2016-10-30 06:00:00,0,14.5,121.0,0001,0.032901764
2016-10-30 09:00:00,0,14.5,121.0,0001,0.0019073486
2016-10-30 12:00:00,0,14.5,121.0,0001,0.02527237
2016-10-30 15:00:00,0,14.5,121.0,0001,0.008583069
2016-10-30 18:00:00,0,14.5,121.0,0001,0.0052452087
2016-10-30 21:00:00,0,14.5,121.0,0001,0.0
2016-10-31 00:00:00,0,14.5,121.0,0001,0.0009536743
2016-10-31 03:00:00,0,14.5,121.0,0001,0.06389618
2016-10-31 06:00:00,0,14.5,121.0,0001,0.0104904175
2016-10-31 09:00:00,0,14.5,121.0,0001,0.0014305115
2016-10-31 12:00:00,0,14.5,121.0,0001,0.0
2016-10-31 15:00:00,0,14.5,121.0,0001,0.023841858
2016-10-31 18:00:00,0,14.5,121.0,0001,0.009536743
2016-10-31 21:00:00,0,14.5,121.0,0001,0.015258789
2016-11-01 00:00:00,0,14.5,121.0,0001,0.045776367
2016-11-01 03:00:00,0,14.5,121.0,0001,0.0872612
2016-11-01 06:00:00,0,14.5,121.0,0001,0.032424927
2016-11-01 09:00:00,0,14.5,121.0,0001,0.014781952
2016-11-01 12:00:00,0,14.5,121.0,0001,0.023841858
2016-11-01 15:00:00,0,14.5,121.0,0001,0.042915344
2016-11-01 18:00:00,0,14.5,121.0,0001,0.024795532
2016-11-01 21:00:00,0,14.5,121.0,0001,0.03528595
2016-11-02 00:00:00,0,14.5,121.0,0001,0.14829636
2016-11-02 03:00:00,0,14.5,121.0,0001,0.15640259
2016-11-02 06:00:00,0,14.5,121.0,0001,0.096321106
2016-11-02 09:00:00,0,14.5,121.0,0001,0.04053116
2016-11-02 12:00:00,0,14.5,121.0,0001,0.15926361
2016-11-02 15:00:00,0,14.5,121.0,0001,0.29277802
2016-11-02 18:00:00,0,14.5,121.0,0001,0.123500824
2016-11-02 21:00:00,0,14.5,121.0,0001,0.044822693
2016-11-03 00:00:00,0,14.5,121.0,0001,0.062942505
2016-11-03 03:00:00,0,14.5,121.0,0001,0.15926361
2016-11-03 06:00:00,0,14.5,121.0,0001,0.06818771
2016-11-03 09:00:00,0,14.5,121.0,0001,0.07534027
2016-11-03 12:00:00,0,14.5,121.0,0001,0.04005432
2016-11-03 15:00:00,0,14.5,121.0,0001,0.030517578
2016-11-03 18:00:00,0,14.5,121.0,0001,0.027656555
2016-11-03 21:00:00,0,14.5,121.0,0001,0.009536743
2016-11-04 00:00:00,0,14.5,121.0,0001,0.044822693
2016-11-04 03:00:00,0,14.5,121.0,0001,0.03862381
2016-11-04 06:00:00,0,14.5,121.0,0001,0.008106232
2016-11-04 09:00:00,0,14.5,121.0,0001,0.17690659
2016-11-04 12:00:00,0,14.5,121.0,0001,0.051498413
2016-11-04 15:00:00,0,14.5,121.0,0001,0.018119812
2016-11-04 18:00:00,0,14.5,121.0,0001,0.016212463
2016-11-04 21:00:00,0,14.5,121.0,0001,0.0019073486
2016-11-05 00:00:00,0,14.5,121.0,0001,0.0038146973
2016-11-05 03:00:00,0,14.5,121.0,0001,0.042438507
2016-11-05 06:00:00,0,14.5,121.0,0001,0.017166138
2016-11-05 09:00:00,0,14.5,121.0,0001,0.30136108
2016-11-05 12:00:00,0,14.5,121.0,0001,0.034809113
2016-11-05 15:00:00,0,14.5,121.0,0001,0.074863434
2016-11-05 18:00:00,0,14.5,121.0,0001,0.00047683716
2016-11-05 21:00:00,0,14.5,121.0,0001,0.002861023
2016-11-06 00:00:00,0,14.5,121.0,0001,0.002861023
2016-11-06 03:00:00,0,14.5,121.0,0001,0.13256073
2016-11-06 06:00:00,0,14.5,121.0,0001,0.022411346
2016-11-06 09:00:00,0,14.5,121.0,0001,0.032901764
2016-11-06 12:00:00,0,14.5,121.0,0001,0.0076293945
2016-11-06 15:00:00,0,14.5,121.0,0001,0.01335144
2016-11-06 18:00:00,0,14.5,121.0,0001,0.0071525574
2016-11-06 21:00:00,0,14.5,121.0,0001,0.0038146973
2016-11-07 00:00:00,0,14.5,121.0,0001,0.0019073486
2016-11-07 03:00:00,0,14.5,121.0,0001,0.05340576
2016-11-07 06:00:00,0,14.5,121.0,0001,0.008583069
2016-11-07 09:00:00,0,14.5,121.0,0001,0.0
2016-11-07 12:00:00,0,14.5,121.0,0001,0.0
2016-11-07 15:00:00,0,14.5,121.0,0001,0.0
2016-11-07 18:00:00,0,14.5,121.0,0001,0.0
2016-11-07 21:00:00,0,14.5,121.0,0001,0.0052452087
2016-11-08 00:00:00,0,14.5,121.0,0001,0.022411346
2016-11-08 03:00:00,0,14.5,121.0,0001,0.0
2016-11-08 06:00:00,0,14.5,121.0,0001,0.0
2016-11-08 09:00:00,0,14.5,121.0,0001,0.0
2016-11-08 12:00:00,0,14.5,121.0,0001,0.0
2016-11-08 15:00:00,0,14.5,121.0,0001,0.0
2016-11-08 18:00:00,0,14.5,121.0,0001,0.0
2016-11-08 21:00:00,0,14.5,121.0,0001,0.0
2016-11-09 00:00:00,0,14.5,121.0,0001,0.0052452087
2016-11-09 03:00:00,0,14.5,121.0,0001,0.0
2016-11-09 06:00:00,0,14.5,121.0,0001,0.0
2016-11-09 09:00:00,0,14.5,121.0,0001,0.0
2016-11-09 12:00:00,0,14.5,121.0,0001,0.0
2016-11-09 15:00:00,0,14.5,121.0,0001,0.0
2016-11-09 18:00:00,0,14.5,121.0,0001,0.008583069
2016-11-09 21:00:00,0,14.5,121.0,0001,0.0071525574
2016-11-10 00:00:00,0,14.5,121.0,0001,0.035762787
2016-11-10 03:00:00,0,14.5,121.0,0001,0.13875961
2016-11-10 06:00:00,0,14.5,121.0,0001,0.011920929
2016-11-10 09:00:00,0,14.5,121.0,0001,0.0
2016-11-10 12:00:00,0,14.5,121.0,0001,0.02193451
2016-11-10 15:00:00,0,14.5,121.0,0001,0.06484985
2016-11-10 18:00:00,0,14.5,121.0,0001,0.029563904
2016-11-10 21:00:00,0,14.5,121.0,0001,0.009059906
2016-11-11 00:00:00,0,14.5,121.0,0001,0.025749207
2016-11-11 03:00:00,0,14.5,121.0,0001,0.13494492
2016-11-11 06:00:00,0,14.5,121.0,0001,0.0052452087
2016-11-11 09:00:00,0,14.5,121.0,0001,0.0019073486
2016-11-11 12:00:00,0,14.5,121.0,0001,0.049591064
2016-11-11 15:00:00,0,14.5,121.0,0001,0.027179718
2016-11-11 18:00:00,0,14.5,121.0,0001,0.017166138
2016-11-11 21:00:00,0,14.5,121.0,0001,0.006198883
2016-11-12 00:00:00,0,14.5,121.0,0001,0.030040741
2016-11-12 03:00:00,0,14.5,121.0,0001,0.02861023
2016-11-12 06:00:00,0,14.5,121.0,0001,0.008583069
2016-11-12 09:00:00,0,14.5,121.0,0001,0.0009536743
2016-11-12 12:00:00,0,14.5,121.0,0001,0.002861023
2016-11-12 15:00:00,0,14.5,121.0,0001,0.008583069
2016-11-12 18:00:00,0,14.5,121.0,0001,0.010967255
2016-11-12 21:00:00,0,14.5,121.0,0001,0.005722046
2016-11-13 00:00:00,0,14.5,121.0,0001,0.0023841858
2016-11-13 03:00:00,0,14.5,121.0,0001,0.0
2016-11-13 06:00:00,0,14.5,121.0,0001,0.0
2016-11-13 09:00:00,0,14.5,121.0,0001,0.0
2016-11-13 12:00:00,0,14.5,121.0,0001,0.0
2016-11-13 15:00:00,0,14.5,121.0,0001,0.0
2016-11-13 18:00:00,0,14.5,121.0,0001,0.0009536743
2016-11-13 21:00:00,0,14.5,121.0,0001,0.0047683716
2016-11-14 00:00:00,0,14.5,121.0,0001,0.038146973
2016-11-14 03:00:00,0,14.5,121.0,0001,0.0834465
2016-11-14 06:00:00,0,14.5,121.0,0001,0.020503998
2016-11-14 09:00:00,0,14.5,121.0,0001,0.0019073486
2016-11-14 12:00:00,0,14.5,121.0,0001,0.008106232
2016-11-14 15:00:00,0,14.5,121.0,0001,0.06198883
2016-11-14 18:00:00,0,14.5,121.0,0001,0.019073486
2016-11-14 21:00:00,0,14.5,121.0,0001,0.002861023
2016-11-15 00:00:00,0,14.5,121.0,0001,0.05197525
2016-11-15 03:00:00,0,14.5,121.0,0001,0.089645386
2016-11-15 06:00:00,0,14.5,121.0,0001,0.030040741
2016-11-15 09:00:00,0,14.5,121.0,0001,0.006198883
2016-11-15 12:00:00,0,14.5,121.0,0001,0.047683716
2016-11-15 15:00:00,0,14.5,121.0,0001,0.032901764
2016-11-15 18:00:00,0,14.5,121.0,0001,0.022411346
2016-11-15 21:00:00,0,14.5,121.0,0001,0.013828278
2016-11-16 00:00:00,0,14.5,121.0,0001,0.02861023
2016-11-16 03:00:00,0,14.5,121.0,0001,0.11634827
2016-11-16 06:00:00,0,14.5,121.0,0001,0.06484985
2016-11-16 09:00:00,0,14.5,121.0,0001,0.084877014
2016-11-16 12:00:00,0,14.5,121.0,0001,0.01335144
2016-11-16 15:00:00,0,14.5,121.0,0001,0.023841858
2016-11-16 18:00:00,0,14.5,121.0,0001,0.0042915344
2016-11-16 21:00:00,0,14.5,121.0,0001,0.00047683716
2016-11-17 00:00:00,0,14.5,121.0,0001,0.0023841858
2016-11-17 03:00:00,0,14.5,121.0,0001,0.071525574
2016-11-17 06:00:00,0,14.5,121.0,0001,0.039100647
2016-11-17 09:00:00,0,14.5,121.0,0001,0.0
2016-11-17 12:00:00,0,14.5,121.0,0001,0.030994415
2016-11-17 15:00:00,0,14.5,121.0,0001,0.0042915344
2016-11-17 18:00:00,0,14.5,121.0,0001,0.0038146973
2016-11-17 21:00:00,0,14.5,121.0,0001,0.005722046
2016-11-18 00:00:00,0,14.5,121.0,0001,0.025749207
2016-11-18 03:00:00,0,14.5,121.0,0001,0.06580353
2016-11-18 06:00:00,0,14.5,121.0,0001,0.022888184
2016-11-18 09:00:00,0,14.5,121.0,0001,0.008583069
2016-11-18 12:00:00,0,14.5,121.0,0001,0.0076293945
2016-11-18 15:00:00,0,14.5,121.0,0001,0.031471252
2016-11-18 18:00:00,0,14.5,121.0,0001,0.049114227
2016-11-18 21:00:00,0,14.5,121.0,0001,0.021457672
2016-11-19 00:00:00,0,14.5,121.0,0001,0.0038146973
2016-11-19 03:00:00,0,14.5,121.0,0001,0.08535385
2016-11-19 06:00:00,0,14.5,121.0,0001,0.2784729
2016-11-19 09:00:00,0,14.5,121.0,0001,0.042438507
2016-11-19 12:00:00,0,14.5,121.0,0001,0.0052452087
2016-11-19 15:00:00,0,14.5,121.0,0001,0.002861023
2016-11-19 18:00:00,0,14.5,121.0,0001,0.0038146973
2016-11-19 21:00:00,0,14.5,121.0,0001,0.0052452087
2016-11-20 00:00:00,0,14.5,121.0,0001,0.013828278
2016-11-20 03:00:00,0,14.5,121.0,0001,0.04673004
2016-11-20 06:00:00,0,14.5,121.0,0001,0.010967255
2016-11-20 09:00:00,0,14.5,121.0,0001,0.0
2016-11-20 12:00:00,0,14.5,121.0,0001,0.0009536743
2016-11-20 15:00:00,0,14.5,121.0,0001,0.0014305115
2016-11-20 18:00:00,0,14.5,121.0,0001,0.0014305115
2016-11-20 21:00:00,0,14.5,121.0,0001,0.0019073486
2016-11-21 00:00:00,0,14.5,121.0,0001,0.0014305115
2016-11-21 03:00:00,0,14.5,121.0,0001,0.0
2016-11-21 06:00:00,0,14.5,121.0,0001,0.0
2016-11-21 09:00:00,0,14.5,121.0,0001,0.0
2016-11-21 12:00:00,0,14.5,121.0,0001,0.0
2016-11-21 15:00:00,0,14.5,121.0,0001,0.0
2016-11-21 18:00:00,0,14.5,121.0,0001,0.0
2016-11-21 21:00:00,0,14.5,121.0,0001,0.0
2016-11-22 00:00:00,0,14.5,121.0,0001,0.0
2016-11-22 03:00:00,0,14.5,121.0,0001,0.0
2016-11-22 06:00:00,0,14.5,121.0,0001,0.0
2016-11-22 09:00:00,0,14.5,121.0,0001,0.33187866
2016-11-22 12:00:00,0,14.5,121.0,0001,0.034332275
2016-11-22 15:00:00,0,14.5,121.0,0001,0.0038146973
2016-11-22 18:00:00,0,14.5,121.0,0001,0.0009536743
2016-11-22 21:00:00,0,14.5,121.0,0001,0.0
2016-11-23 00:00:00,0,14.5,121.0,0001,0.0014305115
2016-11-23 03:00:00,0,14.5,121.0,0001,0.0
2016-11-23 06:00:00,0,14.5,121.0,0001,0.0
2016-11-23 09:00:00,0,14.5,121.0,0001,0.0
2016-11-23 12:00:00,0,14.5,121.0,0001,0.0
2016-11-23 15:00:00,0,14.5,121.0,0001,0.0
2016-11-23 18:00:00,0,14.5,121.0,0001,0.0
2016-11-23 21:00:00,0,14.5,121.0,0001,0.00047683716
2016-11-24 00:00:00,0,14.5,121.0,0001,0.0009536743
2016-11-24 03:00:00,0,14.5,121.0,0001,0.00047683716
2016-11-24 06:00:00,0,14.5,121.0,0001,0.0
2016-11-24 09:00:00,0,14.5,121.0,0001,0.0
2016-11-24 12:00:00,0,14.5,121.0,0001,0.0014305115
2016-11-24 15:00:00,0,14.5,121.0,0001,0.0743866
2016-11-24 18:00:00,0,14.5,121.0,0001,0.08058548
2016-11-24 21:00:00,0,14.5,121.0,0001,0.56934357
2016-11-25 00:00:00,0,14.5,121.0,0001,2.07901
2016-11-25 03:00:00,0,14.5,121.0,0001,2.4056435
2016-11-25 06:00:00,0,14.5,121.0,0001,1.5673637
2016-11-25 09:00:00,0,14.5,121.0,0001,2.8409958
2016-11-25 12:00:00,0,14.5,121.0,0001,1.1086464
2016-11-25 15:00:00,0,14.5,121.0,0001,0.7238388
2016-11-25 18:00:00,0,14.5,121.0,0001,1.8906593
2016-11-25 21:00:00,0,14.5,121.0,0001,0.7305145
2016-11-26 00:00:00,0,14.5,121.0,0001,0.1449585
2016-11-26 03:00:00,0,14.5,121.0,0001,0.2117157
2016-11-26 06:00:00,0,14.5,121.0,0001,0.18024445
2016-11-26 09:00:00,0,14.5,121.0,0001,0.059604645
2016-11-26 12:00:00,0,14.5,121.0,0001,0.027656555
2016-11-26 15:00:00,0,14.5,121.0,0001,0.020980835
2016-11-26 18:00:00,0,14.5,121.0,0001,0.0019073486
2016-11-26 21:00:00,0,14.5,121.0,0001,0.13065338
2016-11-27 00:00:00,0,14.5,121.0,0001,0.0019073486
2016-11-27 03:00:00,0,14.5,121.0,0001,0.1373291
2016-11-27 06:00:00,0,14.5,121.0,0001,0.06341934
2016-11-27 09:00:00,0,14.5,121.0,0001,0.015258789
2016-11-27 12:00:00,0,14.5,121.0,0001,0.0038146973
2016-11-27 15:00:00,0,14.5,121.0,0001,0.0
2016-11-27 18:00:00,0,14.5,121.0,0001,0.029563904
2016-11-27 21:00:00,0,14.5,121.0,0001,0.008106232
2016-11-28 00:00:00,0,14.5,121.0,0001,0.015735626
2016-11-28 03:00:00,0,14.5,121.0,0001,0.056266785
2016-11-28 06:00:00,0,14.5,121.0,0001,0.011920929
2016-11-28 09:00:00,0,14.5,121.0,0001,0.0
2016-11-28 12:00:00,0,14.5,121.0,0001,0.0
2016-11-28 15:00:00,0,14.5,121.0,0001,0.0047683716
2016-11-28 18:00:00,0,14.5,121.0,0001,0.005722046
2016-11-28 21:00:00,0,14.5,121.0,0001,0.00333786
2016-11-29 00:00:00,0,14.5,121.0,0001,0.017642975
2016-11-29 03:00:00,0,14.5,121.0,0001,0.049591064
2016-11-29 06:00:00,0,14.5,121.0,0001,0.058174133
2016-11-29 09:00:00,0,14.5,121.0,0001,0.03528595
2016-11-29 12:00:00,0,14.5,121.0,0001,0.022888184
2016-11-29 15:00:00,0,14.5,121.0,0001,0.022411346
2016-11-29 18:00:00,0,14.5,121.0,0001,0.044822693
2016-11-29 21:00:00,0,14.5,121.0,0001,0.0009536743
2016-11-30 00:00:00,0,14.5,121.0,0001,0.15258789
2016-11-30 03:00:00,0,14.5,121.0,0001,0.051498413
2016-11-30 06:00:00,0,14.5,121.0,0001,0.015258789
2016-11-30 09:00:00,0,14.5,121.0,0001,0.0019073486
2016-11-30 12:00:00,0,14.5,121.0,0001,0.00047683716
2016-11-30 15:00:00,0,14.5,121.0,0001,0.00333786
2016-11-30 18:00:00,0,14.5,121.0,0001,0.002861023
2016-11-30 21:00:00,0,14.5,121.0,0001,0.005722046
2017-06-01 00:00:00,0,14.5,121.0,0001,0.0
2017-06-01 03:00:00,0,14.5,121.0,0001,0.074863434
2017-06-01 06:00:00,0,14.5,121.0,0001,0.16307831
2017-06-01 09:00:00,0,14.5,121.0,0001,0.12302399
2017-06-01 12:00:00,0,14.5,121.0,0001,0.11539459
2017-06-01 15:00:00,0,14.5,121.0,0001,0.8983612
2017-06-01 18:00:00,0,14.5,121.0,0001,0.013828278
2017-06-01 21:00:00,0,14.5,121.0,0001,0.0019073486
2017-06-02 00:00:00,0,14.5,121.0,0001,0.0705719
2017-06-02 03:00:00,0,14.5,121.0,0001,0.1912117
2017-06-02 06:00:00,0,14.5,121.0,0001,0.054836273
2017-06-02 09:00:00,0,14.5,121.0,0001,0.15640259
2017-06-02 12:00:00,0,14.5,121.0,0001,0.014781952
2017-06-02 15:00:00,0,14.5,121.0,0001,1.2807846
2017-06-02 18:00:00,0,14.5,121.0,0001,0.01859665
2017-06-02 21:00:00,0,14.5,121.0,0001,0.052452087
2017-06-03 00:00:00,0,14.5,121.0,0001,2.8362274
2017-06-03 03:00:00,0,14.5,121.0,0001,0.29802322
2017-06-03 06:00:00,0,14.5,121.0,0001,0.20933151
2017-06-03 09:00:00,0,14.5,121.0,0001,0.07915497
2017-06-03 12:00:00,0,14.5,121.0,0001,0.029563904
2017-06-03 15:00:00,0,14.5,121.0,0001,1.0685921
2017-06-03 18:00:00,0,14.5,121.0,0001,0.014305115
2017-06-03 21:00:00,0,14.5,121.0,0001,0.035762787
2017-06-04 00:00:00,0,14.5,121.0,0001,0.10108948
2017-06-04 03:00:00,0,14.5,121.0,0001,0.22602081
2017-06-04 06:00:00,0,14.5,121.0,0001,0.9355545
2017-06-04 09:00:00,0,14.5,121.0,0001,0.0009536743
2017-06-04 12:00:00,0,14.5,121.0,0001,0.019073486
2017-06-04 15:00:00,0,14.5,121.0,0001,1.036644
2017-06-04 18:00:00,0,14.5,121.0,0001,0.078201294
2017-06-04 21:00:00,0,14.5,121.0,0001,0.0019073486
2017-06-05 00:00:00,0,14.5,121.0,0001,0.16593933
2017-06-05 03:00:00,0,14.5,121.0,0001,0.0872612
2017-06-05 06:00:00,0,14.5,121.0,0001,0.16498566
2017-06-05 09:00:00,0,14.5,121.0,0001,0.5431175
2017-06-05 12:00:00,0,14.5,121.0,0001,0.009536743
2017-06-05 15:00:00,0,14.5,121.0,0001,0.038146973
2017-06-05 18:00:00,0,14.5,121.0,0001,0.00047683716
2017-06-05 21:00:00,0,14.5,121.0,0001,0.111579895
2017-06-06 00:00:00,0,14.5,121.0,0001,0.0009536743
2017-06-06 03:00:00,0,14.5,121.0,0001,0.04863739
2017-06-06 06:00:00,0,14.5,121.0,0001,0.23460388
2017-06-06 09:00:00,0,14.5,121.0,0001,0.33712387
2017-06-06 12:00:00,0,14.5,121.0,0001,0.17881393
2017-06-06 15:00:00,0,14.5,121.0,0001,0.17261505
2017-06-06 18:00:00,0,14.5,121.0,0001,0.04196167
2017-06-06 21:00:00,0,14.5,121.0,0001,0.031471252
2017-06-07 00:00:00,0,14.5,121.0,0001,0.17738342
2017-06-07 03:00:00,0,14.5,121.0,0001,0.20122528
2017-06-07 06:00:00,0,14.5,121.0,0001,0.025749207
2017-06-07 09:00:00,0,14.5,121.0,0001,0.05722046
2017-06-07 12:00:00,0,14.5,121.0,0001,0.0038146973
2017-06-07 15:00:00,0,14.5,121.0,0001,0.008583069
2017-06-07 18:00:00,0,14.5,121.0,0001,0.02670288
2017-06-07 21:00:00,0,14.5,121.0,0001,0.009536743
2017-06-08 00:00:00,0,14.5,121.0,0001,0.120162964
2017-06-08 03:00:00,0,14.5,121.0,0001,0.09775162
2017-06-08 06:00:00,0,14.5,121.0,0001,0.66280365
2017-06-08 09:00:00,0,14.5,121.0,0001,0.002861023
2017-06-08 12:00:00,0,14.5,121.0,0001,0.00667572
2017-06-08 15:00:00,0,14.5,121.0,0001,0.00667572
2017-06-08 18:00:00,0,14.5,121.0,0001,0.00333786
2017-06-08 21:00:00,0,14.5,121.0,0001,0.06389618
2017-06-09 00:00:00,0,14.5,121.0,0001,0.27942657
2017-06-09 03:00:00,0,14.5,121.0,0001,0.10728836
2017-06-09 06:00:00,0,14.5,121.0,0001,0.07772446
2017-06-09 09:00:00,0,14.5,121.0,0001,0.06866455
2017-06-09 12:00:00,0,14.5,121.0,0001,0.076293945
2017-06-09 15:00:00,0,14.5,121.0,0001,0.99754333
2017-06-09 18:00:00,0,14.5,121.0,0001,1.3365746
2017-06-09 21:00:00,0,14.5,121.0,0001,0.124931335
2017-06-10 00:00:00,0,14.5,121.0,0001,0.333786
2017-06-10 03:00:00,0,14.5,121.0,0001,0.3271103
2017-06-10 06:00:00,0,14.5,121.0,0001,0.38290024
2017-06-10 09:00:00,0,14.5,121.0,0001,0.23317337
2017-06-10 12:00:00,0,14.5,121.0,0001,0.5054474
2017-06-10 15:00:00,0,14.5,121.0,0001,0.04673004
2017-06-10 18:00:00,0,14.5,121.0,0001,0.0042915344
2017-06-10 21:00:00,0,14.5,121.0,0001,0.02670288
2017-06-11 00:00:00,0,14.5,121.0,0001,0.05531311
2017-06-11 03:00:00,0,14.5,121.0,0001,0.062942505
2017-06-11 06:00:00,0,14.5,121.0,0001,2.819538
2017-06-11 09:00:00,0,14.5,121.0,0001,0.18072128
2017-06-11 12:00:00,0,14.5,121.0,0001,0.07247925
2017-06-11 15:00:00,0,14.5,121.0,0001,0.012874603
2017-06-11 18:00:00,0,14.5,121.0,0001,0.05197525
2017-06-11 21:00:00,0,14.5,121.0,0001,0.0
2017-06-12 00:00:00,0,14.5,121.0,0001,0.0038146973
2017-06-12 03:00:00,0,14.5,121.0,0001,0.0166893
2017-06-12 06:00:00,0,14.5,121.0,0001,0.00667572
2017-06-12 09:00:00,0,14.5,121.0,0001,0.07343292
2017-06-12 12:00:00,0,14.5,121.0,0001,0.0
2017-06-12 15:00:00,0,14.5,121.0,0001,0.0
2017-06-12 18:00:00,0,14.5,121.0,0001,0.0009536743
2017-06-12 21:00:00,0,14.5,121.0,0001,0.002861023
2017-06-13 00:00:00,0,14.5,121.0,0001,0.014305115
2017-06-13 03:00:00,0,14.5,121.0,0001,0.10871887
2017-06-13 06:00:00,0,14.5,121.0,0001,0.011444092
2017-06-13 09:00:00,0,14.5,121.0,0001,0.0009536743
2017-06-13 12:00:00,0,14.5,121.0,0001,0.0
2017-06-13 15:00:00,0,14.5,121.0,0001,0.0
2017-06-13 18:00:00,0,14.5,121.0,0001,0.047683716
2017-06-13 21:00:00,0,14.5,121.0,0001,0.21600723
2017-06-14 00:00:00,0,14.5,121.0,0001,0.012874603
2017-06-14 03:00:00,0,14.5,121.0,0001,0.036239624
2017-06-14 06:00:00,0,14.5,121.0,0001,0.0038146973
2017-06-14 09:00:00,0,14.5,121.0,0001,0.7534027
2017-06-14 12:00:00,0,14.5,121.0,0001,0.0
2017-06-14 15:00:00,0,14.5,121.0,0001,0.09727478
2017-06-14 18:00:00,0,14.5,121.0,0001,0.14925003
2017-06-14 21:00:00,0,14.5,121.0,0001,0.0
2017-06-15 00:00:00,0,14.5,121.0,0001,0.0009536743
2017-06-15 03:00:00,0,14.5,121.0,0001,0.02193451
2017-06-15 06:00:00,0,14.5,121.0,0001,0.012874603
2017-06-15 09:00:00,0,14.5,121.0,0001,0.082969666
2017-06-15 12:00:00,0,14.5,121.0,0001,0.20599365
2017-06-15 15:00:00,0,14.5,121.0,0001,0.10108948
2017-06-15 18:00:00,0,14.5,121.0,0001,0.0019073486
2017-06-15 21:00:00,0,14.5,121.0,0001,0.0
2017-06-16 00:00:00,0,14.5,121.0,0001,0.005722046
2017-06-16 03:00:00,0,14.5,121.0,0001,0.05340576
2017-06-16 06:00:00,0,14.5,121.0,0001,0.019073486
2017-06-16 09:00:00,0,14.5,121.0,0001,0.5607605
2017-06-16 12:00:00,0,14.5,121.0,0001,0.0052452087
2017-06-16 15:00:00,0,14.5,121.0,0001,0.0019073486
2017-06-16 18:00:00,0,14.5,121.0,0001,0.0
2017-06-16 21:00:00,0,14.5,121.0,0001,0.0
2017-06-17 00:00:00,0,14.5,121.0,0001,0.00333786
2017-06-17 03:00:00,0,14.5,121.0,0001,0.04720688
2017-06-17 06:00:00,0,14.5,121.0,0001,0.0910759
2017-06-17 09:00:00,0,14.5,121.0,0001,0.036239624
2017-06-17 12:00:00,0,14.5,121.0,0001,0.08106232
2017-06-17 15:00:00,0,14.5,121.0,0001,0.038146973
2017-06-17 18:00:00,0,14.5,121.0,0001,0.08392334
2017-06-17 21:00:00,0,14.5,121.0,0001,0.0019073486
2017-06-18 00:00:00,0,14.5,121.0,0001,0.10204315
2017-06-18 03:00:00,0,14.5,121.0,0001,0.009536743
2017-06-18 06:00:00,0,14.5,121.0,0001,0.04053116
2017-06-18 09:00:00,0,14.5,121.0,0001,0.015258789
2017-06-18 12:00:00,0,14.5,121.0,0001,0.0009536743
2017-06-18 15:00:00,0,14.5,121.0,0001,0.17261505
2017-06-18 18:00:00,0,14.5,121.0,0001,0.13971329
2017-06-18 21:00:00,0,14.5,121.0,0001,0.008583069
2017-06-19 00:00:00,0,14.5,121.0,0001,0.1077652
2017-06-19 03:00:00,0,14.5,121.0,0001,0.062942505
2017-06-19 06:00:00,0,14.5,121.0,0001,0.00333786
2017-06-19 09:00:00,0,14.5,121.0,0001,0.11920929
2017-06-19 12:00:00,0,14.5,121.0,0001,0.028133392
2017-06-19 15:00:00,0,14.5,121.0,0001,0.059127808
2017-06-19 18:00:00,0,14.5,121.0,0001,0.06580353
2017-06-19 21:00:00,0,14.5,121.0,0001,0.0023841858
2017-06-20 00:00:00,0,14.5,121.0,0001,0.0047683716
2017-06-20 03:00:00,0,14.5,121.0,0001,0.01001358
2017-06-20 06:00:00,0,14.5,121.0,0001,0.0014305115
2017-06-20 09:00:00,0,14.5,121.0,0001,0.5874634
2017-06-20 12:00:00,0,14.5,121.0,0001,0.2002716
2017-06-20 15:00:00,0,14.5,121.0,0001,0.0076293945
2017-06-20 18:00:00,0,14.5,121.0,0001,0.056266785
2017-06-20 21:00:00,0,14.5,121.0,0001,0.0
2017-06-21 00:00:00,0,14.5,121.0,0001,0.005722046
2017-06-21 03:00:00,0,14.5,121.0,0001,0.051498413
2017-06-21 06:00:00,0,14.5,121.0,0001,0.41627884
2017-06-21 09:00:00,0,14.5,121.0,0001,0.16832352
2017-06-21 12:00:00,0,14.5,121.0,0001,0.0038146973
2017-06-21 15:00:00,0,14.5,121.0,0001,0.01335144
2017-06-21 18:00:00,0,14.5,121.0,0001,0.022888184
2017-06-21 21:00:00,0,14.5,121.0,0001,0.017166138
2017-06-22 00:00:00,0,14.5,121.0,0001,0.0047683716
2017-06-22 03:00:00,0,14.5,121.0,0001,0.008106232
2017-06-22 06:00:00,0,14.5,121.0,0001,0.114917755
2017-06-22 09:00:00,0,14.5,121.0,0001,0.32663345
2017-06-22 12:00:00,0,14.5,121.0,0001,0.024795532
2017-06-22 15:00:00,0,14.5,121.0,0001,0.30565262
2017-06-22 18:00:00,0,14.5,121.0,0001,0.5092621
2017-06-22 21:00:00,0,14.5,121.0,0001,0.0
2017-06-23 00:00:00,0,14.5,121.0,0001,0.13160706
2017-06-23 03:00:00,0,14.5,121.0,0001,0.047683716
2017-06-23 06:00:00,0,14.5,121.0,0001,0.11062622
2017-06-23 09:00:00,0,14.5,121.0,0001,0.45633316
2017-06-23 12:00:00,0,14.5,121.0,0001,0.06532669
2017-06-23 15:00:00,0,14.5,121.0,0001,0.42390823
2017-06-23 18:00:00,0,14.5,121.0,0001,0.00047683716
2017-06-23 21:00:00,0,14.5,121.0,0001,0.0
2017-06-24 00:00:00,0,14.5,121.0,0001,0.00667572
2017-06-24 03:00:00,0,14.5,121.0,0001,0.0042915344
2017-06-24 06:00:00,0,14.5,121.0,0001,0.0076293945
2017-06-24 09:00:00,0,14.5,121.0,0001,0.10633469
2017-06-24 12:00:00,0,14.5,121.0,0001,0.00667572
2017-06-24 15:00:00,0,14.5,121.0,0001,0.022888184
2017-06-24 18:00:00,0,14.5,121.0,0001,0.015735626
2017-06-24 21:00:00,0,14.5,121.0,0001,0.16450882
2017-06-25 00:00:00,0,14.5,121.0,0001,0.0
2017-06-25 03:00:00,0,14.5,121.0,0001,0.0076293945
2017-06-25 06:00:00,0,14.5,121.0,0001,0.00333786
2017-06-25 09:00:00,0,14.5,121.0,0001,0.32758713
2017-06-25 12:00:00,0,14.5,121.0,0001,1.8873215
2017-06-25 15:00:00,0,14.5,121.0,0001,0.0014305115
2017-06-25 18:00:00,0,14.5,121.0,0001,0.15544891
2017-06-25 21:00:00,0,14.5,121.0,0001,0.0
2017-06-26 00:00:00,0,14.5,121.0,0001,0.0009536743
2017-06-26 03:00:00,0,14.5,121.0,0001,0.015735626
2017-06-26 06:00:00,0,14.5,121.0,0001,0.313282
2017-06-26 09:00:00,0,14.5,121.0,0001,0.31661987
2017-06-26 12:00:00,0,14.5,121.0,0001,0.15974045
2017-06-26 15:00:00,0,14.5,121.0,0001,1.1072159
2017-06-26 18:00:00,0,14.5,121.0,0001,0.00333786
2017-06-26 21:00:00,0,14.5,121.0,0001,0.019073486
2017-06-27 00:00:00,0,14.5,121.0,0001,0.22268295
2017-06-27 03:00:00,0,14.5,121.0,0001,0.19693375
2017-06-27 06:00:00,0,14.5,121.0,0001,0.48208237
2017-06-27 09:00:00,0,14.5,121.0,0001,0.07867813
2017-06-27 12:00:00,0,14.5,121.0,0001,0.13256073
2017-06-27 15:00:00,0,14.5,121.0,0001,0.049591064
2017-06-27 18:00:00,0,14.5,121.0,0001,0.34046173
2017-06-27 21:00:00,0,14.5,121.0,0001,0.020980835
2017-06-28 00:00:00,0,14.5,121.0,0001,0.18072128
2017-06-28 03:00:00,0,14.5,121.0,0001,0.052452087
2017-06-28 06:00:00,0,14.5,121.0,0001,0.1707077
2017-06-28 09:00:00,0,14.5,121.0,0001,4.802704
2017-06-28 12:00:00,0,14.5,121.0,0001,0.0047683716
2017-06-28 15:00:00,0,14.5,121.0,0001,0.09727478
2017-06-28 18:00:00,0,14.5,121.0,0001,0.041007996
2017-06-28 21:00:00,0,14.5,121.0,0001,0.058174133
2017-06-29 00:00:00,0,14.5,121.0,0001,0.027656555
2017-06-29 03:00:00,0,14.5,121.0,0001,0.1077652
2017-06-29 06:00:00,0,14.5,121.0,0001,0.18787384
2017-06-29 09:00:00,0,14.5,121.0,0001,0.06532669
2017-06-29 12:00:00,0,14.5,121.0,0001,0.013828278
2017-06-29 15:00:00,0,14.5,121.0,0001,0.08678436
2017-06-29 18:00:00,0,14.5,121.0,0001,0.017642975
2017-06-29 21:00:00,0,14.5,121.0,0001,0.02861023
2017-06-30 00:00:00,0,14.5,121.0,0001,0.029563904
2017-06-30 03:00:00,0,14.5,121.0,0001,0.1039505
2017-06-30 06:00:00,0,14.5,121.0,0001,0.13780594
2017-06-30 09:00:00,0,14.5,121.0,0001,0.02193451
2017-06-30 12:00:00,0,14.5,121.0,0001,0.0667572
2017-06-30 15:00:00,0,14.5,121.0,0001,0.00667572
2017-06-30 18:00:00,0,14.5,121.0,0001,0.37002563
2017-06-30 21:00:00,0,14.5,121.0,0001,0.030040741
2017-07-01 00:00:00,0,14.5,121.0,0001,0.03528595
2017-07-01 03:00:00,0,14.5,121.0,0001,0.04529953
2017-07-01 06:00:00,0,14.5,121.0,0001,0.29230118
2017-07-01 09:00:00,0,14.5,121.0,0001,0.10251999
2017-07-01 12:00:00,0,14.5,121.0,0001,0.15068054
2017-07-01 15:00:00,0,14.5,121.0,0001,0.42533875
2017-07-01 18:00:00,0,14.5,121.0,0001,0.052452087
2017-07-01 21:00:00,0,14.5,121.0,0001,0.0014305115
2017-07-02 00:00:00,0,14.5,121.0,0001,0.0014305115
2017-07-02 03:00:00,0,14.5,121.0,0001,0.09059906
2017-07-02 06:00:00,0,14.5,121.0,0001,0.005722046
2017-07-02 09:00:00,0,14.5,121.0,0001,0.31471252
2017-07-02 12:00:00,0,14.5,121.0,0001,2.7723312
2017-07-02 15:00:00,0,14.5,121.0,0001,0.4348755
2017-07-02 18:00:00,0,14.5,121.0,0001,0.0
2017-07-02 21:00:00,0,14.5,121.0,0001,0.19073486
2017-07-03 00:00:00,0,14.5,121.0,0001,0.5135536
2017-07-03 03:00:00,0,14.5,121.0,0001,0.17976761
2017-07-03 06:00:00,0,14.5,121.0,0001,0.50497055
2017-07-03 09:00:00,0,14.5,121.0,0001,0.685215
2017-07-03 12:00:00,0,14.5,121.0,0001,0.5083084
2017-07-03 15:00:00,0,14.5,121.0,0001,0.22983551
2017-07-03 18:00:00,0,14.5,121.0,0001,0.069618225
2017-07-03 21:00:00,0,14.5,121.0,0001,0.025749207
2017-07-04 00:00:00,0,14.5,121.0,0001,0.0076293945
2017-07-04 03:00:00,0,14.5,121.0,0001,0.027179718
2017-07-04 06:00:00,0,14.5,121.0,0001,1.3403893
2017-07-04 09:00:00,0,14.5,121.0,0001,0.30088425
2017-07-04 12:00:00,0,14.5,121.0,0001,0.7867813
2017-07-04 15:00:00,0,14.5,121.0,0001,0.02670288
2017-07-04 18:00:00,0,14.5,121.0,0001,0.8792877
2017-07-04 21:00:00,0,14.5,121.0,0001,0.024318695
2017-07-05 00:00:00,0,14.5,121.0,0001,0.01001358
2017-07-05 03:00:00,0,14.5,121.0,0001,0.03671646
2017-07-05 06:00:00,0,14.5,121.0,0001,0.0743866
2017-07-05 09:00:00,0,14.5,121.0,0001,0.045776367
2017-07-05 12:00:00,0,14.5,121.0,0001,0.024795532
2017-07-05 15:00:00,0,14.5,121.0,0001,0.0
2017-07-05 18:00:00,0,14.5,121.0,0001,0.017166138
2017-07-05 21:00:00,0,14.5,121.0,0001,0.0038146973
2017-07-06 00:00:00,0,14.5,121.0,0001,0.0371933
2017-07-06 03:00:00,0,14.5,121.0,0001,0.019550323
2017-07-06 06:00:00,0,14.5,121.0,0001,3.3569336
2017-07-06 09:00:00,0,14.5,121.0,0001,0.13685226
2017-07-06 12:00:00,0,14.5,121.0,0001,0.086307526
2017-07-06 15:00:00,0,14.5,121.0,0001,0.0
2017-07-06 18:00:00,0,14.5,121.0,0001,0.028133392
2017-07-06 21:00:00,0,14.5,121.0,0001,0.0014305115
2017-07-07 00:00:00,0,14.5,121.0,0001,0.032424927
2017-07-07 03:00:00,0,14.5,121.0,0001,0.08058548
2017-07-07 06:00:00,0,14.5,121.0,0001,0.07915497
2017-07-07 09:00:00,0,14.5,121.0,0001,2.0155907
2017-07-07 12:00:00,0,14.5,121.0,0001,0.0
2017-07-07 15:00:00,0,14.5,121.0,0001,0.032424927
2017-07-07 18:00:00,0,14.5,121.0,0001,0.34332275
2017-07-07 21:00:00,0,14.5,121.0,0001,0.0
2017-07-08 00:00:00,0,14.5,121.0,0001,0.024318695
2017-07-08 03:00:00,0,14.5,121.0,0001,0.29087067
2017-07-08 06:00:00,0,14.5,121.0,0001,1.9068718
2017-07-08 09:00:00,0,14.5,121.0,0001,0.002861023
2017-07-08 12:00:00,0,14.5,121.0,0001,0.13446808
2017-07-08 15:00:00,0,14.5,121.0,0001,0.020980835
2017-07-08 18:00:00,0,14.5,121.0,0001,0.4749298
2017-07-08 21:00:00,0,14.5,121.0,0001,0.01335144
2017-07-09 00:00:00,0,14.5,121.0,0001,0.03528595
2017-07-09 03:00:00,0,14.5,121.0,0001,0.045776367
2017-07-09 06:00:00,0,14.5,121.0,0001,0.40102005
2017-07-09 09:00:00,0,14.5,121.0,0001,0.15258789
2017-07-09 12:00:00,0,14.5,121.0,0001,0.7481575
2017-07-09 15:00:00,0,14.5,121.0,0001,0.30183792
2017-07-09 18:00:00,0,14.5,121.0,0001,0.13446808
2017-07-09 21:00:00,0,14.5,121.0,0001,1.1296272
2017-07-10 00:00:00,0,14.5,121.0,0001,0.08106232
2017-07-10 03:00:00,0,14.5,121.0,0001,0.21600723
2017-07-10 06:00:00,0,14.5,121.0,0001,0.05340576
2017-07-10 09:00:00,0,14.5,121.0,0001,0.13017654
2017-07-10 12:00:00,0,14.5,121.0,0001,0.1449585
2017-07-10 15:00:00,0,14.5,121.0,0001,0.3824234
2017-07-10 18:00:00,0,14.5,121.0,0001,0.12683868
2017-07-10 21:00:00,0,14.5,121.0,0001,0.0038146973
2017-07-11 00:00:00,0,14.5,121.0,0001,0.018119812
2017-07-11 03:00:00,0,14.5,121.0,0001,0.118255615
2017-07-11 06:00:00,0,14.5,121.0,0001,0.78725815
2017-07-11 09:00:00,0,14.5,121.0,0001,0.8187294
2017-07-11 12:00:00,0,14.5,121.0,0001,0.055789948
2017-07-11 15:00:00,0,14.5,121.0,0001,0.09012222
2017-07-11 18:00:00,0,14.5,121.0,0001,0.2670288
2017-07-11 21:00:00,0,14.5,121.0,0001,0.12874603
2017-07-12 00:00:00,0,14.5,121.0,0001,0.09250641
2017-07-12 03:00:00,0,14.5,121.0,0001,0.120162964
2017-07-12 06:00:00,0,14.5,121.0,0001,0.5979538
2017-07-12 09:00:00,0,14.5,121.0,0001,0.5578995
2017-07-12 12:00:00,0,14.5,121.0,0001,0.9264946
2017-07-12 15:00:00,0,14.5,121.0,0001,1.7757416
2017-07-12 18:00:00,0,14.5,121.0,0001,4.9176216
2017-07-12 21:00:00,0,14.5,121.0,0001,1.47295
2017-07-13 00:00:00,0,14.5,121.0,0001,0.15974045
2017-07-13 03:00:00,0,14.5,121.0,0001,0.29039383
2017-07-13 06:00:00,0,14.5,121.0,0001,0.14400482
2017-07-13 09:00:00,0,14.5,121.0,0001,0.8330345
2017-07-13 12:00:00,0,14.5,121.0,0001,0.6160736
2017-07-13 15:00:00,0,14.5,121.0,0001,0.025749207
2017-07-13 18:00:00,0,14.5,121.0,0001,0.002861023
2017-07-13 21:00:00,0,14.5,121.0,0001,0.79345703
2017-07-14 00:00:00,0,14.5,121.0,0001,0.5440712
2017-07-14 03:00:00,0,14.5,121.0,0001,0.2655983
2017-07-14 06:00:00,0,14.5,121.0,0001,0.73719025
2017-07-14 09:00:00,0,14.5,121.0,0001,0.32234192
2017-07-14 12:00:00,0,14.5,121.0,0001,1.1510849
2017-07-14 15:00:00,0,14.5,121.0,0001,0.3080368
2017-07-14 18:00:00,0,14.5,121.0,0001,0.18024445
2017-07-14 21:00:00,0,14.5,121.0,0001,0.5788803
2017-07-15 00:00:00,0,14.5,121.0,0001,0.42200089
2017-07-15 03:00:00,0,14.5,121.0,0001,0.12207031
2017-07-15 06:00:00,0,14.5,121.0,0001,1.7147064
2017-07-15 09:00:00,0,14.5,121.0,0001,0.19311905
2017-07-15 12:00:00,0,14.5,121.0,0001,0.7824898
2017-07-15 15:00:00,0,14.5,121.0,0001,0.62942505
2017-07-15 18:00:00,0,14.5,121.0,0001,0.5221367
2017-07-15 21:00:00,0,14.5,121.0,0001,0.15640259
2017-07-16 00:00:00,0,14.5,121.0,0001,0.20265579
2017-07-16 03:00:00,0,14.5,121.0,0001,0.15735626
2017-07-16 06:00:00,0,14.5,121.0,0001,0.07677078
2017-07-16 09:00:00,0,14.5,121.0,0001,3.2410622
2017-07-16 12:00:00,0,14.5,121.0,0001,0.094890594
2017-07-16 15:00:00,0,14.5,121.0,0001,0.1411438
2017-07-16 18:00:00,0,14.5,121.0,0001,0.09918213
2017-07-16 21:00:00,0,14.5,121.0,0001,0.10681152
2017-07-17 00:00:00,0,14.5,121.0,0001,0.034809113
2017-07-17 03:00:00,0,14.5,121.0,0001,0.020980835
2017-07-17 06:00:00,0,14.5,121.0,0001,0.025749207
2017-07-17 09:00:00,0,14.5,121.0,0001,1.0318756
2017-07-17 12:00:00,0,14.5,121.0,0001,0.04005432
2017-07-17 15:00:00,0,14.5,121.0,0001,0.13828278
2017-07-17 18:00:00,0,14.5,121.0,0001,0.029563904
2017-07-17 21:00:00,0,14.5,121.0,0001,0.06198883
2017-07-18 00:00:00,0,14.5,121.0,0001,0.022888184
2017-07-18 03:00:00,0,14.5,121.0,0001,0.24366379
2017-07-18 06:00:00,0,14.5,121.0,0001,0.0076293945
2017-07-18 09:00:00,0,14.5,121.0,0001,0.2603531
2017-07-18 12:00:00,0,14.5,121.0,0001,0.026226044
2017-07-18 15:00:00,0,14.5,121.0,0001,0.0009536743
2017-07-18 18:00:00,0,14.5,121.0,0001,0.24461746
2017-07-18 21:00:00,0,14.5,121.0,0001,0.36621094
2017-07-19 00:00:00,0,14.5,121.0,0001,0.13589859
2017-07-19 03:00:00,0,14.5,121.0,0001,0.19836426
2017-07-19 06:00:00,0,14.5,121.0,0001,0.052928925
2017-07-19 09:00:00,0,14.5,121.0,0001,0.22888184
2017-07-19 12:00:00,0,14.5,121.0,0001,0.89359283
2017-07-19 15:00:00,0,14.5,121.0,0001,1.7318726
2017-07-19 18:00:00,0,14.5,121.0,0001,0.111579895
2017-07-19 21:00:00,0,14.5,121.0,0001,0.20503998
2017-07-20 00:00:00,0,14.5,121.0,0001,0.20647049
2017-07-20 03:00:00,0,14.5,121.0,0001,0.13685226
2017-07-20 06:00:00,0,14.5,121.0,0001,4.544258
2017-07-20 09:00:00,0,14.5,121.0,0001,0.19741058
2017-07-20 12:00:00,0,14.5,121.0,0001,0.6828308
2017-07-20 15:00:00,0,14.5,121.0,0001,0.9803772
2017-07-20 18:00:00,0,14.5,121.0,0001,2.1514893
2017-07-20 21:00:00,0,14.5,121.0,0001,0.9403229
2017-07-21 00:00:00,0,14.5,121.0,0001,0.9031296
2017-07-21 03:00:00,0,14.5,121.0,0001,0.45776367
2017-07-21 06:00:00,0,14.5,121.0,0001,0.6875992
2017-07-21 09:00:00,0,14.5,121.0,0001,0.15354156
2017-07-21 12:00:00,0,14.5,121.0,0001,0.22315979
2017-07-21 15:00:00,0,14.5,121.0,0001,0.0500679
2017-07-21 18:00:00,0,14.5,121.0,0001,0.116825104
2017-07-21 21:00:00,0,14.5,121.0,0001,0.12779236
2017-07-22 00:00:00,0,14.5,121.0,0001,0.078201294
2017-07-22 03:00:00,0,14.5,121.0,0001,0.14019012
2017-07-22 06:00:00,0,14.5,121.0,0001,0.2732277
2017-07-22 09:00:00,0,14.5,121.0,0001,0.8840561
2017-07-22 12:00:00,0,14.5,121.0,0001,0.6380081
2017-07-22 15:00:00,0,14.5,121.0,0001,0.1039505
2017-07-22 18:00:00,0,14.5,121.0,0001,0.088214874
2017-07-22 21:00:00,0,14.5,121.0,0001,1.1954308
2017-07-23 00:00:00,0,14.5,121.0,0001,0.121593475
2017-07-23 03:00:00,0,14.5,121.0,0001,0.27275085
2017-07-23 06:00:00,0,14.5,121.0,0001,0.6508827
2017-07-23 09:00:00,0,14.5,121.0,0001,0.67949295
2017-07-23 12:00:00,0,14.5,121.0,0001,0.021457672
2017-07-23 15:00:00,0,14.5,121.0,0001,0.16021729
2017-07-23 18:00:00,0,14.5,121.0,0001,0.029087067
2017-07-23 21:00:00,0,14.5,121.0,0001,0.11968613
2017-07-24 00:00:00,0,14.5,121.0,0001,0.06532669
2017-07-24 03:00:00,0,14.5,121.0,0001,0.20313263
2017-07-24 06:00:00,0,14.5,121.0,0001,0.27179718
2017-07-24 09:00:00,0,14.5,121.0,0001,0.63991547
2017-07-24 12:00:00,0,14.5,121.0,0001,0.14972687
2017-07-24 15:00:00,0,14.5,121.0,0001,0.20122528
2017-07-24 18:00:00,0,14.5,121.0,0001,0.06818771
2017-07-24 21:00:00,0,14.5,121.0,0001,0.40626526
2017-07-25 00:00:00,0,14.5,121.0,0001,0.28657913
2017-07-25 03:00:00,0,14.5,121.0,0001,0.682354
2017-07-25 06:00:00,0,14.5,121.0,0001,0.3657341
2017-07-25 09:00:00,0,14.5,121.0,0001,0.58460236
2017-07-25 12:00:00,0,14.5,121.0,0001,1.0051727
2017-07-25 15:00:00,0,14.5,121.0,0001,1.1639595
2017-07-25 18:00:00,0,14.5,121.0,0001,1.3656616
2017-07-25 21:00:00,0,14.5,121.0,0001,0.8969307
2017-07-26 00:00:00,0,14.5,121.0,0001,0.8072853
2017-07-26 03:00:00,0,14.5,121.0,0001,0.6055832
2017-07-26 06:00:00,0,14.5,121.0,0001,0.65660477
2017-07-26 09:00:00,0,14.5,121.0,0001,2.7632713
2017-07-26 12:00:00,0,14.5,121.0,0001,1.6360283
2017-07-26 15:00:00,0,14.5,121.0,0001,0.11634827
2017-07-26 18:00:00,0,14.5,121.0,0001,0.25367737
2017-07-26 21:00:00,0,14.5,121.0,0001,0.85639954
2017-07-27 00:00:00,0,14.5,121.0,0001,0.40483475
2017-07-27 03:00:00,0,14.5,121.0,0001,0.5950928
2017-07-27 06:00:00,0,14.5,121.0,0001,0.37240982
2017-07-27 09:00:00,0,14.5,121.0,0001,0.3118515
2017-07-27 12:00:00,0,14.5,121.0,0001,0.19931793
2017-07-27 15:00:00,0,14.5,121.0,0001,0.4529953
2017-07-27 18:00:00,0,14.5,121.0,0001,0.95653534
2017-07-27 21:00:00,0,14.5,121.0,0001,0.33855438
2017-07-28 00:00:00,0,14.5,121.0,0001,0.86402893
2017-07-28 03:00:00,0,14.5,121.0,0001,0.5645752
2017-07-28 06:00:00,0,14.5,121.0,0001,1.0943413
2017-07-28 09:00:00,0,14.5,121.0,0001,0.42057037
2017-07-28 12:00:00,0,14.5,121.0,0001,0.93364716
2017-07-28 15:00:00,0,14.5,121.0,0001,0.705719
2017-07-28 18:00:00,0,14.5,121.0,0001,0.40769577
2017-07-28 21:00:00,0,14.5,121.0,0001,0.13875961
2017-07-29 00:00:00,0,14.5,121.0,0001,0.3194809
2017-07-29 03:00:00,0,14.5,121.0,0001,0.2412796
2017-07-29 06:00:00,0,14.5,121.0,0001,0.6656647
2017-07-29 09:00:00,0,14.5,121.0,0001,1.4157295
2017-07-29 12:00:00,0,14.5,121.0,0001,0.20313263
2017-07-29 15:00:00,0,14.5,121.0,0001,0.16307831
2017-07-29 18:00:00,0,14.5,121.0,0001,0.34332275
2017-07-29 21:00:00,0,14.5,121.0,0001,0.56409836
2017-07-30 00:00:00,0,14.5,121.0,0001,0.43439865
2017-07-30 03:00:00,0,14.5,121.0,0001,0.43678284
2017-07-30 06:00:00,0,14.5,121.0,0001,0.45585632
2017-07-30 09:00:00,0,14.5,121.0,0001,0.45776367
2017-07-30 12:00:00,0,14.5,121.0,0001,0.21743774
2017-07-30 15:00:00,0,14.5,121.0,0001,0.14209747
2017-07-30 18:00:00,0,14.5,121.0,0001,0.18262863
2017-07-30 21:00:00,0,14.5,121.0,0001,0.20456314
2017-07-31 00:00:00,0,14.5,121.0,0001,0.3118515
2017-07-31 03:00:00,0,14.5,121.0,0001,0.15115738
2017-07-31 06:00:00,0,14.5,121.0,0001,0.17595291
2017-07-31 09:00:00,0,14.5,121.0,0001,0.30231476
2017-07-31 12:00:00,0,14.5,121.0,0001,0.07534027
2017-07-31 15:00:00,0,14.5,121.0,0001,0.084877014
2017-07-31 18:00:00,0,14.5,121.0,0001,0.12207031
2017-07-31 21:00:00,0,14.5,121.0,0001,0.11205673
2017-08-01 00:00:00,0,14.5,121.0,0001,0.1578331
2017-08-01 03:00:00,0,14.5,121.0,0001,0.114917755
2017-08-01 06:00:00,0,14.5,121.0,0001,0.83208084
2017-08-01 09:00:00,0,14.5,121.0,0001,0.08773804
2017-08-01 12:00:00,0,14.5,121.0,0001,0.06341934
2017-08-01 15:00:00,0,14.5,121.0,0001,0.14591217
2017-08-01 18:00:00,0,14.5,121.0,0001,0.27942657
2017-08-01 21:00:00,0,14.5,121.0,0001,0.7505417
2017-08-02 00:00:00,0,14.5,121.0,0001,0.57792664
2017-08-02 03:00:00,0,14.5,121.0,0001,0.23031235
2017-08-02 06:00:00,0,14.5,121.0,0001,0.35572052
2017-08-02 09:00:00,0,14.5,121.0,0001,0.2322197
2017-08-02 12:00:00,0,14.5,121.0,0001,0.2965927
2017-08-02 15:00:00,0,14.5,121.0,0001,0.11062622
2017-08-02 18:00:00,0,14.5,121.0,0001,0.62417984
2017-08-02 21:00:00,0,14.5,121.0,0001,1.2340546
2017-08-03 00:00:00,0,14.5,121.0,0001,2.005577
2017-08-03 03:00:00,0,14.5,121.0,0001,0.23174286
2017-08-03 06:00:00,0,14.5,121.0,0001,0.33664703
2017-08-03 09:00:00,0,14.5,121.0,0001,0.58078766
2017-08-03 12:00:00,0,14.5,121.0,0001,0.21362305
2017-08-03 15:00:00,0,14.5,121.0,0001,0.11634827
2017-08-03 18:00:00,0,14.5,121.0,0001,0.26226044
2017-08-03 21:00:00,0,14.5,121.0,0001,0.26607513
2017-08-04 00:00:00,0,14.5,121.0,0001,7.247925
2017-08-04 03:00:00,0,14.5,121.0,0001,7.016182
2017-08-04 06:00:00,0,14.5,121.0,0001,1.250267
2017-08-04 09:00:00,0,14.5,121.0,0001,1.6784668
2017-08-04 12:00:00,0,14.5,121.0,0001,1.9979477
2017-08-04 15:00:00,0,14.5,121.0,0001,0.24414062
2017-08-04 18:00:00,0,14.5,121.0,0001,0.33426285
2017-08-04 21:00:00,0,14.5,121.0,0001,0.10919571
2017-08-05 00:00:00,0,14.5,121.0,0001,0.15830994
2017-08-05 03:00:00,0,14.5,121.0,0001,0.29945374
2017-08-05 06:00:00,0,14.5,121.0,0001,0.3709793
2017-08-05 09:00:00,0,14.5,121.0,0001,0.3862381
2017-08-05 12:00:00,0,14.5,121.0,0001,0.25081635
2017-08-05 15:00:00,0,14.5,121.0,0001,0.22220612
2017-08-05 18:00:00,0,14.5,121.0,0001,0.07390976
2017-08-05 21:00:00,0,14.5,121.0,0001,0.14925003
2017-08-06 00:00:00,0,14.5,121.0,0001,0.08106232
2017-08-06 03:00:00,0,14.5,121.0,0001,0.30517578
2017-08-06 06:00:00,0,14.5,121.0,0001,0.120162964
2017-08-06 09:00:00,0,14.5,121.0,0001,0.047683716
2017-08-06 12:00:00,0,14.5,121.0,0001,0.0019073486
2017-08-06 15:00:00,0,14.5,121.0,0001,0.022888184
2017-08-06 18:00:00,0,14.5,121.0,0001,0.018119812
2017-08-06 21:00:00,0,14.5,121.0,0001,0.01335144
2017-08-07 00:00:00,0,14.5,121.0,0001,0.102996826
2017-08-07 03:00:00,0,14.5,121.0,0001,0.18787384
2017-08-07 06:00:00,0,14.5,121.0,0001,1.3380051
2017-08-07 09:00:00,0,14.5,121.0,0001,0.44584274
2017-08-07 12:00:00,0,14.5,121.0,0001,0.00047683716
2017-08-07 15:00:00,0,14.5,121.0,0001,0.009536743
2017-08-07 18:00:00,0,14.5,121.0,0001,0.0104904175
2017-08-07 21:00:00,0,14.5,121.0,0001,0.0
2017-08-08 00:00:00,0,14.5,121.0,0001,0.0038146973
2017-08-08 03:00:00,0,14.5,121.0,0001,0.1244545
2017-08-08 06:00:00,0,14.5,121.0,0001,0.1001358
2017-08-08 09:00:00,0,14.5,121.0,0001,0.50258636
2017-08-08 12:00:00,0,14.5,121.0,0001,2.6283264
2017-08-08 15:00:00,0,14.5,121.0,0001,0.0
2017-08-08 18:00:00,0,14.5,121.0,0001,0.002861023
2017-08-08 21:00:00,0,14.5,121.0,0001,0.009059906
2017-08-09 00:00:00,0,14.5,121.0,0001,0.028133392
2017-08-09 03:00:00,0,14.5,121.0,0001,0.08869171
2017-08-09 06:00:00,0,14.5,121.0,0001,0.04863739
2017-08-09 09:00:00,0,14.5,121.0,0001,0.0
2017-08-09 12:00:00,0,14.5,121.0,0001,0.009536743
2017-08-09 15:00:00,0,14.5,121.0,0001,0.03862381
2017-08-09 18:00:00,0,14.5,121.0,0001,0.038146973
2017-08-09 21:00:00,0,14.5,121.0,0001,0.0076293945
2017-08-10 00:00:00,0,14.5,121.0,0001,0.023841858
2017-08-10 03:00:00,0,14.5,121.0,0001,0.03862381
2017-08-10 06:00:00,0,14.5,121.0,0001,0.048160553
2017-08-10 09:00:00,0,14.5,121.0,0001,0.0009536743
2017-08-10 12:00:00,0,14.5,121.0,0001,0.09584427
2017-08-10 15:00:00,0,14.5,121.0,0001,0.0019073486
2017-08-10 18:00:00,0,14.5,121.0,0001,0.0009536743
2017-08-10 21:00:00,0,14.5,121.0,0001,0.0
2017-08-11 00:00:00,0,14.5,121.0,0001,0.0
2017-08-11 03:00:00,0,14.5,121.0,0001,0.07915497
2017-08-11 06:00:00,0,14.5,121.0,0001,0.039100647
2017-08-11 09:00:00,0,14.5,121.0,0001,4.283905
2017-08-11 12:00:00,0,14.5,121.0,0001,0.017166138
2017-08-11 15:00:00,0,14.5,121.0,0001,0.0
2017-08-11 18:00:00,0,14.5,121.0,0001,0.00047683716
2017-08-11 21:00:00,0,14.5,121.0,0001,0.03528595
2017-08-12 00:00:00,0,14.5,121.0,0001,0.0
2017-08-12 03:00:00,0,14.5,121.0,0001,0.01335144
2017-08-12 06:00:00,0,14.5,121.0,0001,0.03528595
2017-08-12 09:00:00,0,14.5,121.0,0001,0.034332275
2017-08-12 12:00:00,0,14.5,121.0,0001,1.065731
2017-08-12 15:00:00,0,14.5,121.0,0001,0.0038146973
2017-08-12 18:00:00,0,14.5,121.0,0001,0.08869171
2017-08-12 21:00:00,0,14.5,121.0,0001,0.02670288
2017-08-13 00:00:00,0,14.5,121.0,0001,0.00667572
2017-08-13 03:00:00,0,14.5,121.0,0001,0.036239624
2017-08-13 06:00:00,0,14.5,121.0,0001,0.42200089
2017-08-13 09:00:00,0,14.5,121.0,0001,0.6160736
2017-08-13 12:00:00,0,14.5,121.0,0001,0.02861023
2017-08-13 15:00:00,0,14.5,121.0,0001,0.078201294
2017-08-13 18:00:00,0,14.5,121.0,0001,0.19931793
2017-08-13 21:00:00,0,14.5,121.0,0001,0.08678436
2017-08-14 00:00:00,0,14.5,121.0,0001,0.014781952
2017-08-14 03:00:00,0,14.5,121.0,0001,0.08869171
2017-08-14 06:00:00,0,14.5,121.0,0001,0.1912117
2017-08-14 09:00:00,0,14.5,121.0,0001,0.38719177
2017-08-14 12:00:00,0,14.5,121.0,0001,0.52547455
2017-08-14 15:00:00,0,14.5,121.0,0001,0.25606155
2017-08-14 18:00:00,0,14.5,121.0,0001,0.0038146973
2017-08-14 21:00:00,0,14.5,121.0,0001,0.17499924
2017-08-15 00:00:00,0,14.5,121.0,0001,0.0
2017-08-15 03:00:00,0,14.5,121.0,0001,0.022411346
2017-08-15 06:00:00,0,14.5,121.0,0001,0.042915344
2017-08-15 09:00:00,0,14.5,121.0,0001,0.034332275
2017-08-15 12:00:00,0,14.5,121.0,0001,0.17595291
2017-08-15 15:00:00,0,14.5,121.0,0001,0.623703
2017-08-15 18:00:00,0,14.5,121.0,0001,0.0
2017-08-15 21:00:00,0,14.5,121.0,0001,0.0009536743
2017-08-16 00:00:00,0,14.5,121.0,0001,0.027656555
2017-08-16 03:00:00,0,14.5,121.0,0001,0.054836273
2017-08-16 06:00:00,0,14.5,121.0,0001,0.039100647
2017-08-16 09:00:00,0,14.5,121.0,0001,0.21266937
2017-08-16 12:00:00,0,14.5,121.0,0001,0.0052452087
2017-08-16 15:00:00,0,14.5,121.0,0001,0.0019073486
2017-08-16 18:00:00,0,14.5,121.0,0001,0.015735626
2017-08-16 21:00:00,0,14.5,121.0,0001,0.0
2017-08-17 00:00:00,0,14.5,121.0,0001,0.015735626
2017-08-17 03:00:00,0,14.5,121.0,0001,0.0333786
2017-08-17 06:00:00,0,14.5,121.0,0001,0.02861023
2017-08-17 09:00:00,0,14.5,121.0,0001,0.00047683716
2017-08-17 12:00:00,0,14.5,121.0,0001,0.0014305115
2017-08-17 15:00:00,0,14.5,121.0,0001,0.18119812
2017-08-17 18:00:00,0,14.5,121.0,0001,0.0
2017-08-17 21:00:00,0,14.5,121.0,0001,0.12922287
2017-08-18 00:00:00,0,14.5,121.0,0001,0.005722046
2017-08-18 03:00:00,0,14.5,121.0,0001,0.08392334
2017-08-18 06:00:00,0,14.5,121.0,0001,0.0076293945
2017-08-18 09:00:00,0,14.5,121.0,0001,4.368782
2017-08-18 12:00:00,0,14.5,121.0,0001,0.0743866
2017-08-18 15:00:00,0,14.5,121.0,0001,0.0
2017-08-18 18:00:00,0,14.5,121.0,0001,0.42819977
2017-08-18 21:00:00,0,14.5,121.0,0001,0.0104904175
2017-08-19 00:00:00,0,14.5,121.0,0001,0.0052452087
2017-08-19 03:00:00,0,14.5,121.0,0001,0.87833405
2017-08-19 06:00:00,0,14.5,121.0,0001,3.569603
2017-08-19 09:00:00,0,14.5,121.0,0001,5.0086975
2017-08-19 12:00:00,0,14.5,121.0,0001,3.156662
2017-08-19 15:00:00,0,14.5,121.0,0001,0.071525574
2017-08-19 18:00:00,0,14.5,121.0,0001,1.086235
2017-08-19 21:00:00,0,14.5,121.0,0001,0.61798096
2017-08-20 00:00:00,0,14.5,121.0,0001,0.03385544
2017-08-20 03:00:00,0,14.5,121.0,0001,0.15211105
2017-08-20 06:00:00,0,14.5,121.0,0001,1.1129379
2017-08-20 09:00:00,0,14.5,121.0,0001,0.7867813
2017-08-20 12:00:00,0,14.5,121.0,0001,0.06580353
2017-08-20 15:00:00,0,14.5,121.0,0001,0.044822693
2017-08-20 18:00:00,0,14.5,121.0,0001,0.19788742
2017-08-20 21:00:00,0,14.5,121.0,0001,0.04673004
2017-08-21 00:00:00,0,14.5,121.0,0001,0.11920929
2017-08-21 03:00:00,0,14.5,121.0,0001,0.16117096
2017-08-21 06:00:00,0,14.5,121.0,0001,3.768921
2017-08-21 09:00:00,0,14.5,121.0,0001,0.64086914
2017-08-21 12:00:00,0,14.5,121.0,0001,0.11920929
2017-08-21 15:00:00,0,14.5,121.0,0001,0.13256073
2017-08-21 18:00:00,0,14.5,121.0,0001,0.18453598
2017-08-21 21:00:00,0,14.5,121.0,0001,0.3938675
2017-08-22 00:00:00,0,14.5,121.0,0001,0.24986267
2017-08-22 03:00:00,0,14.5,121.0,0001,0.3299713
2017-08-22 06:00:00,0,14.5,121.0,0001,0.8854866
2017-08-22 09:00:00,0,14.5,121.0,0001,0.60606
2017-08-22 12:00:00,0,14.5,121.0,0001,0.14209747
2017-08-22 15:00:00,0,14.5,121.0,0001,0.21648407
2017-08-22 18:00:00,0,14.5,121.0,0001,0.102996826
2017-08-22 21:00:00,0,14.5,121.0,0001,0.024795532
2017-08-23 00:00:00,0,14.5,121.0,0001,0.0705719
2017-08-23 03:00:00,0,14.5,121.0,0001,0.23269653
2017-08-23 06:00:00,0,14.5,121.0,0001,2.503395
2017-08-23 09:00:00,0,14.5,121.0,0001,1.0538101
2017-08-23 12:00:00,0,14.5,121.0,0001,0.8716583
2017-08-23 15:00:00,0,14.5,121.0,0001,0.0371933
2017-08-23 18:00:00,0,14.5,121.0,0001,0.34236908
2017-08-23 21:00:00,0,14.5,121.0,0001,0.069618225
2017-08-24 00:00:00,0,14.5,121.0,0001,0.09536743
2017-08-24 03:00:00,0,14.5,121.0,0001,0.11062622
2017-08-24 06:00:00,0,14.5,121.0,0001,0.21076202
2017-08-24 09:00:00,0,14.5,121.0,0001,0.07247925
2017-08-24 12:00:00,0,14.5,121.0,0001,0.0009536743
2017-08-24 15:00:00,0,14.5,121.0,0001,0.002861023
2017-08-24 18:00:00,0,14.5,121.0,0001,1.493454
2017-08-24 21:00:00,0,14.5,121.0,0001,0.14209747
2017-08-25 00:00:00,0,14.5,121.0,0001,0.71668625
2017-08-25 03:00:00,0,14.5,121.0,0001,0.64373016
2017-08-25 06:00:00,0,14.5,121.0,0001,1.6231537
2017-08-25 09:00:00,0,14.5,121.0,0001,2.98357
2017-08-25 12:00:00,0,14.5,121.0,0001,1.563549
2017-08-25 15:00:00,0,14.5,121.0,0001,1.7280579
2017-08-25 18:00:00,0,14.5,121.0,0001,2.3403168
2017-08-25 21:00:00,0,14.5,121.0,0001,1.1429787
2017-08-26 00:00:00,0,14.5,121.0,0001,0.90789795
2017-08-26 03:00:00,0,14.5,121.0,0001,0.33283234
2017-08-26 06:00:00,0,14.5,121.0,0001,0.09536743
2017-08-26 09:00:00,0,14.5,121.0,0001,0.7119179
2017-08-26 12:00:00,0,14.5,121.0,0001,0.019550323
2017-08-26 15:00:00,0,14.5,121.0,0001,0.0
2017-08-26 18:00:00,0,14.5,121.0,0001,0.0
2017-08-26 21:00:00,0,14.5,121.0,0001,0.0
2017-08-27 00:00:00,0,14.5,121.0,0001,0.005722046
2017-08-27 03:00:00,0,14.5,121.0,0001,0.04053116
2017-08-27 06:00:00,0,14.5,121.0,0001,0.05054474
2017-08-27 09:00:00,0,14.5,121.0,0001,0.00667572
2017-08-27 12:00:00,0,14.5,121.0,0001,0.0
2017-08-27 15:00:00,0,14.5,121.0,0001,0.0
2017-08-27 18:00:00,0,14.5,121.0,0001,0.0
2017-08-27 21:00:00,0,14.5,121.0,0001,0.0
2017-08-28 00:00:00,0,14.5,121.0,0001,0.0009536743
2017-08-28 03:00:00,0,14.5,121.0,0001,0.00333786
2017-08-28 06:00:00,0,14.5,121.0,0001,0.24604797
2017-08-28 09:00:00,0,14.5,121.0,0001,1.2612343
2017-08-28 12:00:00,0,14.5,121.0,0001,0.06580353
2017-08-28 15:00:00,0,14.5,121.0,0001,0.03528595
2017-08-28 18:00:00,0,14.5,121.0,0001,0.07915497
2017-08-28 21:00:00,0,14.5,121.0,0001,0.0014305115
2017-08-29 00:00:00,0,14.5,121.0,0001,0.0
2017-08-29 03:00:00,0,14.5,121.0,0001,0.00667572
2017-08-29 06:00:00,0,14.5,121.0,0001,0.008583069
2017-08-29 09:00:00,0,14.5,121.0,0001,0.3671646
2017-08-29 12:00:00,0,14.5,121.0,0001,0.0009536743
2017-08-29 15:00:00,0,14.5,121.0,0001,0.08583069
2017-08-29 18:00:00,0,14.5,121.0,0001,0.00047683716
2017-08-29 21:00:00,0,14.5,121.0,0001,0.034332275
2017-08-30 00:00:00,0,14.5,121.0,0001,0.05865097
2017-08-30 03:00:00,0,14.5,121.0,0001,0.10108948
2017-08-30 06:00:00,0,14.5,121.0,0001,0.031471252
2017-08-30 09:00:00,0,14.5,121.0,0001,1.5463829
2017-08-30 12:00:00,0,14.5,121.0,0001,0.15735626
2017-08-30 15:00:00,0,14.5,121.0,0001,0.17356873
2017-08-30 18:00:00,0,14.5,121.0,0001,0.17929077
2017-08-30 21:00:00,0,14.5,121.0,0001,0.29277802
2017-08-31 00:00:00,0,14.5,121.0,0001,0.44250488
2017-08-31 03:00:00,0,14.5,121.0,0001,0.4272461
2017-08-31 06:00:00,0,14.5,121.0,0001,0.7853508
2017-08-31 09:00:00,0,14.5,121.0,0001,0.25463104
2017-08-31 12:00:00,0,14.5,121.0,0001,0.13685226
2017-08-31 15:00:00,0,14.5,121.0,0001,0.118255615
2017-08-31 18:00:00,0,14.5,121.0,0001,0.17356873
2017-08-31 21:00:00,0,14.5,121.0,0001,0.14400482
2017-09-01 00:00:00,0,14.5,121.0,0001,0.1835823
2017-09-01 03:00:00,0,14.5,121.0,0001,0.21648407
2017-09-01 06:00:00,0,14.5,121.0,0001,0.28324127
2017-09-01 09:00:00,0,14.5,121.0,0001,0.32186508
2017-09-01 12:00:00,0,14.5,121.0,0001,0.13256073
2017-09-01 15:00:00,0,14.5,121.0,0001,0.07343292
2017-09-01 18:00:00,0,14.5,121.0,0001,0.31995773
2017-09-01 21:00:00,0,14.5,121.0,0001,0.1335144
2017-09-02 00:00:00,0,14.5,121.0,0001,0.07343292
2017-09-02 03:00:00,0,14.5,121.0,0001,0.092983246
2017-09-02 06:00:00,0,14.5,121.0,0001,0.17738342
2017-09-02 09:00:00,0,14.5,121.0,0001,0.04673004
2017-09-02 12:00:00,0,14.5,121.0,0001,0.051498413
2017-09-02 15:00:00,0,14.5,121.0,0001,0.3299713
2017-09-02 18:00:00,0,14.5,121.0,0001,0.025749207
2017-09-02 21:00:00,0,14.5,121.0,0001,0.013828278
2017-09-03 00:00:00,0,14.5,121.0,0001,0.21219254
2017-09-03 03:00:00,0,14.5,121.0,0001,0.3437996
2017-09-03 06:00:00,0,14.5,121.0,0001,0.10061264
2017-09-03 09:00:00,0,14.5,121.0,0001,0.010967255
2017-09-03 12:00:00,0,14.5,121.0,0001,0.010967255
2017-09-03 15:00:00,0,14.5,121.0,0001,0.005722046
2017-09-03 18:00:00,0,14.5,121.0,0001,0.0
2017-09-03 21:00:00,0,14.5,121.0,0001,0.014305115
2017-09-04 00:00:00,0,14.5,121.0,0001,0.060081482
2017-09-04 03:00:00,0,14.5,121.0,0001,0.1502037
2017-09-04 06:00:00,0,14.5,121.0,0001,0.09679794
2017-09-04 09:00:00,0,14.5,121.0,0001,0.020503998
2017-09-04 12:00:00,0,14.5,121.0,0001,0.02336502
2017-09-04 15:00:00,0,14.5,121.0,0001,0.207901
2017-09-04 18:00:00,0,14.5,121.0,0001,1.9974709
2017-09-04 21:00:00,0,14.5,121.0,0001,0.39720535
2017-09-05 00:00:00,0,14.5,121.0,0001,0.35715103
2017-09-05 03:00:00,0,14.5,121.0,0001,0.08440018
2017-09-05 06:00:00,0,14.5,121.0,0001,0.059604645
2017-09-05 09:00:00,0,14.5,121.0,0001,0.08201599
2017-09-05 12:00:00,0,14.5,121.0,0001,0.06198883
2017-09-05 15:00:00,0,14.5,121.0,0001,0.0743866
2017-09-05 18:00:00,0,14.5,121.0,0001,0.06484985
2017-09-05 21:00:00,0,14.5,121.0,0001,0.005722046
2017-09-06 00:00:00,0,14.5,121.0,0001,0.0052452087
2017-09-06 03:00:00,0,14.5,121.0,0001,0.04005432
2017-09-06 06:00:00,0,14.5,121.0,0001,0.0014305115
2017-09-06 09:00:00,0,14.5,121.0,0001,0.0
2017-09-06 12:00:00,0,14.5,121.0,0001,0.0
2017-09-06 15:00:00,0,14.5,121.0,0001,0.0
2017-09-06 18:00:00,0,14.5,121.0,0001,0.0
2017-09-06 21:00:00,0,14.5,121.0,0001,0.0
2017-09-07 00:00:00,0,14.5,121.0,0001,0.0
2017-09-07 03:00:00,0,14.5,121.0,0001,0.08583069
2017-09-07 06:00:00,0,14.5,121.0,0001,0.0009536743
2017-09-07 09:00:00,0,14.5,121.0,0001,0.0
2017-09-07 12:00:00,0,14.5,121.0,0001,0.0
2017-09-07 15:00:00,0,14.5,121.0,0001,0.0038146973
2017-09-07 18:00:00,0,14.5,121.0,0001,0.0023841858
2017-09-07 21:00:00,0,14.5,121.0,0001,0.0
2017-09-08 00:00:00,0,14.5,121.0,0001,0.0019073486
2017-09-08 03:00:00,0,14.5,121.0,0001,0.10919571
2017-09-08 06:00:00,0,14.5,121.0,0001,0.09012222
2017-09-08 09:00:00,0,14.5,121.0,0001,0.008106232
2017-09-08 12:00:00,0,14.5,121.0,0001,0.014305115
2017-09-08 15:00:00,0,14.5,121.0,0001,0.0
2017-09-08 18:00:00,0,14.5,121.0,0001,0.006198883
2017-09-08 21:00:00,0,14.5,121.0,0001,0.024795532
2017-09-09 00:00:00,0,14.5,121.0,0001,0.011444092
2017-09-09 03:00:00,0,14.5,121.0,0001,0.029563904
2017-09-09 06:00:00,0,14.5,121.0,0001,0.5302429
2017-09-09 09:00:00,0,14.5,121.0,0001,0.030994415
2017-09-09 12:00:00,0,14.5,121.0,0001,0.0009536743
2017-09-09 15:00:00,0,14.5,121.0,0001,0.0019073486
2017-09-09 18:00:00,0,14.5,121.0,0001,0.03385544
2017-09-09 21:00:00,0,14.5,121.0,0001,0.0009536743
2017-09-10 00:00:00,0,14.5,121.0,0001,0.016212463
2017-09-10 03:00:00,0,14.5,121.0,0001,0.042438507
2017-09-10 06:00:00,0,14.5,121.0,0001,0.11396408
2017-09-10 09:00:00,0,14.5,121.0,0001,0.9970665
2017-09-10 12:00:00,0,14.5,121.0,0001,0.32806396
2017-09-10 15:00:00,0,14.5,121.0,0001,0.0047683716
2017-09-10 18:00:00,0,14.5,121.0,0001,0.16927719
2017-09-10 21:00:00,0,14.5,121.0,0001,0.055789948
2017-09-11 00:00:00,0,14.5,121.0,0001,0.5130768
2017-09-11 03:00:00,0,14.5,121.0,0001,0.19311905
2017-09-11 06:00:00,0,14.5,121.0,0001,0.02670288
2017-09-11 09:00:00,0,14.5,121.0,0001,0.49114227
2017-09-11 12:00:00,0,14.5,121.0,0001,3.5333633
2017-09-11 15:00:00,0,14.5,121.0,0001,2.2335052
2017-09-11 18:00:00,0,14.5,121.0,0001,3.2668114
2017-09-11 21:00:00,0,14.5,121.0,0001,1.6317368
2017-09-12 00:00:00,0,14.5,121.0,0001,3.0612946
2017-09-12 03:00:00,0,14.5,121.0,0001,4.3120384
2017-09-12 06:00:00,0,14.5,121.0,0001,21.082401
2017-09-12 09:00:00,0,14.5,121.0,0001,3.4308434
2017-09-12 12:00:00,0,14.5,121.0,0001,2.1791458
2017-09-12 15:00:00,0,14.5,121.0,0001,0.6561279
2017-09-12 18:00:00,0,14.5,121.0,0001,0.118255615
2017-09-12 21:00:00,0,14.5,121.0,0001,0.80776215
2017-09-13 00:00:00,0,14.5,121.0,0001,0.84257126
2017-09-13 03:00:00,0,14.5,121.0,0001,0.34046173
2017-09-13 06:00:00,0,14.5,121.0,0001,0.15115738
2017-09-13 09:00:00,0,14.5,121.0,0001,2.6435852
2017-09-13 12:00:00,0,14.5,121.0,0001,0.0014305115
2017-09-13 15:00:00,0,14.5,121.0,0001,0.020980835
2017-09-13 18:00:00,0,14.5,121.0,0001,0.017166138
2017-09-13 21:00:00,0,14.5,121.0,0001,0.0
2017-09-14 00:00:00,0,14.5,121.0,0001,0.02002716
2017-09-14 03:00:00,0,14.5,121.0,0001,0.0371933
2017-09-14 06:00:00,0,14.5,121.0,0001,3.4017563
2017-09-14 09:00:00,0,14.5,121.0,0001,0.16975403
2017-09-14 12:00:00,0,14.5,121.0,0001,0.034809113
2017-09-14 15:00:00,0,14.5,121.0,0001,0.7381439
2017-09-14 18:00:00,0,14.5,121.0,0001,0.04386902
2017-09-14 21:00:00,0,14.5,121.0,0001,0.0
2017-09-15 00:00:00,0,14.5,121.0,0001,0.0
2017-09-15 03:00:00,0,14.5,121.0,0001,0.11730194
2017-09-15 06:00:00,0,14.5,121.0,0001,0.118255615
2017-09-15 09:00:00,0,14.5,121.0,0001,0.0
2017-09-15 12:00:00,0,14.5,121.0,0001,0.0009536743
2017-09-15 15:00:00,0,14.5,121.0,0001,0.061035156
2017-09-15 18:00:00,0,14.5,121.0,0001,0.0019073486
2017-09-15 21:00:00,0,14.5,121.0,0001,0.0
2017-09-16 00:00:00,0,14.5,121.0,0001,0.0
2017-09-16 03:00:00,0,14.5,121.0,0001,0.0166893
2017-09-16 06:00:00,0,14.5,121.0,0001,0.018119812
2017-09-16 09:00:00,0,14.5,121.0,0001,0.97608566
2017-09-16 12:00:00,0,14.5,121.0,0001,0.0
2017-09-16 15:00:00,0,14.5,121.0,0001,0.0009536743
2017-09-16 18:00:00,0,14.5,121.0,0001,0.016212463
2017-09-16 21:00:00,0,14.5,121.0,0001,0.0019073486
2017-09-17 00:00:00,0,14.5,121.0,0001,0.10108948
2017-09-17 03:00:00,0,14.5,121.0,0001,0.12636185
2017-09-17 06:00:00,0,14.5,121.0,0001,0.124931335
2017-09-17 09:00:00,0,14.5,121.0,0001,0.005722046
2017-09-17 12:00:00,0,14.5,121.0,0001,0.002861023
2017-09-17 15:00:00,0,14.5,121.0,0001,0.025749207
2017-09-17 18:00:00,0,14.5,121.0,0001,0.14400482
2017-09-17 21:00:00,0,14.5,121.0,0001,0.012397766
2017-09-18 00:00:00,0,14.5,121.0,0001,0.010967255
2017-09-18 03:00:00,0,14.5,121.0,0001,0.014781952
2017-09-18 06:00:00,0,14.5,121.0,0001,0.03194809
2017-09-18 09:00:00,0,14.5,121.0,0001,1.2378693
2017-09-18 12:00:00,0,14.5,121.0,0001,0.120162964
2017-09-18 15:00:00,0,14.5,121.0,0001,0.0047683716
2017-09-18 18:00:00,0,14.5,121.0,0001,0.00047683716
2017-09-18 21:00:00,0,14.5,121.0,0001,0.012874603
2017-09-19 00:00:00,0,14.5,121.0,0001,0.06866455
2017-09-19 03:00:00,0,14.5,121.0,0001,0.03862381
2017-09-19 06:00:00,0,14.5,121.0,0001,0.041007996
2017-09-19 09:00:00,0,14.5,121.0,0001,0.41866302
2017-09-19 12:00:00,0,14.5,121.0,0001,0.01335144
2017-09-19 15:00:00,0,14.5,121.0,0001,0.12111664
2017-09-19 18:00:00,0,14.5,121.0,0001,0.19073486
2017-09-19 21:00:00,0,14.5,121.0,0001,0.19931793
2017-09-20 00:00:00,0,14.5,121.0,0001,0.022888184
2017-09-20 03:00:00,0,14.5,121.0,0001,0.034332275
2017-09-20 06:00:00,0,14.5,121.0,0001,0.14400482
2017-09-20 09:00:00,0,14.5,121.0,0001,1.1396408
2017-09-20 12:00:00,0,14.5,121.0,0001,0.49209595
2017-09-20 15:00:00,0,14.5,121.0,0001,0.12207031
2017-09-20 18:00:00,0,14.5,121.0,0001,0.30899048
2017-09-20 21:00:00,0,14.5,121.0,0001,0.006198883
2017-09-21 00:00:00,0,14.5,121.0,0001,0.052928925
2017-09-21 03:00:00,0,14.5,121.0,0001,0.035762787
2017-09-21 06:00:00,0,14.5,121.0,0001,0.039577484
2017-09-21 09:00:00,0,14.5,121.0,0001,0.0052452087
2017-09-21 12:00:00,0,14.5,121.0,0001,0.03528595
2017-09-21 15:00:00,0,14.5,121.0,0001,0.002861023
2017-09-21 18:00:00,0,14.5,121.0,0001,0.23365021
2017-09-21 21:00:00,0,14.5,121.0,0001,0.013828278
2017-09-22 00:00:00,0,14.5,121.0,0001,0.015258789
2017-09-22 03:00:00,0,14.5,121.0,0001,0.19264221
2017-09-22 06:00:00,0,14.5,121.0,0001,0.38909912
2017-09-22 09:00:00,0,14.5,121.0,0001,1.8854141
2017-09-22 12:00:00,0,14.5,121.0,0001,5.4063797
2017-09-22 15:00:00,0,14.5,121.0,0001,0.17642975
2017-09-22 18:00:00,0,14.5,121.0,0001,0.4711151
2017-09-22 21:00:00,0,14.5,121.0,0001,3.5591125
2017-09-23 00:00:00,0,14.5,121.0,0001,3.3197403
2017-09-23 03:00:00,0,14.5,121.0,0001,6.703377
2017-09-23 06:00:00,0,14.5,121.0,0001,1.534462
2017-09-23 09:00:00,0,14.5,121.0,0001,0.16593933
2017-09-23 12:00:00,0,14.5,121.0,0001,0.006198883
2017-09-23 15:00:00,0,14.5,121.0,0001,0.0
2017-09-23 18:00:00,0,14.5,121.0,0001,0.0
2017-09-23 21:00:00,0,14.5,121.0,0001,0.0
2017-09-24 00:00:00,0,14.5,121.0,0001,0.0009536743
2017-09-24 03:00:00,0,14.5,121.0,0001,0.002861023
2017-09-24 06:00:00,0,14.5,121.0,0001,0.0
2017-09-24 09:00:00,0,14.5,121.0,0001,0.0
2017-09-24 12:00:00,0,14.5,121.0,0001,0.0
2017-09-24 15:00:00,0,14.5,121.0,0001,0.00047683716
2017-09-24 18:00:00,0,14.5,121.0,0001,0.06723404
2017-09-24 21:00:00,0,14.5,121.0,0001,0.02193451
2017-09-25 00:00:00,0,14.5,121.0,0001,0.04863739
2017-09-25 03:00:00,0,14.5,121.0,0001,0.071525574
2017-09-25 06:00:00,0,14.5,121.0,0001,0.95176697
2017-09-25 09:00:00,0,14.5,121.0,0001,3.6168098
2017-09-25 12:00:00,0,14.5,121.0,0001,0.062465668
2017-09-25 15:00:00,0,14.5,121.0,0001,0.2965927
2017-09-25 18:00:00,0,14.5,121.0,0001,0.07677078
2017-09-25 21:00:00,0,14.5,121.0,0001,1.0604858
2017-09-26 00:00:00,0,14.5,121.0,0001,0.9756088
2017-09-26 03:00:00,0,14.5,121.0,0001,0.13828278
2017-09-26 06:00:00,0,14.5,121.0,0001,2.128601
2017-09-26 09:00:00,0,14.5,121.0,0001,0.3838539
2017-09-26 12:00:00,0,14.5,121.0,0001,0.55742264
2017-09-26 15:00:00,0,14.5,121.0,0001,0.011444092
2017-09-26 18:00:00,0,14.5,121.0,0001,0.0042915344
2017-09-26 21:00:00,0,14.5,121.0,0001,0.027179718
2017-09-27 00:00:00,0,14.5,121.0,0001,0.018119812
2017-09-27 03:00:00,0,14.5,121.0,0001,0.05674362
2017-09-27 06:00:00,0,14.5,121.0,0001,0.09346008
2017-09-27 09:00:00,0,14.5,121.0,0001,0.027656555
2017-09-27 12:00:00,0,14.5,121.0,0001,0.05054474
2017-09-27 15:00:00,0,14.5,121.0,0001,0.037670135
2017-09-27 18:00:00,0,14.5,121.0,0001,0.054359436
2017-09-27 21:00:00,0,14.5,121.0,0001,0.014781952
2017-09-28 00:00:00,0,14.5,121.0,0001,0.00667572
2017-09-28 03:00:00,0,14.5,121.0,0001,0.09059906
2017-09-28 06:00:00,0,14.5,121.0,0001,0.166893
2017-09-28 09:00:00,0,14.5,121.0,0001,0.1001358
2017-09-28 12:00:00,0,14.5,121.0,0001,0.002861023
2017-09-28 15:00:00,0,14.5,121.0,0001,0.0
2017-09-28 18:00:00,0,14.5,121.0,0001,0.08583069
2017-09-28 21:00:00,0,14.5,121.0,0001,0.03528595
2017-09-29 00:00:00,0,14.5,121.0,0001,0.005722046
2017-09-29 03:00:00,0,14.5,121.0,0001,0.18501282
2017-09-29 06:00:00,0,14.5,121.0,0001,0.31900406
2017-09-29 09:00:00,0,14.5,121.0,0001,0.14686584
2017-09-29 12:00:00,0,14.5,121.0,0001,0.01001358
2017-09-29 15:00:00,0,14.5,121.0,0001,0.19073486
2017-09-29 18:00:00,0,14.5,121.0,0001,0.069618225
2017-09-29 21:00:00,0,14.5,121.0,0001,0.05531311
2017-09-30 00:00:00,0,14.5,121.0,0001,1.1196136
2017-09-30 03:00:00,0,14.5,121.0,0001,0.18882751
2017-09-30 06:00:00,0,14.5,121.0,0001,0.072956085
2017-09-30 09:00:00,0,14.5,121.0,0001,0.644207
2017-09-30 12:00:00,0,14.5,121.0,0001,0.2670288
2017-09-30 15:00:00,0,14.5,121.0,0001,0.022888184
2017-09-30 18:00:00,0,14.5,121.0,0001,0.05865097
2017-09-30 21:00:00,0,14.5,121.0,0001,0.0047683716
2017-10-01 00:00:00,0,14.5,121.0,0001,0.06532669
2017-10-01 03:00:00,0,14.5,121.0,0001,0.1282692
2017-10-01 06:00:00,0,14.5,121.0,0001,0.0705719
2017-10-01 09:00:00,0,14.5,121.0,0001,0.11110306
2017-10-01 12:00:00,0,14.5,121.0,0001,0.06914139
2017-10-01 15:00:00,0,14.5,121.0,0001,0.02670288
2017-10-01 18:00:00,0,14.5,121.0,0001,0.039100647
2017-10-01 21:00:00,0,14.5,121.0,0001,0.012397766
2017-10-02 00:00:00,0,14.5,121.0,0001,0.084877014
2017-10-02 03:00:00,0,14.5,121.0,0001,0.17499924
2017-10-02 06:00:00,0,14.5,121.0,0001,0.0023841858
2017-10-02 09:00:00,0,14.5,121.0,0001,0.45490265
2017-10-02 12:00:00,0,14.5,121.0,0001,0.0052452087
2017-10-02 15:00:00,0,14.5,121.0,0001,0.032901764
2017-10-02 18:00:00,0,14.5,121.0,0001,0.071525574
2017-10-02 21:00:00,0,14.5,121.0,0001,0.0023841858
2017-10-03 00:00:00,0,14.5,121.0,0001,0.029563904
2017-10-03 03:00:00,0,14.5,121.0,0001,0.056266785
2017-10-03 06:00:00,0,14.5,121.0,0001,0.21076202
2017-10-03 09:00:00,0,14.5,121.0,0001,0.37956238
2017-10-03 12:00:00,0,14.5,121.0,0001,0.049591064
2017-10-03 15:00:00,0,14.5,121.0,0001,0.002861023
2017-10-03 18:00:00,0,14.5,121.0,0001,0.011920929
2017-10-03 21:00:00,0,14.5,121.0,0001,0.009059906
2017-10-04 00:00:00,0,14.5,121.0,0001,0.014781952
2017-10-04 03:00:00,0,14.5,121.0,0001,0.07009506
2017-10-04 06:00:00,0,14.5,121.0,0001,0.3004074
2017-10-04 09:00:00,0,14.5,121.0,0001,0.8020401
2017-10-04 12:00:00,0,14.5,121.0,0001,0.08583069
2017-10-04 15:00:00,0,14.5,121.0,0001,0.0
2017-10-04 18:00:00,0,14.5,121.0,0001,0.0014305115
2017-10-04 21:00:00,0,14.5,121.0,0001,0.013828278
2017-10-05 00:00:00,0,14.5,121.0,0001,0.19073486
2017-10-05 03:00:00,0,14.5,121.0,0001,0.16212463
2017-10-05 06:00:00,0,14.5,121.0,0001,0.289917
2017-10-05 09:00:00,0,14.5,121.0,0001,0.21648407
2017-10-05 12:00:00,0,14.5,121.0,0001,0.0009536743
2017-10-05 15:00:00,0,14.5,121.0,0001,0.15258789
2017-10-05 18:00:00,0,14.5,121.0,0001,0.415802
2017-10-05 21:00:00,0,14.5,121.0,0001,0.008583069
2017-10-06 00:00:00,0,14.5,121.0,0001,0.05674362
2017-10-06 03:00:00,0,14.5,121.0,0001,0.09870529
2017-10-06 06:00:00,0,14.5,121.0,0001,0.166893
2017-10-06 09:00:00,0,14.5,121.0,0001,0.0667572
2017-10-06 12:00:00,0,14.5,121.0,0001,0.0
2017-10-06 15:00:00,0,14.5,121.0,0001,0.0009536743
2017-10-06 18:00:00,0,14.5,121.0,0001,0.049114227
2017-10-06 21:00:00,0,14.5,121.0,0001,0.0047683716
2017-10-07 00:00:00,0,14.5,121.0,0001,0.0076293945
2017-10-07 03:00:00,0,14.5,121.0,0001,0.076293945
2017-10-07 06:00:00,0,14.5,121.0,0001,0.2565384
2017-10-07 09:00:00,0,14.5,121.0,0001,2.670288
2017-10-07 12:00:00,0,14.5,121.0,0001,0.014305115
2017-10-07 15:00:00,0,14.5,121.0,0001,0.002861023
2017-10-07 18:00:00,0,14.5,121.0,0001,0.34046173
2017-10-07 21:00:00,0,14.5,121.0,0001,0.044822693
2017-10-08 00:00:00,0,14.5,121.0,0001,0.16736984
2017-10-08 03:00:00,0,14.5,121.0,0001,0.40245056
2017-10-08 06:00:00,0,14.5,121.0,0001,0.12254715
2017-10-08 09:00:00,0,14.5,121.0,0001,4.169941
2017-10-08 12:00:00,0,14.5,121.0,0001,5.9108734
2017-10-08 15:00:00,0,14.5,121.0,0001,2.2592545
2017-10-08 18:00:00,0,14.5,121.0,0001,0.43058395
2017-10-08 21:00:00,0,14.5,121.0,0001,0.0
2017-10-09 00:00:00,0,14.5,121.0,0001,0.017166138
2017-10-09 03:00:00,0,14.5,121.0,0001,0.36907196
2017-10-09 06:00:00,0,14.5,121.0,0001,0.9880066
2017-10-09 09:00:00,0,14.5,121.0,0001,1.5068054
2017-10-09 12:00:00,0,14.5,121.0,0001,0.4477501
2017-10-09 15:00:00,0,14.5,121.0,0001,0.5502701
2017-10-09 18:00:00,0,14.5,121.0,0001,0.0014305115
2017-10-09 21:00:00,0,14.5,121.0,0001,0.016212463
2017-10-10 00:00:00,0,14.5,121.0,0001,0.46396255
2017-10-10 03:00:00,0,14.5,121.0,0001,0.35858154
2017-10-10 06:00:00,0,14.5,121.0,0001,0.02336502
2017-10-10 09:00:00,0,14.5,121.0,0001,2.3283958
2017-10-10 12:00:00,0,14.5,121.0,0001,0.06198883
2017-10-10 15:00:00,0,14.5,121.0,0001,0.059127808
2017-10-10 18:00:00,0,14.5,121.0,0001,0.16784668
2017-10-10 21:00:00,0,14.5,121.0,0001,0.21219254
2017-10-11 00:00:00,0,14.5,121.0,0001,0.0014305115
2017-10-11 03:00:00,0,14.5,121.0,0001,0.039577484
2017-10-11 06:00:00,0,14.5,121.0,0001,0.34809113
2017-10-11 09:00:00,0,14.5,121.0,0001,3.0527115
2017-10-11 12:00:00,0,14.5,121.0,0001,0.009536743
2017-10-11 15:00:00,0,14.5,121.0,0001,0.0
2017-10-11 18:00:00,0,14.5,121.0,0001,0.0009536743
2017-10-11 21:00:00,0,14.5,121.0,0001,0.005722046
2017-10-12 00:00:00,0,14.5,121.0,0001,0.13160706
2017-10-12 03:00:00,0,14.5,121.0,0001,0.54979324
2017-10-12 06:00:00,0,14.5,121.0,0001,0.09679794
2017-10-12 09:00:00,0,14.5,121.0,0001,0.26082993
2017-10-12 12:00:00,0,14.5,121.0,0001,0.10919571
2017-10-12 15:00:00,0,14.5,121.0,0001,0.04386902
2017-10-12 18:00:00,0,14.5,121.0,0001,0.09918213
2017-10-12 21:00:00,0,14.5,121.0,0001,0.42057037
2017-10-13 00:00:00,0,14.5,121.0,0001,0.2632141
2017-10-13 03:00:00,0,14.5,121.0,0001,0.4043579
2017-10-13 06:00:00,0,14.5,121.0,0001,1.373291
2017-10-13 09:00:00,0,14.5,121.0,0001,1.9636154
2017-10-13 12:00:00,0,14.5,121.0,0001,0.7724762
2017-10-13 15:00:00,0,14.5,121.0,0001,1.5506744
2017-10-13 18:00:00,0,14.5,121.0,0001,0.6313324
2017-10-13 21:00:00,0,14.5,121.0,0001,1.1367798
2017-10-14 00:00:00,0,14.5,121.0,0001,1.329422
2017-10-14 03:00:00,0,14.5,121.0,0001,1.335144
2017-10-14 06:00:00,0,14.5,121.0,0001,1.0681152
2017-10-14 09:00:00,0,14.5,121.0,0001,1.8558502
2017-10-14 12:00:00,0,14.5,121.0,0001,0.39577484
2017-10-14 15:00:00,0,14.5,121.0,0001,0.78964233
2017-10-14 18:00:00,0,14.5,121.0,0001,0.89740753
2017-10-14 21:00:00,0,14.5,121.0,0001,0.5569458
2017-10-15 00:00:00,0,14.5,121.0,0001,0.5297661
2017-10-15 03:00:00,0,14.5,121.0,0001,1.6241074
2017-10-15 06:00:00,0,14.5,121.0,0001,0.5059242
2017-10-15 09:00:00,0,14.5,121.0,0001,0.19741058
2017-10-15 12:00:00,0,14.5,121.0,0001,0.500679
2017-10-15 15:00:00,0,14.5,121.0,0001,0.1616478
2017-10-15 18:00:00,0,14.5,121.0,0001,0.0047683716
2017-10-15 21:00:00,0,14.5,121.0,0001,0.044822693
2017-10-16 00:00:00,0,14.5,121.0,0001,0.057697296
2017-10-16 03:00:00,0,14.5,121.0,0001,0.1001358
2017-10-16 06:00:00,0,14.5,121.0,0001,0.1487732
2017-10-16 09:00:00,0,14.5,121.0,0001,0.014305115
2017-10-16 12:00:00,0,14.5,121.0,0001,0.061511993
2017-10-16 15:00:00,0,14.5,121.0,0001,0.0019073486
2017-10-16 18:00:00,0,14.5,121.0,0001,0.00333786
2017-10-16 21:00:00,0,14.5,121.0,0001,0.00667572
2017-10-17 00:00:00,0,14.5,121.0,0001,0.00333786
2017-10-17 03:00:00,0,14.5,121.0,0001,0.15258789
2017-10-17 06:00:00,0,14.5,121.0,0001,0.0038146973
2017-10-17 09:00:00,0,14.5,121.0,0001,0.0014305115
2017-10-17 12:00:00,0,14.5,121.0,0001,0.0019073486
2017-10-17 15:00:00,0,14.5,121.0,0001,0.0104904175
2017-10-17 18:00:00,0,14.5,121.0,0001,0.012397766
2017-10-17 21:00:00,0,14.5,121.0,0001,0.00333786
2017-10-18 00:00:00,0,14.5,121.0,0001,0.06866455
2017-10-18 03:00:00,0,14.5,121.0,0001,0.05531311
2017-10-18 06:00:00,0,14.5,121.0,0001,0.018119812
2017-10-18 09:00:00,0,14.5,121.0,0001,0.014305115
2017-10-18 12:00:00,0,14.5,121.0,0001,0.0
2017-10-18 15:00:00,0,14.5,121.0,0001,0.0
2017-10-18 18:00:00,0,14.5,121.0,0001,0.0104904175
2017-10-18 21:00:00,0,14.5,121.0,0001,0.062465668
2017-10-19 00:00:00,0,14.5,121.0,0001,0.0
2017-10-19 03:00:00,0,14.5,121.0,0001,0.00047683716
2017-10-19 06:00:00,0,14.5,121.0,0001,0.10871887
2017-10-19 09:00:00,0,14.5,121.0,0001,0.01859665
2017-10-19 12:00:00,0,14.5,121.0,0001,0.0
2017-10-19 15:00:00,0,14.5,121.0,0001,0.0009536743
2017-10-19 18:00:00,0,14.5,121.0,0001,0.022888184
2017-10-19 21:00:00,0,14.5,121.0,0001,0.0
2017-10-20 00:00:00,0,14.5,121.0,0001,0.0
2017-10-20 03:00:00,0,14.5,121.0,0001,0.0
2017-10-20 06:00:00,0,14.5,121.0,0001,0.0
2017-10-20 09:00:00,0,14.5,121.0,0001,0.008106232
2017-10-20 12:00:00,0,14.5,121.0,0001,0.0009536743
2017-10-20 15:00:00,0,14.5,121.0,0001,0.0333786
2017-10-20 18:00:00,0,14.5,121.0,0001,0.16307831
2017-10-20 21:00:00,0,14.5,121.0,0001,0.052452087
2017-10-21 00:00:00,0,14.5,121.0,0001,0.06818771
2017-10-21 03:00:00,0,14.5,121.0,0001,0.047683716
2017-10-21 06:00:00,0,14.5,121.0,0001,0.6709099
2017-10-21 09:00:00,0,14.5,121.0,0001,0.7734299
2017-10-21 12:00:00,0,14.5,121.0,0001,0.11920929
2017-10-21 15:00:00,0,14.5,121.0,0001,0.120162964
2017-10-21 18:00:00,0,14.5,121.0,0001,0.13113022
2017-10-21 21:00:00,0,14.5,121.0,0001,0.14352798
2017-10-22 00:00:00,0,14.5,121.0,0001,0.11539459
2017-10-22 03:00:00,0,14.5,121.0,0001,0.06484985
2017-10-22 06:00:00,0,14.5,121.0,0001,0.022888184
2017-10-22 09:00:00,0,14.5,121.0,0001,0.15735626
2017-10-22 12:00:00,0,14.5,121.0,0001,0.04339218
2017-10-22 15:00:00,0,14.5,121.0,0001,0.042915344
2017-10-22 18:00:00,0,14.5,121.0,0001,0.032424927
2017-10-22 21:00:00,0,14.5,121.0,0001,0.23651123
2017-10-23 00:00:00,0,14.5,121.0,0001,0.06914139
2017-10-23 03:00:00,0,14.5,121.0,0001,0.121593475
2017-10-23 06:00:00,0,14.5,121.0,0001,0.044345856
2017-10-23 09:00:00,0,14.5,121.0,0001,0.11253357
2017-10-23 12:00:00,0,14.5,121.0,0001,0.121593475
2017-10-23 15:00:00,0,14.5,121.0,0001,0.28038025
2017-10-23 18:00:00,0,14.5,121.0,0001,0.9288788
2017-10-23 21:00:00,0,14.5,121.0,0001,0.45871735
2017-10-24 00:00:00,0,14.5,121.0,0001,0.0014305115
2017-10-24 03:00:00,0,14.5,121.0,0001,0.0014305115
2017-10-24 06:00:00,0,14.5,121.0,0001,0.0
2017-10-24 09:00:00,0,14.5,121.0,0001,0.0
2017-10-24 12:00:00,0,14.5,121.0,0001,0.0
2017-10-24 15:00:00,0,14.5,121.0,0001,0.0
2017-10-24 18:00:00,0,14.5,121.0,0001,0.0
2017-10-24 21:00:00,0,14.5,121.0,0001,0.0076293945
2017-10-25 00:00:00,0,14.5,121.0,0001,0.0038146973
2017-10-25 03:00:00,0,14.5,121.0,0001,0.13828278
2017-10-25 06:00:00,0,14.5,121.0,0001,0.019550323
2017-10-25 09:00:00,0,14.5,121.0,0001,0.0
2017-10-25 12:00:00,0,14.5,121.0,0001,0.0076293945
2017-10-25 15:00:00,0,14.5,121.0,0001,0.014305115
2017-10-25 18:00:00,0,14.5,121.0,0001,0.014305115
2017-10-25 21:00:00,0,14.5,121.0,0001,0.0009536743
2017-10-26 00:00:00,0,14.5,121.0,0001,0.027656555
2017-10-26 03:00:00,0,14.5,121.0,0001,0.10681152
2017-10-26 06:00:00,0,14.5,121.0,0001,0.019073486
2017-10-26 09:00:00,0,14.5,121.0,0001,0.03385544
2017-10-26 12:00:00,0,14.5,121.0,0001,0.0047683716
2017-10-26 15:00:00,0,14.5,121.0,0001,0.014305115
2017-10-26 18:00:00,0,14.5,121.0,0001,0.08440018
2017-10-26 21:00:00,0,14.5,121.0,0001,0.00333786
2017-10-27 00:00:00,0,14.5,121.0,0001,0.0019073486
2017-10-27 03:00:00,0,14.5,121.0,0001,0.12683868
2017-10-27 06:00:00,0,14.5,121.0,0001,0.21600723
2017-10-27 09:00:00,0,14.5,121.0,0001,0.0009536743
2017-10-27 12:00:00,0,14.5,121.0,0001,0.011444092
2017-10-27 15:00:00,0,14.5,121.0,0001,0.041484833
2017-10-27 18:00:00,0,14.5,121.0,0001,0.019073486
2017-10-27 21:00:00,0,14.5,121.0,0001,0.027656555
2017-10-28 00:00:00,0,14.5,121.0,0001,0.1282692
2017-10-28 03:00:00,0,14.5,121.0,0001,0.09059906
2017-10-28 06:00:00,0,14.5,121.0,0001,0.008106232
2017-10-28 09:00:00,0,14.5,121.0,0001,0.002861023
2017-10-28 12:00:00,0,14.5,121.0,0001,0.029563904
2017-10-28 15:00:00,0,14.5,121.0,0001,0.076293945
2017-10-28 18:00:00,0,14.5,121.0,0001,0.022411346
2017-10-28 21:00:00,0,14.5,121.0,0001,0.02670288
2017-10-29 00:00:00,0,14.5,121.0,0001,0.044822693
2017-10-29 03:00:00,0,14.5,121.0,0001,0.1835823
2017-10-29 06:00:00,0,14.5,121.0,0001,0.0071525574
2017-10-29 09:00:00,0,14.5,121.0,0001,0.002861023
2017-10-29 12:00:00,0,14.5,121.0,0001,0.0019073486
2017-10-29 15:00:00,0,14.5,121.0,0001,0.019550323
2017-10-29 18:00:00,0,14.5,121.0,0001,0.044345856
2017-10-29 21:00:00,0,14.5,121.0,0001,0.024318695
2017-10-30 00:00:00,0,14.5,121.0,0001,0.029563904
2017-10-30 03:00:00,0,14.5,121.0,0001,0.06484985
2017-10-30 06:00:00,0,14.5,121.0,0001,0.39243698
2017-10-30 09:00:00,0,14.5,121.0,0001,0.06484985
2017-10-30 12:00:00,0,14.5,121.0,0001,0.17786026
2017-10-30 15:00:00,0,14.5,121.0,0001,0.12874603
2017-10-30 18:00:00,0,14.5,121.0,0001,0.049114227
2017-10-30 21:00:00,0,14.5,121.0,0001,0.21362305
2017-10-31 00:00:00,0,14.5,121.0,0001,0.069618225
2017-10-31 03:00:00,0,14.5,121.0,0001,0.21219254
2017-10-31 06:00:00,0,14.5,121.0,0001,0.11539459
2017-10-31 09:00:00,0,14.5,121.0,0001,0.13256073
2017-10-31 12:00:00,0,14.5,121.0,0001,1.2741089
2017-10-31 15:00:00,0,14.5,121.0,0001,1.3999939
2017-10-31 18:00:00,0,14.5,121.0,0001,2.1119118
2017-10-31 21:00:00,0,14.5,121.0,0001,5.0182343
2017-11-01 00:00:00,0,14.5,121.0,0001,2.4709702
2017-11-01 03:00:00,0,14.5,121.0,0001,0.77819824
2017-11-01 06:00:00,0,14.5,121.0,0001,0.41103363
2017-11-01 09:00:00,0,14.5,121.0,0001,1.2936592
2017-11-01 12:00:00,0,14.5,121.0,0001,0.56123734
2017-11-01 15:00:00,0,14.5,121.0,0001,0.6456375
2017-11-01 18:00:00,0,14.5,121.0,0001,0.015258789
2017-11-01 21:00:00,0,14.5,121.0,0001,0.17547607
2017-11-02 00:00:00,0,14.5,121.0,0001,0.09202957
2017-11-02 03:00:00,0,14.5,121.0,0001,0.16260147
2017-11-02 06:00:00,0,14.5,121.0,0001,0.16307831
2017-11-02 09:00:00,0,14.5,121.0,0001,0.05197525
2017-11-02 12:00:00,0,14.5,121.0,0001,0.002861023
2017-11-02 15:00:00,0,14.5,121.0,0001,0.0019073486
2017-11-02 18:00:00,0,14.5,121.0,0001,0.0014305115
2017-11-02 21:00:00,0,14.5,121.0,0001,0.0014305115
2017-11-03 00:00:00,0,14.5,121.0,0001,0.078201294
2017-11-03 03:00:00,0,14.5,121.0,0001,0.04386902
2017-11-03 06:00:00,0,14.5,121.0,0001,0.05054474
2017-11-03 09:00:00,0,14.5,121.0,0001,0.002861023
2017-11-03 12:00:00,0,14.5,121.0,0001,0.0019073486
2017-11-03 15:00:00,0,14.5,121.0,0001,0.0009536743
2017-11-03 18:00:00,0,14.5,121.0,0001,0.00667572
2017-11-03 21:00:00,0,14.5,121.0,0001,0.024795532
2017-11-04 00:00:00,0,14.5,121.0,0001,0.04339218
2017-11-04 03:00:00,0,14.5,121.0,0001,0.1707077
2017-11-04 06:00:00,0,14.5,121.0,0001,0.14400482
2017-11-04 09:00:00,0,14.5,121.0,0001,0.34713745
2017-11-04 12:00:00,0,14.5,121.0,0001,0.041484833
2017-11-04 15:00:00,0,14.5,121.0,0001,0.015258789
2017-11-04 18:00:00,0,14.5,121.0,0001,0.13065338
2017-11-04 21:00:00,0,14.5,121.0,0001,0.046253204
2017-11-05 00:00:00,0,14.5,121.0,0001,0.14066696
2017-11-05 03:00:00,0,14.5,121.0,0001,0.032424927
2017-11-05 06:00:00,0,14.5,121.0,0001,0.16117096
2017-11-05 09:00:00,0,14.5,121.0,0001,0.0047683716
2017-11-05 12:00:00,0,14.5,121.0,0001,0.00667572
2017-11-05 15:00:00,0,14.5,121.0,0001,0.05197525
2017-11-05 18:00:00,0,14.5,121.0,0001,0.022888184
2017-11-05 21:00:00,0,14.5,121.0,0001,0.036239624
2017-11-06 00:00:00,0,14.5,121.0,0001,0.027179718
2017-11-06 03:00:00,0,14.5,121.0,0001,0.069618225
2017-11-06 06:00:00,0,14.5,121.0,0001,0.0333786
2017-11-06 09:00:00,0,14.5,121.0,0001,0.0042915344
2017-11-06 12:00:00,0,14.5,121.0,0001,0.0042915344
2017-11-06 15:00:00,0,14.5,121.0,0001,0.01335144
2017-11-06 18:00:00,0,14.5,121.0,0001,0.014305115
2017-11-06 21:00:00,0,14.5,121.0,0001,0.009059906
2017-11-07 00:00:00,0,14.5,121.0,0001,0.04673004
2017-11-07 03:00:00,0,14.5,121.0,0001,0.06771088
2017-11-07 06:00:00,0,14.5,121.0,0001,0.09536743
2017-11-07 09:00:00,0,14.5,121.0,0001,0.01001358
2017-11-07 12:00:00,0,14.5,121.0,0001,0.0076293945
2017-11-07 15:00:00,0,14.5,121.0,0001,0.0019073486
2017-11-07 18:00:00,0,14.5,121.0,0001,0.0009536743
2017-11-07 21:00:00,0,14.5,121.0,0001,0.0014305115
2017-11-08 00:00:00,0,14.5,121.0,0001,0.0019073486
2017-11-08 03:00:00,0,14.5,121.0,0001,0.096321106
2017-11-08 06:00:00,0,14.5,121.0,0001,0.0104904175
2017-11-08 09:00:00,0,14.5,121.0,0001,0.0009536743
2017-11-08 12:00:00,0,14.5,121.0,0001,0.014781952
2017-11-08 15:00:00,0,14.5,121.0,0001,0.025749207
2017-11-08 18:00:00,0,14.5,121.0,0001,0.0104904175
2017-11-08 21:00:00,0,14.5,121.0,0001,0.0019073486
2017-11-09 00:00:00,0,14.5,121.0,0001,0.0371933
2017-11-09 03:00:00,0,14.5,121.0,0001,0.10967255
2017-11-09 06:00:00,0,14.5,121.0,0001,1.7104149
2017-11-09 09:00:00,0,14.5,121.0,0001,3.5037994
2017-11-09 12:00:00,0,14.5,121.0,0001,6.6719055
2017-11-09 15:00:00,0,14.5,121.0,0001,7.807255
2017-11-09 18:00:00,0,14.5,121.0,0001,2.1119118
2017-11-09 21:00:00,0,14.5,121.0,0001,0.5040169
2017-11-10 00:00:00,0,14.5,121.0,0001,0.06723404
2017-11-10 03:00:00,0,14.5,121.0,0001,0.18167496
2017-11-10 06:00:00,0,14.5,121.0,0001,0.32949448
2017-11-10 09:00:00,0,14.5,121.0,0001,0.020980835
2017-11-10 12:00:00,0,14.5,121.0,0001,0.0
2017-11-10 15:00:00,0,14.5,121.0,0001,0.024318695
2017-11-10 18:00:00,0,14.5,121.0,0001,0.0042915344
2017-11-10 21:00:00,0,14.5,121.0,0001,0.0
2017-11-11 00:00:00,0,14.5,121.0,0001,0.029563904
2017-11-11 03:00:00,0,14.5,121.0,0001,0.0705719
2017-11-11 06:00:00,0,14.5,121.0,0001,0.05865097
2017-11-11 09:00:00,0,14.5,121.0,0001,0.0
2017-11-11 12:00:00,0,14.5,121.0,0001,0.0014305115
2017-11-11 15:00:00,0,14.5,121.0,0001,0.0
2017-11-11 18:00:00,0,14.5,121.0,0001,0.0
2017-11-11 21:00:00,0,14.5,121.0,0001,0.0009536743
2017-11-12 00:00:00,0,14.5,121.0,0001,0.0014305115
2017-11-12 03:00:00,0,14.5,121.0,0001,0.015735626
2017-11-12 06:00:00,0,14.5,121.0,0001,0.0
2017-11-12 09:00:00,0,14.5,121.0,0001,0.0
2017-11-12 12:00:00,0,14.5,121.0,0001,0.0
2017-11-12 15:00:00,0,14.5,121.0,0001,0.015258789
2017-11-12 18:00:00,0,14.5,121.0,0001,0.0023841858
2017-11-12 21:00:00,0,14.5,121.0,0001,0.0009536743
2017-11-13 00:00:00,0,14.5,121.0,0001,0.0023841858
2017-11-13 03:00:00,0,14.5,121.0,0001,0.11301041
2017-11-13 06:00:00,0,14.5,121.0,0001,3.976822
2017-11-13 09:00:00,0,14.5,121.0,0001,0.3170967
2017-11-13 12:00:00,0,14.5,121.0,0001,0.005722046
2017-11-13 15:00:00,0,14.5,121.0,0001,0.0009536743
2017-11-13 18:00:00,0,14.5,121.0,0001,0.0071525574
2017-11-13 21:00:00,0,14.5,121.0,0001,0.00333786
2017-11-14 00:00:00,0,14.5,121.0,0001,0.005722046
2017-11-14 03:00:00,0,14.5,121.0,0001,0.06484985
2017-11-14 06:00:00,0,14.5,121.0,0001,0.049591064
2017-11-14 09:00:00,0,14.5,121.0,0001,0.17929077
2017-11-14 12:00:00,0,14.5,121.0,0001,0.0009536743
2017-11-14 15:00:00,0,14.5,121.0,0001,0.0019073486
2017-11-14 18:00:00,0,14.5,121.0,0001,0.0038146973
2017-11-14 21:00:00,0,14.5,121.0,0001,0.0
2017-11-15 00:00:00,0,14.5,121.0,0001,0.0
2017-11-15 03:00:00,0,14.5,121.0,0001,0.0019073486
2017-11-15 06:00:00,0,14.5,121.0,0001,0.002861023
2017-11-15 09:00:00,0,14.5,121.0,0001,0.0
2017-11-15 12:00:00,0,14.5,121.0,0001,0.0
2017-11-15 15:00:00,0,14.5,121.0,0001,0.0
2017-11-15 18:00:00,0,14.5,121.0,0001,0.0
2017-11-15 21:00:00,0,14.5,121.0,0001,0.0019073486
2017-11-16 00:00:00,0,14.5,121.0,0001,0.0166893
2017-11-16 03:00:00,0,14.5,121.0,0001,0.08916855
2017-11-16 06:00:00,0,14.5,121.0,0001,0.038146973
2017-11-16 09:00:00,0,14.5,121.0,0001,0.0
2017-11-16 12:00:00,0,14.5,121.0,0001,0.00047683716
2017-11-16 15:00:00,0,14.5,121.0,0001,0.0009536743
2017-11-16 18:00:00,0,14.5,121.0,0001,0.0019073486
2017-11-16 21:00:00,0,14.5,121.0,0001,0.008583069
2017-11-17 00:00:00,0,14.5,121.0,0001,0.07247925
2017-11-17 03:00:00,0,14.5,121.0,0001,0.04386902
2017-11-17 06:00:00,0,14.5,121.0,0001,0.15830994
2017-11-17 09:00:00,0,14.5,121.0,0001,0.0038146973
2017-11-17 12:00:00,0,14.5,121.0,0001,0.0009536743
2017-11-17 15:00:00,0,14.5,121.0,0001,0.036239624
2017-11-17 18:00:00,0,14.5,121.0,0001,0.00047683716
2017-11-17 21:00:00,0,14.5,121.0,0001,0.0
2017-11-18 00:00:00,0,14.5,121.0,0001,0.00047683716
2017-11-18 03:00:00,0,14.5,121.0,0001,0.0052452087
2017-11-18 06:00:00,0,14.5,121.0,0001,0.0019073486
2017-11-18 09:00:00,0,14.5,121.0,0001,0.0
2017-11-18 12:00:00,0,14.5,121.0,0001,0.0023841858
2017-11-18 15:00:00,0,14.5,121.0,0001,0.0
2017-11-18 18:00:00,0,14.5,121.0,0001,0.0
2017-11-18 21:00:00,0,14.5,121.0,0001,0.0
2017-11-19 00:00:00,0,14.5,121.0,0001,0.041007996
2017-11-19 03:00:00,0,14.5,121.0,0001,0.04863739
2017-11-19 06:00:00,0,14.5,121.0,0001,0.014305115
2017-11-19 09:00:00,0,14.5,121.0,0001,0.00333786
2017-11-19 12:00:00,0,14.5,121.0,0001,0.002861023
2017-11-19 15:00:00,0,14.5,121.0,0001,0.002861023
2017-11-19 18:00:00,0,14.5,121.0,0001,0.01001358
2017-11-19 21:00:00,0,14.5,121.0,0001,0.06580353
2017-11-20 00:00:00,0,14.5,121.0,0001,0.009536743
2017-11-20 03:00:00,0,14.5,121.0,0001,0.054359436
2017-11-20 06:00:00,0,14.5,121.0,0001,0.011444092
2017-11-20 09:00:00,0,14.5,121.0,0001,0.039100647
2017-11-20 12:00:00,0,14.5,121.0,0001,0.0019073486
2017-11-20 15:00:00,0,14.5,121.0,0001,0.0052452087
2017-11-20 18:00:00,0,14.5,121.0,0001,0.0047683716
2017-11-20 21:00:00,0,14.5,121.0,0001,0.0014305115
2017-11-21 00:00:00,0,14.5,121.0,0001,0.002861023
2017-11-21 03:00:00,0,14.5,121.0,0001,0.04673004
2017-11-21 06:00:00,0,14.5,121.0,0001,0.008106232
2017-11-21 09:00:00,0,14.5,121.0,0001,0.0
2017-11-21 12:00:00,0,14.5,121.0,0001,0.0019073486
2017-11-21 15:00:00,0,14.5,121.0,0001,0.0019073486
2017-11-21 18:00:00,0,14.5,121.0,0001,0.0019073486
2017-11-21 21:00:00,0,14.5,121.0,0001,0.0023841858
2017-11-22 00:00:00,0,14.5,121.0,0001,0.008583069
2017-11-22 03:00:00,0,14.5,121.0,0001,0.048160553
2017-11-22 06:00:00,0,14.5,121.0,0001,0.014305115
2017-11-22 09:00:00,0,14.5,121.0,0001,0.0009536743
2017-11-22 12:00:00,0,14.5,121.0,0001,0.0023841858
2017-11-22 15:00:00,0,14.5,121.0,0001,0.002861023
2017-11-22 18:00:00,0,14.5,121.0,0001,0.0009536743
2017-11-22 21:00:00,0,14.5,121.0,0001,0.00047683716
2017-11-23 00:00:00,0,14.5,121.0,0001,0.086307526
2017-11-23 03:00:00,0,14.5,121.0,0001,0.012397766
2017-11-23 06:00:00,0,14.5,121.0,0001,0.0038146973
2017-11-23 09:00:00,0,14.5,121.0,0001,0.01001358
2017-11-23 12:00:00,0,14.5,121.0,0001,0.010967255
2017-11-23 15:00:00,0,14.5,121.0,0001,0.0371933
2017-11-23 18:00:00,0,14.5,121.0,0001,0.034332275
2017-11-23 21:00:00,0,14.5,121.0,0001,0.07534027
2017-11-24 00:00:00,0,14.5,121.0,0001,0.05054474
2017-11-24 03:00:00,0,14.5,121.0,0001,0.19693375
2017-11-24 06:00:00,0,14.5,121.0,0001,0.08583069
2017-11-24 09:00:00,0,14.5,121.0,0001,0.069618225
2017-11-24 12:00:00,0,14.5,121.0,0001,0.09059906
2017-11-24 15:00:00,0,14.5,121.0,0001,0.076293945
2017-11-24 18:00:00,0,14.5,121.0,0001,0.08916855
2017-11-24 21:00:00,0,14.5,121.0,0001,0.1001358
2017-11-25 00:00:00,0,14.5,121.0,0001,0.0371933
2017-11-25 03:00:00,0,14.5,121.0,0001,0.166893
2017-11-25 06:00:00,0,14.5,121.0,0001,0.05722046
2017-11-25 09:00:00,0,14.5,121.0,0001,0.030994415
2017-11-25 12:00:00,0,14.5,121.0,0001,0.02336502
2017-11-25 15:00:00,0,14.5,121.0,0001,0.02002716
2017-11-25 18:00:00,0,14.5,121.0,0001,0.027179718
2017-11-25 21:00:00,0,14.5,121.0,0001,0.020980835
2017-11-26 00:00:00,0,14.5,121.0,0001,0.06532669
2017-11-26 03:00:00,0,14.5,121.0,0001,0.0042915344
2017-11-26 06:00:00,0,14.5,121.0,0001,0.0
2017-11-26 09:00:00,0,14.5,121.0,0001,0.0
2017-11-26 12:00:00,0,14.5,121.0,0001,0.0
2017-11-26 15:00:00,0,14.5,121.0,0001,0.0
2017-11-26 18:00:00,0,14.5,121.0,0001,0.0076293945
2017-11-26 21:00:00,0,14.5,121.0,0001,0.02002716
2017-11-27 00:00:00,0,14.5,121.0,0001,0.041484833
2017-11-27 03:00:00,0,14.5,121.0,0001,0.005722046
2017-11-27 06:00:00,0,14.5,121.0,0001,0.0
2017-11-27 09:00:00,0,14.5,121.0,0001,0.0019073486
2017-11-27 12:00:00,0,14.5,121.0,0001,0.017642975
2017-11-27 15:00:00,0,14.5,121.0,0001,0.0071525574
2017-11-27 18:00:00,0,14.5,121.0,0001,0.0
2017-11-27 21:00:00,0,14.5,121.0,0001,0.002861023
2017-11-28 00:00:00,0,14.5,121.0,0001,0.00047683716
2017-11-28 03:00:00,0,14.5,121.0,0001,0.011444092
2017-11-28 06:00:00,0,14.5,121.0,0001,0.0
2017-11-28 09:00:00,0,14.5,121.0,0001,0.002861023
2017-11-28 12:00:00,0,14.5,121.0,0001,0.019550323
2017-11-28 15:00:00,0,14.5,121.0,0001,0.00667572
2017-11-28 18:00:00,0,14.5,121.0,0001,0.01001358
2017-11-28 21:00:00,0,14.5,121.0,0001,0.0009536743
2017-11-29 00:00:00,0,14.5,121.0,0001,0.0071525574
2017-11-29 03:00:00,0,14.5,121.0,0001,0.1282692
2017-11-29 06:00:00,0,14.5,121.0,0001,0.08678436
2017-11-29 09:00:00,0,14.5,121.0,0001,0.0071525574
2017-11-29 12:00:00,0,14.5,121.0,0001,0.022411346
2017-11-29 15:00:00,0,14.5,121.0,0001,0.030517578
2017-11-29 18:00:00,0,14.5,121.0,0001,0.015258789
2017-11-29 21:00:00,0,14.5,121.0,0001,0.012397766
2017-11-30 00:00:00,0,14.5,121.0,0001,0.02861023
2017-11-30 03:00:00,0,14.5,121.0,0001,0.04673004
2017-11-30 06:00:00,0,14.5,121.0,0001,0.06580353
2017-11-30 09:00:00,0,14.5,121.0,0001,0.0019073486
2017-11-30 12:00:00,0,14.5,121.0,0001,0.012874603
2017-11-30 15:00:00,0,14.5,121.0,0001,0.022411346
2017-11-30 18:00:00,0,14.5,121.0,0001,0.0104904175
2017-11-30 21:00:00,0,14.5,121.0,0001,0.006198883
